system,method,method_label,sparse_factor,obs_dt,noise,seed,upsample,pod_rank,rank_mode,rank_cv_error,rank_cv_folds,rank_grid,spline_alpha,spline_cv_error,spline_cv_folds,gp_kernel,gp_cv_error,gp_cv_folds,gp_cv_spatial_points,support_f1,coef_error,practical_score,threshold,status
burgers,pod_edmd_rbf,POD-EDMD-RBF,4,0.02,0.0,0,5,8,system,,0,,,,0,,,0,0,1.0,0.002473586523718748,0.9975325170089555,0.003,ok
burgers,pod_edmd_rbf,POD-EDMD-RBF,4,0.02,0.0,1,5,8,system,,0,,,,0,,,0,0,1.0,0.002416048146163313,0.9975897750733027,0.003,ok
burgers,pod_edmd_rbf,POD-EDMD-RBF,4,0.02,0.0,2,5,8,system,,0,,,,0,,,0,0,1.0,0.0023673572280914572,0.9976382339159187,0.003,ok
burgers,pod_edmd_rbf,POD-EDMD-RBF,4,0.02,0.0,3,5,8,system,,0,,,,0,,,0,0,1.0,0.002206359642940426,0.9977984976629698,0.003,ok
burgers,pod_edmd_rbf,POD-EDMD-RBF,4,0.02,0.0,4,5,8,system,,0,,,,0,,,0,0,1.0,0.0025081149392128087,0.9974981599631592,0.003,ok
burgers,pod_edmd_rbf,POD-EDMD-RBF,4,0.02,0.0,5,5,8,system,,0,,,,0,,,0,0,1.0,0.0024000435467631614,0.9976057028706111,0.003,ok
burgers,pod_edmd_rbf,POD-EDMD-RBF,4,0.02,0.0,6,5,8,system,,0,,,,0,,,0,0,1.0,0.002375094015917335,0.9976305336893381,0.003,ok
burgers,pod_edmd_rbf,POD-EDMD-RBF,4,0.02,0.0,7,5,8,system,,0,,,,0,,,0,0,1.0,0.0023209370780816257,0.9976844371974833,0.003,ok
burgers,pod_edmd_rbf,POD-EDMD-RBF,4,0.02,0.01,0,5,8,system,,0,,,,0,,,0,0,1.0,0.014171234990791568,0.9860267827543735,0.01,ok
burgers,pod_edmd_rbf,POD-EDMD-RBF,4,0.02,0.01,1,5,8,system,,0,,,,0,,,0,0,1.0,0.012887864152144568,0.9872761194913391,0.01,ok
burgers,pod_edmd_rbf,POD-EDMD-RBF,4,0.02,0.01,2,5,8,system,,0,,,,0,,,0,0,1.0,0.014077606368812919,0.9861178214759898,0.01,ok
burgers,pod_edmd_rbf,POD-EDMD-RBF,4,0.02,0.01,3,5,8,system,,0,,,,0,,,0,0,1.0,0.013457629852555492,0.9867210730314266,0.01,ok
burgers,pod_edmd_rbf,POD-EDMD-RBF,4,0.02,0.01,4,5,8,system,,0,,,,0,,,0,0,1.0,0.015828436210035778,0.9844181993279394,0.01,ok
burgers,pod_edmd_rbf,POD-EDMD-RBF,4,0.02,0.01,5,5,8,system,,0,,,,0,,,0,0,1.0,0.018751839376210458,0.9815933197355576,0.01,ok
burgers,pod_edmd_rbf,POD-EDMD-RBF,4,0.02,0.01,6,5,8,system,,0,,,,0,,,0,0,1.0,0.01621636579711941,0.9840424083463767,0.01,ok
burgers,pod_edmd_rbf,POD-EDMD-RBF,4,0.02,0.01,7,5,8,system,,0,,,,0,,,0,0,1.0,0.016501388928315874,0.9837664865901333,0.01,ok
burgers,pod_edmd_rbf,POD-EDMD-RBF,4,0.02,0.03,0,5,8,system,,0,,,,0,,,0,0,0.6666666666666666,0.17662933070506867,0.5665902160259609,0.1,ok
burgers,pod_edmd_rbf,POD-EDMD-RBF,4,0.02,0.03,1,5,8,system,,0,,,,0,,,0,0,0.6666666666666666,0.1666175460320602,0.5714526315279213,0.1,ok
burgers,pod_edmd_rbf,POD-EDMD-RBF,4,0.02,0.03,2,5,8,system,,0,,,,0,,,0,0,0.6666666666666666,0.16863840796774915,0.5704644500140924,0.1,ok
burgers,pod_edmd_rbf,POD-EDMD-RBF,4,0.02,0.03,3,5,8,system,,0,,,,0,,,0,0,0.6666666666666666,0.178534340222263,0.5656743668079609,0.1,ok
burgers,pod_edmd_rbf,POD-EDMD-RBF,4,0.02,0.03,4,5,8,system,,0,,,,0,,,0,0,0.6666666666666666,0.16613436921791805,0.5716894075541008,0.1,ok
burgers,pod_edmd_rbf,POD-EDMD-RBF,4,0.02,0.03,5,5,8,system,,0,,,,0,,,0,0,0.6666666666666666,0.16595961032068185,0.5717750947507596,0.1,ok
burgers,pod_edmd_rbf,POD-EDMD-RBF,4,0.02,0.03,6,5,8,system,,0,,,,0,,,0,0,0.6666666666666666,0.17271177158673345,0.5684829664194773,0.1,ok
burgers,pod_edmd_rbf,POD-EDMD-RBF,4,0.02,0.03,7,5,8,system,,0,,,,0,,,0,0,0.6666666666666666,0.1789786089110457,0.5654612065289532,0.1,ok
burgers,pod_edmd_rbf,POD-EDMD-RBF,4,0.02,0.05,0,5,8,system,,0,,,,0,,,0,0,0.6666666666666666,0.2176305189906591,0.5475114628526988,0.1,ok
burgers,pod_edmd_rbf,POD-EDMD-RBF,4,0.02,0.05,1,5,8,system,,0,,,,0,,,0,0,0.6666666666666666,0.21428225552290672,0.5490211716711447,0.1,ok
burgers,pod_edmd_rbf,POD-EDMD-RBF,4,0.02,0.05,2,5,8,system,,0,,,,0,,,0,0,0.6666666666666666,0.21856655602828404,0.5470908941072175,0.1,ok
burgers,pod_edmd_rbf,POD-EDMD-RBF,4,0.02,0.05,3,5,8,system,,0,,,,0,,,0,0,0.6666666666666666,0.2177323714105733,0.5474656684164734,0.1,ok
burgers,pod_edmd_rbf,POD-EDMD-RBF,4,0.02,0.05,4,5,8,system,,0,,,,0,,,0,0,0.6666666666666666,0.22405086614269826,0.5446396756104639,0.1,ok
burgers,pod_edmd_rbf,POD-EDMD-RBF,4,0.02,0.05,5,5,8,system,,0,,,,0,,,0,0,0.6666666666666666,0.2120144419394684,0.5500484512378128,0.1,ok
burgers,pod_edmd_rbf,POD-EDMD-RBF,4,0.02,0.05,6,5,8,system,,0,,,,0,,,0,0,0.6666666666666666,0.2077521027726596,0.5519896551090139,0.1,ok
burgers,pod_edmd_rbf,POD-EDMD-RBF,4,0.02,0.05,7,5,8,system,,0,,,,0,,,0,0,0.6666666666666666,0.2267994966288718,0.5434194165375867,0.1,ok
burgers,pod_edmd_rbf,POD-EDMD-RBF,4,0.02,0.1,0,5,8,system,,0,,,,0,,,0,0,0.6666666666666666,0.34240485843879287,0.49662116646538,0.1,ok
burgers,pod_edmd_rbf,POD-EDMD-RBF,4,0.02,0.1,1,5,8,system,,0,,,,0,,,0,0,0.6666666666666666,0.4237355312480938,0.46825175886580883,0.1,ok
burgers,pod_edmd_rbf,POD-EDMD-RBF,4,0.02,0.1,2,5,8,system,,0,,,,0,,,0,0,0.6666666666666666,0.6099443906037036,0.414092977718738,0.3,ok
burgers,pod_edmd_rbf,POD-EDMD-RBF,4,0.02,0.1,3,5,8,system,,0,,,,0,,,0,0,0.6666666666666666,0.5912371376736084,0.4189612288972431,0.3,ok
burgers,pod_edmd_rbf,POD-EDMD-RBF,4,0.02,0.1,4,5,8,system,,0,,,,0,,,0,0,0.6666666666666666,0.344162474283419,0.49597178869471903,0.1,ok
burgers,pod_edmd_rbf,POD-EDMD-RBF,4,0.02,0.1,5,5,8,system,,0,,,,0,,,0,0,0.6666666666666666,0.42443525133097043,0.46802174127868823,0.1,ok
burgers,pod_edmd_rbf,POD-EDMD-RBF,4,0.02,0.1,6,5,8,system,,0,,,,0,,,0,0,0.6666666666666666,0.4230338330355512,0.468482653883614,0.1,ok
burgers,pod_edmd_rbf,POD-EDMD-RBF,4,0.02,0.1,7,5,8,system,,0,,,,0,,,0,0,0.6666666666666666,0.6741537844097912,0.3982111278395457,0.1,ok
burgers,pod_edmd_rbf,POD-EDMD-RBF,8,0.04,0.0,0,5,8,system,,0,,,,0,,,0,0,1.0,0.002181512111869031,0.9978232365240184,0.003,ok
burgers,pod_edmd_rbf,POD-EDMD-RBF,8,0.04,0.0,1,5,8,system,,0,,,,0,,,0,0,1.0,0.002181441191654087,0.9978233071358215,0.003,ok
burgers,pod_edmd_rbf,POD-EDMD-RBF,8,0.04,0.0,2,5,8,system,,0,,,,0,,,0,0,1.0,0.002181483119050207,0.9978232653907544,0.003,ok
burgers,pod_edmd_rbf,POD-EDMD-RBF,8,0.04,0.0,3,5,8,system,,0,,,,0,,,0,0,1.0,0.002181458161704815,0.9978232902395677,0.003,ok
burgers,pod_edmd_rbf,POD-EDMD-RBF,8,0.04,0.0,4,5,8,system,,0,,,,0,,,0,0,1.0,0.0021814782305944027,0.9978232702579517,0.003,ok
burgers,pod_edmd_rbf,POD-EDMD-RBF,8,0.04,0.0,5,5,8,system,,0,,,,0,,,0,0,1.0,0.002181471813337275,0.9978232766473021,0.003,ok
burgers,pod_edmd_rbf,POD-EDMD-RBF,8,0.04,0.0,6,5,8,system,,0,,,,0,,,0,0,1.0,0.002181079112112254,0.9978236676409372,0.003,ok
burgers,pod_edmd_rbf,POD-EDMD-RBF,8,0.04,0.0,7,5,8,system,,0,,,,0,,,0,0,1.0,0.002181542084099899,0.9978232066821315,0.003,ok
burgers,pod_edmd_rbf,POD-EDMD-RBF,8,0.04,0.01,0,5,8,system,,0,,,,0,,,0,0,1.0,0.03327011879672073,0.9678011410651601,0.03,ok
burgers,pod_edmd_rbf,POD-EDMD-RBF,8,0.04,0.01,1,5,8,system,,0,,,,0,,,0,0,1.0,0.023608826049645346,0.9769356951124019,0.03,ok
burgers,pod_edmd_rbf,POD-EDMD-RBF,8,0.04,0.01,2,5,8,system,,0,,,,0,,,0,0,1.0,0.028761254743836815,0.9720428285851431,0.03,ok
burgers,pod_edmd_rbf,POD-EDMD-RBF,8,0.04,0.01,3,5,8,system,,0,,,,0,,,0,0,1.0,0.021975549470882972,0.9784969909678755,0.03,ok
burgers,pod_edmd_rbf,POD-EDMD-RBF,8,0.04,0.01,4,5,8,system,,0,,,,0,,,0,0,1.0,0.02871777310516612,0.9720839146985065,0.03,ok
burgers,pod_edmd_rbf,POD-EDMD-RBF,8,0.04,0.01,5,5,8,system,,0,,,,0,,,0,0,1.0,0.025412794444069325,0.9752170105719745,0.03,ok
burgers,pod_edmd_rbf,POD-EDMD-RBF,8,0.04,0.01,6,5,8,system,,0,,,,0,,,0,0,1.0,0.02613035576186584,0.9745350523789301,0.03,ok
burgers,pod_edmd_rbf,POD-EDMD-RBF,8,0.04,0.01,7,5,8,system,,0,,,,0,,,0,0,1.0,0.0278546042012658,0.9729002486466349,0.03,ok
burgers,pod_edmd_rbf,POD-EDMD-RBF,8,0.04,0.03,0,5,8,system,,0,,,,0,,,0,0,0.6666666666666666,0.21658238211141073,0.5479831670007,0.1,ok
burgers,pod_edmd_rbf,POD-EDMD-RBF,8,0.04,0.03,1,5,8,system,,0,,,,0,,,0,0,0.6666666666666666,0.21643847588188436,0.5480479941111298,0.1,ok
burgers,pod_edmd_rbf,POD-EDMD-RBF,8,0.04,0.03,2,5,8,system,,0,,,,0,,,0,0,0.6666666666666666,0.2949951659786516,0.514802436473077,0.1,ok
burgers,pod_edmd_rbf,POD-EDMD-RBF,8,0.04,0.03,3,5,8,system,,0,,,,0,,,0,0,0.6666666666666666,0.19165945248065586,0.559443946237223,0.1,ok
burgers,pod_edmd_rbf,POD-EDMD-RBF,8,0.04,0.03,4,5,8,system,,0,,,,0,,,0,0,0.6666666666666666,0.19035447975470732,0.5600572585773312,0.1,ok
burgers,pod_edmd_rbf,POD-EDMD-RBF,8,0.04,0.03,5,5,8,system,,0,,,,0,,,0,0,0.6666666666666666,0.18417747820447047,0.5629786741743403,0.1,ok
burgers,pod_edmd_rbf,POD-EDMD-RBF,8,0.04,0.03,6,5,8,system,,0,,,,0,,,0,0,0.6666666666666666,0.18407379495784984,0.5630279713186274,0.1,ok
burgers,pod_edmd_rbf,POD-EDMD-RBF,8,0.04,0.03,7,5,8,system,,0,,,,0,,,0,0,0.6666666666666666,0.19910324827057396,0.5559710288735998,0.1,ok
burgers,pod_edmd_rbf,POD-EDMD-RBF,8,0.04,0.05,0,5,8,system,,0,,,,0,,,0,0,0.6666666666666666,0.26664258672760005,0.526325795178745,0.1,ok
burgers,pod_edmd_rbf,POD-EDMD-RBF,8,0.04,0.05,1,5,8,system,,0,,,,0,,,0,0,0.6666666666666666,0.26068553184598425,0.5288128163813275,0.1,ok
burgers,pod_edmd_rbf,POD-EDMD-RBF,8,0.04,0.05,2,5,8,system,,0,,,,0,,,0,0,0.6666666666666666,0.27061151201185085,0.5246817460445367,0.1,ok
burgers,pod_edmd_rbf,POD-EDMD-RBF,8,0.04,0.05,3,5,8,system,,0,,,,0,,,0,0,0.6666666666666666,0.30717678438647417,0.5100049776201984,0.1,ok
burgers,pod_edmd_rbf,POD-EDMD-RBF,8,0.04,0.05,4,5,8,system,,0,,,,0,,,0,0,0.6666666666666666,0.25997704734166777,0.5291101675806057,0.1,ok
burgers,pod_edmd_rbf,POD-EDMD-RBF,8,0.04,0.05,5,5,8,system,,0,,,,0,,,0,0,0.6666666666666666,0.27912407421335717,0.5211899925162905,0.1,ok
burgers,pod_edmd_rbf,POD-EDMD-RBF,8,0.04,0.05,6,5,8,system,,0,,,,0,,,0,0,0.6666666666666666,0.252351624686157,0.5323318575433919,0.1,ok
burgers,pod_edmd_rbf,POD-EDMD-RBF,8,0.04,0.05,7,5,8,system,,0,,,,0,,,0,0,0.6666666666666666,0.278565727356198,0.5214175950462802,0.1,ok
burgers,pod_edmd_rbf,POD-EDMD-RBF,8,0.04,0.1,0,5,8,system,,0,,,,0,,,0,0,0.6666666666666666,0.7149838813176542,0.3887305728812181,0.1,ok
burgers,pod_edmd_rbf,POD-EDMD-RBF,8,0.04,0.1,1,5,8,system,,0,,,,0,,,0,0,0.6666666666666666,0.5795599586576884,0.42205847458503604,0.3,ok
burgers,pod_edmd_rbf,POD-EDMD-RBF,8,0.04,0.1,2,5,8,system,,0,,,,0,,,0,0,0.6666666666666666,0.5639191583408755,0.4262794934834851,0.1,ok
burgers,pod_edmd_rbf,POD-EDMD-RBF,8,0.04,0.1,3,5,8,system,,0,,,,0,,,0,0,0.6666666666666666,0.5755185130099744,0.42314111904215124,0.1,ok
burgers,pod_edmd_rbf,POD-EDMD-RBF,8,0.04,0.1,4,5,8,system,,0,,,,0,,,0,0,0.6666666666666666,0.6559864310452584,0.40257978819661383,0.1,ok
burgers,pod_edmd_rbf,POD-EDMD-RBF,8,0.04,0.1,5,5,8,system,,0,,,,0,,,0,0,0.6666666666666666,0.5308980969133755,0.43547422784757,0.3,ok
burgers,pod_edmd_rbf,POD-EDMD-RBF,8,0.04,0.1,6,5,8,system,,0,,,,0,,,0,0,0.6666666666666666,0.56018713981169,0.4272991679364383,0.1,ok
burgers,pod_edmd_rbf,POD-EDMD-RBF,8,0.04,0.1,7,5,8,system,,0,,,,0,,,0,0,0.6666666666666666,0.5648034412141839,0.4260385995504825,0.3,ok
burgers,pod_edmd_rbf,POD-EDMD-RBF,16,0.08,0.0,0,5,8,system,,0,,,,0,,,0,0,1.0,0.002141693914445512,0.9978628831357372,0.003,ok
burgers,pod_edmd_rbf,POD-EDMD-RBF,16,0.08,0.0,1,5,8,system,,0,,,,0,,,0,0,1.0,0.002141695357600048,0.9978628816987444,0.003,ok
burgers,pod_edmd_rbf,POD-EDMD-RBF,16,0.08,0.0,2,5,8,system,,0,,,,0,,,0,0,1.0,0.0021416943650263906,0.9978628826870801,0.003,ok
burgers,pod_edmd_rbf,POD-EDMD-RBF,16,0.08,0.0,3,5,8,system,,0,,,,0,,,0,0,1.0,0.002141695461268532,0.9978628815955185,0.003,ok
burgers,pod_edmd_rbf,POD-EDMD-RBF,16,0.08,0.0,4,5,8,system,,0,,,,0,,,0,0,1.0,0.002141694526065388,0.9978628825267286,0.003,ok
burgers,pod_edmd_rbf,POD-EDMD-RBF,16,0.08,0.0,5,5,8,system,,0,,,,0,,,0,0,1.0,0.00214169497615372,0.9978628820785621,0.003,ok
burgers,pod_edmd_rbf,POD-EDMD-RBF,16,0.08,0.0,6,5,8,system,,0,,,,0,,,0,0,1.0,0.002141694953303277,0.9978628821013149,0.003,ok
burgers,pod_edmd_rbf,POD-EDMD-RBF,16,0.08,0.0,7,5,8,system,,0,,,,0,,,0,0,1.0,0.00214169421944335,0.9978628828320415,0.003,ok
burgers,pod_edmd_rbf,POD-EDMD-RBF,16,0.08,0.01,0,5,8,system,,0,,,,0,,,0,0,1.0,0.04032691480255438,0.9612363054067402,0.03,ok
burgers,pod_edmd_rbf,POD-EDMD-RBF,16,0.08,0.01,1,5,8,system,,0,,,,0,,,0,0,1.0,0.0477520143308578,0.9544243163671182,0.03,ok
burgers,pod_edmd_rbf,POD-EDMD-RBF,16,0.08,0.01,2,5,8,system,,0,,,,0,,,0,0,1.0,0.04564093254417204,0.9563512376728386,0.03,ok
burgers,pod_edmd_rbf,POD-EDMD-RBF,16,0.08,0.01,3,5,8,system,,0,,,,0,,,0,0,1.0,0.04360744308098873,0.9582147067174523,0.03,ok
burgers,pod_edmd_rbf,POD-EDMD-RBF,16,0.08,0.01,4,5,8,system,,0,,,,0,,,0,0,1.0,0.04025617475737513,0.9613016719013812,0.03,ok
burgers,pod_edmd_rbf,POD-EDMD-RBF,16,0.08,0.01,5,5,8,system,,0,,,,0,,,0,0,1.0,0.04333692099816163,0.958463157848664,0.03,ok
burgers,pod_edmd_rbf,POD-EDMD-RBF,16,0.08,0.01,6,5,8,system,,0,,,,0,,,0,0,1.0,0.040234659430372965,0.9613215546457516,0.03,ok
burgers,pod_edmd_rbf,POD-EDMD-RBF,16,0.08,0.01,7,5,8,system,,0,,,,0,,,0,0,1.0,0.04134722257832404,0.9602944899819771,0.03,ok
burgers,pod_edmd_rbf,POD-EDMD-RBF,16,0.08,0.03,0,5,8,system,,0,,,,0,,,0,0,0.6666666666666666,0.22509892918228033,0.5441737404110281,0.1,ok
burgers,pod_edmd_rbf,POD-EDMD-RBF,16,0.08,0.03,1,5,8,system,,0,,,,0,,,0,0,0.6666666666666666,0.21625628316206408,0.5481300905870301,0.1,ok
burgers,pod_edmd_rbf,POD-EDMD-RBF,16,0.08,0.03,2,5,8,system,,0,,,,0,,,0,0,0.6666666666666666,0.23012472821326957,0.541950463539568,0.1,ok
burgers,pod_edmd_rbf,POD-EDMD-RBF,16,0.08,0.03,3,5,8,system,,0,,,,0,,,0,0,0.6666666666666666,0.23196854046544982,0.5411393593011664,0.1,ok
burgers,pod_edmd_rbf,POD-EDMD-RBF,16,0.08,0.03,4,5,8,system,,0,,,,0,,,0,0,0.6666666666666666,0.2582221522114821,0.5298481396905284,0.1,ok
burgers,pod_edmd_rbf,POD-EDMD-RBF,16,0.08,0.03,5,5,8,system,,0,,,,0,,,0,0,0.6666666666666666,0.22920827835194565,0.5423545207167791,0.1,ok
burgers,pod_edmd_rbf,POD-EDMD-RBF,16,0.08,0.03,6,5,8,system,,0,,,,0,,,0,0,0.6666666666666666,0.22942937118352216,0.5422569870971062,0.1,ok
burgers,pod_edmd_rbf,POD-EDMD-RBF,16,0.08,0.03,7,5,8,system,,0,,,,0,,,0,0,0.6666666666666666,0.7301005120413251,0.38533406702485423,0.1,ok
burgers,pod_edmd_rbf,POD-EDMD-RBF,16,0.08,0.05,0,5,8,system,,0,,,,0,,,0,0,0.6666666666666666,0.31837688084530696,0.5056722977721047,0.1,ok
burgers,pod_edmd_rbf,POD-EDMD-RBF,16,0.08,0.05,1,5,8,system,,0,,,,0,,,0,0,0.6666666666666666,0.4181125262282717,0.47010843944788216,0.1,ok
burgers,pod_edmd_rbf,POD-EDMD-RBF,16,0.08,0.05,2,5,8,system,,0,,,,0,,,0,0,0.6666666666666666,0.6049214749555225,0.41538896268126896,0.1,ok
burgers,pod_edmd_rbf,POD-EDMD-RBF,16,0.08,0.05,3,5,8,system,,0,,,,0,,,0,0,0.6666666666666666,0.3238305065945161,0.5035891402605847,0.1,ok
burgers,pod_edmd_rbf,POD-EDMD-RBF,16,0.08,0.05,4,5,8,system,,0,,,,0,,,0,0,0.6666666666666666,0.47113553337346653,0.45316468234434576,0.1,ok
burgers,pod_edmd_rbf,POD-EDMD-RBF,16,0.08,0.05,5,5,8,system,,0,,,,0,,,0,0,0.6666666666666666,0.29934254186034026,0.5130799963742919,0.1,ok
burgers,pod_edmd_rbf,POD-EDMD-RBF,16,0.08,0.05,6,5,8,system,,0,,,,0,,,0,0,0.6666666666666666,0.315499762114879,0.5067782495033614,0.1,ok
burgers,pod_edmd_rbf,POD-EDMD-RBF,16,0.08,0.05,7,5,8,system,,0,,,,0,,,0,0,0.6666666666666666,0.35204234090864645,0.4930812050003036,0.1,ok
burgers,pod_edmd_rbf,POD-EDMD-RBF,16,0.08,0.1,0,5,8,system,,0,,,,0,,,0,0,0.6666666666666666,0.6442618690419246,0.40545042077459276,0.1,ok
burgers,pod_edmd_rbf,POD-EDMD-RBF,16,0.08,0.1,1,5,8,system,,0,,,,0,,,0,0,0.4,0.9866708852746267,0.2013418543377436,0.0,ok
burgers,pod_edmd_rbf,POD-EDMD-RBF,16,0.08,0.1,2,5,8,system,,0,,,,0,,,0,0,0.5,0.715314106672454,0.2914918020291644,0.1,ok
burgers,pod_edmd_rbf,POD-EDMD-RBF,16,0.08,0.1,3,5,8,system,,0,,,,0,,,0,0,0.6666666666666666,0.5879618963406564,0.4198253548797058,0.1,ok
burgers,pod_edmd_rbf,POD-EDMD-RBF,16,0.08,0.1,4,5,8,system,,0,,,,0,,,0,0,0.4,0.8976590003818634,0.21078602631953822,0.0,ok
burgers,pod_edmd_rbf,POD-EDMD-RBF,16,0.08,0.1,5,5,8,system,,0,,,,0,,,0,0,0.6666666666666666,0.6561221647466471,0.40254679326066084,0.3,ok
burgers,pod_edmd_rbf,POD-EDMD-RBF,16,0.08,0.1,6,5,8,system,,0,,,,0,,,0,0,0.6666666666666666,0.7172608502132051,0.388215143077359,0.1,ok
burgers,pod_edmd_rbf,POD-EDMD-RBF,16,0.08,0.1,7,5,8,system,,0,,,,0,,,0,0,0.4444444444444444,0.9815190352454903,0.22429481450294633,0.0003,ok
burgers,pod_edmd_rbf,POD-EDMD-RBF,32,0.16,0.0,0,5,8,system,,0,,,,0,,,0,0,1.0,0.004013757077043103,0.9960022887647195,0.003,ok
burgers,pod_edmd_rbf,POD-EDMD-RBF,32,0.16,0.0,1,5,8,system,,0,,,,0,,,0,0,1.0,0.004041518963926133,0.9959747491636634,0.003,ok
burgers,pod_edmd_rbf,POD-EDMD-RBF,32,0.16,0.0,2,5,8,system,,0,,,,0,,,0,0,1.0,0.004025338907683166,0.995990799483146,0.003,ok
burgers,pod_edmd_rbf,POD-EDMD-RBF,32,0.16,0.0,3,5,8,system,,0,,,,0,,,0,0,1.0,0.004011772843216901,0.9960042571693595,0.003,ok
burgers,pod_edmd_rbf,POD-EDMD-RBF,32,0.16,0.0,4,5,8,system,,0,,,,0,,,0,0,1.0,0.004011278518462876,0.9960047475518581,0.003,ok
burgers,pod_edmd_rbf,POD-EDMD-RBF,32,0.16,0.0,5,5,8,system,,0,,,,0,,,0,0,1.0,0.004017972732406312,0.995998106765488,0.003,ok
burgers,pod_edmd_rbf,POD-EDMD-RBF,32,0.16,0.0,6,5,8,system,,0,,,,0,,,0,0,1.0,0.0040269287096487225,0.9959892224057934,0.003,ok
burgers,pod_edmd_rbf,POD-EDMD-RBF,32,0.16,0.0,7,5,8,system,,0,,,,0,,,0,0,1.0,0.004017858673810455,0.9959982199130227,0.003,ok
burgers,pod_edmd_rbf,POD-EDMD-RBF,32,0.16,0.01,0,5,8,system,,0,,,,0,,,0,0,1.0,0.06411461196142026,0.9397483962340847,0.03,ok
burgers,pod_edmd_rbf,POD-EDMD-RBF,32,0.16,0.01,1,5,8,system,,0,,,,0,,,0,0,0.6666666666666666,0.1583665432239304,0.5755230678634937,0.1,ok
burgers,pod_edmd_rbf,POD-EDMD-RBF,32,0.16,0.01,2,5,8,system,,0,,,,0,,,0,0,0.8,0.06942618822937628,0.7480647180751587,0.03,ok
burgers,pod_edmd_rbf,POD-EDMD-RBF,32,0.16,0.01,3,5,8,system,,0,,,,0,,,0,0,0.6666666666666666,0.15732850882035132,0.5760392676632416,0.1,ok
burgers,pod_edmd_rbf,POD-EDMD-RBF,32,0.16,0.01,4,5,8,system,,0,,,,0,,,0,0,0.6666666666666666,0.1564138547223711,0.5764948802232384,0.1,ok
burgers,pod_edmd_rbf,POD-EDMD-RBF,32,0.16,0.01,5,5,8,system,,0,,,,0,,,0,0,0.6666666666666666,0.17058247505797938,0.5695170403380987,0.1,ok
burgers,pod_edmd_rbf,POD-EDMD-RBF,32,0.16,0.01,6,5,8,system,,0,,,,0,,,0,0,0.6666666666666666,0.1683892163222474,0.5705861174969941,0.1,ok
burgers,pod_edmd_rbf,POD-EDMD-RBF,32,0.16,0.01,7,5,8,system,,0,,,,0,,,0,0,0.6666666666666666,0.15618293804170102,0.5766100196875776,0.1,ok
burgers,pod_edmd_rbf,POD-EDMD-RBF,32,0.16,0.03,0,5,8,system,,0,,,,0,,,0,0,0.6666666666666666,0.2772740853725384,0.5219448780033943,0.1,ok
burgers,pod_edmd_rbf,POD-EDMD-RBF,32,0.16,0.03,1,5,8,system,,0,,,,0,,,0,0,0.6666666666666666,0.26564522505359256,0.526740553727003,0.1,ok
burgers,pod_edmd_rbf,POD-EDMD-RBF,32,0.16,0.03,2,5,8,system,,0,,,,0,,,0,0,0.6666666666666666,0.2615980992281405,0.5284303036557685,0.1,ok
burgers,pod_edmd_rbf,POD-EDMD-RBF,32,0.16,0.03,3,5,8,system,,0,,,,0,,,0,0,0.6666666666666666,0.26096958804140324,0.5286936917345995,0.1,ok
burgers,pod_edmd_rbf,POD-EDMD-RBF,32,0.16,0.03,4,5,8,system,,0,,,,0,,,0,0,0.6666666666666666,0.25844718632592856,0.5297533928404404,0.1,ok
burgers,pod_edmd_rbf,POD-EDMD-RBF,32,0.16,0.03,5,5,8,system,,0,,,,0,,,0,0,0.6666666666666666,0.24661695790297072,0.5347806817806469,0.1,ok
burgers,pod_edmd_rbf,POD-EDMD-RBF,32,0.16,0.03,6,5,8,system,,0,,,,0,,,0,0,0.6666666666666666,0.2533275020671824,0.5319173684189459,0.1,ok
burgers,pod_edmd_rbf,POD-EDMD-RBF,32,0.16,0.03,7,5,8,system,,0,,,,0,,,0,0,0.6666666666666666,0.2763950425328498,0.5223043371774213,0.1,ok
burgers,pod_edmd_rbf,POD-EDMD-RBF,32,0.16,0.05,0,5,8,system,,0,,,,0,,,0,0,0.6666666666666666,0.3695337735736338,0.4867836628278835,0.1,ok
burgers,pod_edmd_rbf,POD-EDMD-RBF,32,0.16,0.05,1,5,8,system,,0,,,,0,,,0,0,0.6666666666666666,0.42901619550150927,0.46652142135639113,0.1,ok
burgers,pod_edmd_rbf,POD-EDMD-RBF,32,0.16,0.05,2,5,8,system,,0,,,,0,,,0,0,0.6666666666666666,0.4653394707934152,0.45495714812465726,0.1,ok
burgers,pod_edmd_rbf,POD-EDMD-RBF,32,0.16,0.05,3,5,8,system,,0,,,,0,,,0,0,0.5,0.7926765041850999,0.2789125638857446,0.01,ok
burgers,pod_edmd_rbf,POD-EDMD-RBF,32,0.16,0.05,4,5,8,system,,0,,,,0,,,0,0,0.6666666666666666,0.4088547744575375,0.4731975777442062,0.1,ok
burgers,pod_edmd_rbf,POD-EDMD-RBF,32,0.16,0.05,5,5,8,system,,0,,,,0,,,0,0,0.6666666666666666,0.41484035196898045,0.47119568348392915,0.1,ok
burgers,pod_edmd_rbf,POD-EDMD-RBF,32,0.16,0.05,6,5,8,system,,0,,,,0,,,0,0,0.6666666666666666,0.37566910963920114,0.4846126601196376,0.1,ok
burgers,pod_edmd_rbf,POD-EDMD-RBF,32,0.16,0.05,7,5,8,system,,0,,,,0,,,0,0,0.6666666666666666,0.4401482278019279,0.46291531232461247,0.1,ok
burgers,pod_edmd_rbf,POD-EDMD-RBF,32,0.16,0.1,0,5,8,system,,0,,,,0,,,0,0,0.6666666666666666,0.657269738726295,0.40226805032899315,0.1,ok
burgers,pod_edmd_rbf,POD-EDMD-RBF,32,0.16,0.1,1,5,8,system,,0,,,,0,,,0,0,0.5,0.9064148867204727,0.26227239594217056,0.1,ok
burgers,pod_edmd_rbf,POD-EDMD-RBF,32,0.16,0.1,2,5,8,system,,0,,,,0,,,0,0,0.6666666666666666,0.712412134100241,0.3893143790510196,0.1,ok
burgers,pod_edmd_rbf,POD-EDMD-RBF,32,0.16,0.1,3,5,8,system,,0,,,,0,,,0,0,0.6666666666666666,0.8911637737784712,0.3525166227854993,0.1,ok
burgers,pod_edmd_rbf,POD-EDMD-RBF,32,0.16,0.1,4,5,8,system,,0,,,,0,,,0,0,0.6666666666666666,0.769453885092978,0.3767640808743856,0.1,ok
burgers,pod_edmd_rbf,POD-EDMD-RBF,32,0.16,0.1,5,5,8,system,,0,,,,0,,,0,0,0.6666666666666666,0.6538966306557031,0.4030884725863189,0.1,ok
burgers,pod_edmd_rbf,POD-EDMD-RBF,32,0.16,0.1,6,5,8,system,,0,,,,0,,,0,0,0.6666666666666666,0.8212182050432629,0.36605534955699065,0.1,ok
burgers,pod_edmd_rbf,POD-EDMD-RBF,32,0.16,0.1,7,5,8,system,,0,,,,0,,,0,0,0.5,0.8651713439263535,0.26807188606460947,0.1,ok
fisher_kpp,pod_edmd_rbf,POD-EDMD-RBF,4,0.02,0.0,0,5,5,system,,0,,,,0,,,0,0,1.0,0.0005106924122776737,0.9994895682613382,0.01,ok
fisher_kpp,pod_edmd_rbf,POD-EDMD-RBF,4,0.02,0.0,1,5,5,system,,0,,,,0,,,0,0,1.0,0.0005489933227515927,0.9994513079055445,0.01,ok
fisher_kpp,pod_edmd_rbf,POD-EDMD-RBF,4,0.02,0.0,2,5,5,system,,0,,,,0,,,0,0,1.0,0.0005313409728843031,0.9994689412004151,0.01,ok
fisher_kpp,pod_edmd_rbf,POD-EDMD-RBF,4,0.02,0.0,3,5,5,system,,0,,,,0,,,0,0,1.0,0.0005075251925878725,0.9994927322585703,0.01,ok
fisher_kpp,pod_edmd_rbf,POD-EDMD-RBF,4,0.02,0.0,4,5,5,system,,0,,,,0,,,0,0,1.0,0.0005134313280095511,0.999486832148442,0.01,ok
fisher_kpp,pod_edmd_rbf,POD-EDMD-RBF,4,0.02,0.0,5,5,5,system,,0,,,,0,,,0,0,1.0,0.0005241216880368998,0.9994761528716043,0.01,ok
fisher_kpp,pod_edmd_rbf,POD-EDMD-RBF,4,0.02,0.0,6,5,5,system,,0,,,,0,,,0,0,1.0,0.0005286807643402295,0.9994715985913203,0.01,ok
fisher_kpp,pod_edmd_rbf,POD-EDMD-RBF,4,0.02,0.0,7,5,5,system,,0,,,,0,,,0,0,1.0,0.0005122975317880616,0.9994879647825899,0.01,ok
fisher_kpp,pod_edmd_rbf,POD-EDMD-RBF,4,0.02,0.01,0,5,5,system,,0,,,,0,,,0,0,0.8,0.04444473523194827,0.7659572335556246,0.03,ok
fisher_kpp,pod_edmd_rbf,POD-EDMD-RBF,4,0.02,0.01,1,5,5,system,,0,,,,0,,,0,0,0.8571428571428571,0.02963242111197192,0.8324746186771865,0.01,ok
fisher_kpp,pod_edmd_rbf,POD-EDMD-RBF,4,0.02,0.01,2,5,5,system,,0,,,,0,,,0,0,0.8571428571428571,0.019209982795917457,0.8409875017035502,0.01,ok
fisher_kpp,pod_edmd_rbf,POD-EDMD-RBF,4,0.02,0.01,3,5,5,system,,0,,,,0,,,0,0,0.8571428571428571,0.02352228375464968,0.8374442557308546,0.01,ok
fisher_kpp,pod_edmd_rbf,POD-EDMD-RBF,4,0.02,0.01,4,5,5,system,,0,,,,0,,,0,0,0.8571428571428571,0.030651425457625215,0.8316515516022038,0.03,ok
fisher_kpp,pod_edmd_rbf,POD-EDMD-RBF,4,0.02,0.01,5,5,5,system,,0,,,,0,,,0,0,0.8,0.03817273543006513,0.7705846750720133,0.03,ok
fisher_kpp,pod_edmd_rbf,POD-EDMD-RBF,4,0.02,0.01,6,5,5,system,,0,,,,0,,,0,0,0.8,0.04128292299251184,0.7682830308029099,0.03,ok
fisher_kpp,pod_edmd_rbf,POD-EDMD-RBF,4,0.02,0.01,7,5,5,system,,0,,,,0,,,0,0,0.8571428571428571,0.027066613004551814,0.8345542989031602,0.01,ok
fisher_kpp,pod_edmd_rbf,POD-EDMD-RBF,4,0.02,0.03,0,5,5,system,,0,,,,0,,,0,0,0.8,0.047333761130723635,0.763844372911557,0.1,ok
fisher_kpp,pod_edmd_rbf,POD-EDMD-RBF,4,0.02,0.03,1,5,5,system,,0,,,,0,,,0,0,0.8,0.04403097418781985,0.7662607908949655,0.03,ok
fisher_kpp,pod_edmd_rbf,POD-EDMD-RBF,4,0.02,0.03,2,5,5,system,,0,,,,0,,,0,0,0.8,0.04134708321354788,0.768235694799507,0.1,ok
fisher_kpp,pod_edmd_rbf,POD-EDMD-RBF,4,0.02,0.03,3,5,5,system,,0,,,,0,,,0,0,0.8,0.041555654531789624,0.7680818557503045,0.1,ok
fisher_kpp,pod_edmd_rbf,POD-EDMD-RBF,4,0.02,0.03,4,5,5,system,,0,,,,0,,,0,0,0.8,0.04583791834533766,0.7649368855029777,0.1,ok
fisher_kpp,pod_edmd_rbf,POD-EDMD-RBF,4,0.02,0.03,5,5,5,system,,0,,,,0,,,0,0,0.8,0.03201820353392303,0.7751801249828474,0.03,ok
fisher_kpp,pod_edmd_rbf,POD-EDMD-RBF,4,0.02,0.03,6,5,5,system,,0,,,,0,,,0,0,0.8,0.041177262666360626,0.7683609973879688,0.03,ok
fisher_kpp,pod_edmd_rbf,POD-EDMD-RBF,4,0.02,0.03,7,5,5,system,,0,,,,0,,,0,0,0.8,0.03484448024623589,0.7730630208412033,0.1,ok
fisher_kpp,pod_edmd_rbf,POD-EDMD-RBF,4,0.02,0.05,0,5,5,system,,0,,,,0,,,0,0,0.8,0.03454755569526463,0.7732848969541689,0.1,ok
fisher_kpp,pod_edmd_rbf,POD-EDMD-RBF,4,0.02,0.05,1,5,5,system,,0,,,,0,,,0,0,0.8,0.06341999986512797,0.7522897821194475,0.3,ok
fisher_kpp,pod_edmd_rbf,POD-EDMD-RBF,4,0.02,0.05,2,5,5,system,,0,,,,0,,,0,0,0.8,0.04807140888049947,0.7633067682425594,0.3,ok
fisher_kpp,pod_edmd_rbf,POD-EDMD-RBF,4,0.02,0.05,3,5,5,system,,0,,,,0,,,0,0,0.8,0.025752523280656643,0.7799152152620265,0.1,ok
fisher_kpp,pod_edmd_rbf,POD-EDMD-RBF,4,0.02,0.05,4,5,5,system,,0,,,,0,,,0,0,0.8,0.05088113773330172,0.7612659236852992,0.1,ok
fisher_kpp,pod_edmd_rbf,POD-EDMD-RBF,4,0.02,0.05,5,5,5,system,,0,,,,0,,,0,0,0.8,0.05656342537708764,0.7571717710316159,0.1,ok
fisher_kpp,pod_edmd_rbf,POD-EDMD-RBF,4,0.02,0.05,6,5,5,system,,0,,,,0,,,0,0,0.8,0.04296812589754383,0.7670416574922139,0.3,ok
fisher_kpp,pod_edmd_rbf,POD-EDMD-RBF,4,0.02,0.05,7,5,5,system,,0,,,,0,,,0,0,0.8,0.04187202255466837,0.7678486250532014,0.1,ok
fisher_kpp,pod_edmd_rbf,POD-EDMD-RBF,4,0.02,0.1,0,5,5,system,,0,,,,0,,,0,0,0.5454545454545454,2.9320905636834667,0.1387187137784486,0.0,ok
fisher_kpp,pod_edmd_rbf,POD-EDMD-RBF,4,0.02,0.1,1,5,5,system,,0,,,,0,,,0,0,0.8,0.02866902116994091,0.7777039879067538,0.3,ok
fisher_kpp,pod_edmd_rbf,POD-EDMD-RBF,4,0.02,0.1,2,5,5,system,,0,,,,0,,,0,0,0.5454545454545454,1.797511589287008,0.19497847570796428,0.0,ok
fisher_kpp,pod_edmd_rbf,POD-EDMD-RBF,4,0.02,0.1,3,5,5,system,,0,,,,0,,,0,0,0.5454545454545454,2.5859120989370523,0.15211040605714535,0.0,ok
fisher_kpp,pod_edmd_rbf,POD-EDMD-RBF,4,0.02,0.1,4,5,5,system,,0,,,,0,,,0,0,0.8,0.02569468600787613,0.7799591934259635,0.3,ok
fisher_kpp,pod_edmd_rbf,POD-EDMD-RBF,4,0.02,0.1,5,5,5,system,,0,,,,0,,,0,0,0.5454545454545454,1.4101274058755322,0.2263177225091123,0.0,ok
fisher_kpp,pod_edmd_rbf,POD-EDMD-RBF,4,0.02,0.1,6,5,5,system,,0,,,,0,,,0,0,0.5714285714285714,0.653664003265699,0.3455530085314183,0.1,ok
fisher_kpp,pod_edmd_rbf,POD-EDMD-RBF,4,0.02,0.1,7,5,5,system,,0,,,,0,,,0,0,0.5714285714285714,1.2479276081241446,0.25420239039878084,0.3,ok
fisher_kpp,pod_edmd_rbf,POD-EDMD-RBF,8,0.04,0.0,0,5,5,system,,0,,,,0,,,0,0,1.0,0.0004870452848761232,0.999513191812756,0.01,ok
fisher_kpp,pod_edmd_rbf,POD-EDMD-RBF,8,0.04,0.0,1,5,5,system,,0,,,,0,,,0,0,1.0,0.0004811808863507423,0.999519050537338,0.01,ok
fisher_kpp,pod_edmd_rbf,POD-EDMD-RBF,8,0.04,0.0,2,5,5,system,,0,,,,0,,,0,0,1.0,0.0004788381907154393,0.999521390985559,0.01,ok
fisher_kpp,pod_edmd_rbf,POD-EDMD-RBF,8,0.04,0.0,3,5,5,system,,0,,,,0,,,0,0,1.0,0.0004840705864142382,0.9995161636245438,0.01,ok
fisher_kpp,pod_edmd_rbf,POD-EDMD-RBF,8,0.04,0.0,4,5,5,system,,0,,,,0,,,0,0,1.0,0.0004797235631430487,0.9995205064612058,0.01,ok
fisher_kpp,pod_edmd_rbf,POD-EDMD-RBF,8,0.04,0.0,5,5,5,system,,0,,,,0,,,0,0,1.0,0.0004791945173523647,0.9995210350000496,0.01,ok
fisher_kpp,pod_edmd_rbf,POD-EDMD-RBF,8,0.04,0.0,6,5,5,system,,0,,,,0,,,0,0,1.0,0.00048653210346350553,0.9995137044949115,0.01,ok
fisher_kpp,pod_edmd_rbf,POD-EDMD-RBF,8,0.04,0.0,7,5,5,system,,0,,,,0,,,0,0,1.0,0.0004881329621639062,0.9995121051953723,0.01,ok
fisher_kpp,pod_edmd_rbf,POD-EDMD-RBF,8,0.04,0.01,0,5,5,system,,0,,,,0,,,0,0,0.8,0.038234743268221474,0.7705386524455048,0.03,ok
fisher_kpp,pod_edmd_rbf,POD-EDMD-RBF,8,0.04,0.01,1,5,5,system,,0,,,,0,,,0,0,0.8,0.04029868553853363,0.7690099114043024,0.03,ok
fisher_kpp,pod_edmd_rbf,POD-EDMD-RBF,8,0.04,0.01,2,5,5,system,,0,,,,0,,,0,0,0.8,0.042038023265506506,0.7677263037801488,0.03,ok
fisher_kpp,pod_edmd_rbf,POD-EDMD-RBF,8,0.04,0.01,3,5,5,system,,0,,,,0,,,0,0,0.8,0.04229716704214666,0.7675354258807565,0.03,ok
fisher_kpp,pod_edmd_rbf,POD-EDMD-RBF,8,0.04,0.01,4,5,5,system,,0,,,,0,,,0,0,0.8,0.04187285091839935,0.7678480145584069,0.03,ok
fisher_kpp,pod_edmd_rbf,POD-EDMD-RBF,8,0.04,0.01,5,5,5,system,,0,,,,0,,,0,0,0.8,0.04128435706016215,0.7682819727155265,0.03,ok
fisher_kpp,pod_edmd_rbf,POD-EDMD-RBF,8,0.04,0.01,6,5,5,system,,0,,,,0,,,0,0,0.8,0.04343417983853498,0.766699055347981,0.03,ok
fisher_kpp,pod_edmd_rbf,POD-EDMD-RBF,8,0.04,0.01,7,5,5,system,,0,,,,0,,,0,0,0.8,0.039429425739778895,0.7696530232734434,0.03,ok
fisher_kpp,pod_edmd_rbf,POD-EDMD-RBF,8,0.04,0.03,0,5,5,system,,0,,,,0,,,0,0,0.8,0.03334427631776402,0.7741853497759074,0.03,ok
fisher_kpp,pod_edmd_rbf,POD-EDMD-RBF,8,0.04,0.03,1,5,5,system,,0,,,,0,,,0,0,0.8,0.030850695359750952,0.7760580689338454,0.1,ok
fisher_kpp,pod_edmd_rbf,POD-EDMD-RBF,8,0.04,0.03,2,5,5,system,,0,,,,0,,,0,0,0.8,0.04344137011459895,0.7666937720824101,0.1,ok
fisher_kpp,pod_edmd_rbf,POD-EDMD-RBF,8,0.04,0.03,3,5,5,system,,0,,,,0,,,0,0,0.8,0.03631070113841368,0.7719692550903698,0.03,ok
fisher_kpp,pod_edmd_rbf,POD-EDMD-RBF,8,0.04,0.03,4,5,5,system,,0,,,,0,,,0,0,0.8,0.0429901297318462,0.7670254753088419,0.03,ok
fisher_kpp,pod_edmd_rbf,POD-EDMD-RBF,8,0.04,0.03,5,5,5,system,,0,,,,0,,,0,0,0.8,0.044594067130035456,0.7658477347070866,0.1,ok
fisher_kpp,pod_edmd_rbf,POD-EDMD-RBF,8,0.04,0.03,6,5,5,system,,0,,,,0,,,0,0,0.8,0.045033287960463256,0.7655258537853068,0.03,ok
fisher_kpp,pod_edmd_rbf,POD-EDMD-RBF,8,0.04,0.03,7,5,5,system,,0,,,,0,,,0,0,0.8,0.043709333492359156,0.7664969300630067,0.03,ok
fisher_kpp,pod_edmd_rbf,POD-EDMD-RBF,8,0.04,0.05,0,5,5,system,,0,,,,0,,,0,0,0.8,0.030508693661415825,0.7763156244297035,0.3,ok
fisher_kpp,pod_edmd_rbf,POD-EDMD-RBF,8,0.04,0.05,1,5,5,system,,0,,,,0,,,0,0,0.8,0.041260137580139654,0.7682998427839353,0.1,ok
fisher_kpp,pod_edmd_rbf,POD-EDMD-RBF,8,0.04,0.05,2,5,5,system,,0,,,,0,,,0,0,0.8,0.042198438308137305,0.7676081354513327,0.3,ok
fisher_kpp,pod_edmd_rbf,POD-EDMD-RBF,8,0.04,0.05,3,5,5,system,,0,,,,0,,,0,0,0.8,0.027013878158457825,0.7789573412917095,0.3,ok
fisher_kpp,pod_edmd_rbf,POD-EDMD-RBF,8,0.04,0.05,4,5,5,system,,0,,,,0,,,0,0,0.8,0.03632503338154212,0.771958578853962,0.1,ok
fisher_kpp,pod_edmd_rbf,POD-EDMD-RBF,8,0.04,0.05,5,5,5,system,,0,,,,0,,,0,0,0.8,0.06585854862349066,0.7505686388059324,0.1,ok
fisher_kpp,pod_edmd_rbf,POD-EDMD-RBF,8,0.04,0.05,6,5,5,system,,0,,,,0,,,0,0,0.8,0.047393847384505215,0.7638005531517265,0.3,ok
fisher_kpp,pod_edmd_rbf,POD-EDMD-RBF,8,0.04,0.05,7,5,5,system,,0,,,,0,,,0,0,0.8,0.03958872528698272,0.7695350868480771,0.1,ok
fisher_kpp,pod_edmd_rbf,POD-EDMD-RBF,8,0.04,0.1,0,5,5,system,,0,,,,0,,,0,0,0.5714285714285714,0.8513231747433201,0.30865954643915594,0.3,ok
fisher_kpp,pod_edmd_rbf,POD-EDMD-RBF,8,0.04,0.1,1,5,5,system,,0,,,,0,,,0,0,0.8,0.032600726276011974,0.7747428213469625,0.3,ok
fisher_kpp,pod_edmd_rbf,POD-EDMD-RBF,8,0.04,0.1,2,5,5,system,,0,,,,0,,,0,0,0.8,0.025427114633387274,0.7801627132573119,0.3,ok
fisher_kpp,pod_edmd_rbf,POD-EDMD-RBF,8,0.04,0.1,3,5,5,system,,0,,,,0,,,0,0,0.5714285714285714,0.5000711006402374,0.38093432450280723,0.3,ok
fisher_kpp,pod_edmd_rbf,POD-EDMD-RBF,8,0.04,0.1,4,5,5,system,,0,,,,0,,,0,0,0.8,0.053093626021816824,0.7596665483790769,0.3,ok
fisher_kpp,pod_edmd_rbf,POD-EDMD-RBF,8,0.04,0.1,5,5,5,system,,0,,,,0,,,0,0,0.8,0.07139649294039238,0.7466890224779823,0.3,ok
fisher_kpp,pod_edmd_rbf,POD-EDMD-RBF,8,0.04,0.1,6,5,5,system,,0,,,,0,,,0,0,0.8,0.02902067546047587,0.777438217790919,0.1,ok
fisher_kpp,pod_edmd_rbf,POD-EDMD-RBF,8,0.04,0.1,7,5,5,system,,0,,,,0,,,0,0,0.8,0.027736612208937184,0.7784095560053488,0.1,ok
fisher_kpp,pod_edmd_rbf,POD-EDMD-RBF,16,0.08,0.0,0,5,5,system,,0,,,,0,,,0,0,1.0,0.0003872206052821113,0.9996129292764777,0.01,ok
fisher_kpp,pod_edmd_rbf,POD-EDMD-RBF,16,0.08,0.0,1,5,5,system,,0,,,,0,,,0,0,1.0,0.0003872209770258782,0.9996129289050216,0.01,ok
fisher_kpp,pod_edmd_rbf,POD-EDMD-RBF,16,0.08,0.0,2,5,5,system,,0,,,,0,,,0,0,1.0,0.00038722042398599434,0.9996129294576335,0.01,ok
fisher_kpp,pod_edmd_rbf,POD-EDMD-RBF,16,0.08,0.0,3,5,5,system,,0,,,,0,,,0,0,1.0,0.00038722063321418705,0.9996129292485672,0.01,ok
fisher_kpp,pod_edmd_rbf,POD-EDMD-RBF,16,0.08,0.0,4,5,5,system,,0,,,,0,,,0,0,1.0,0.000387220496796429,0.9996129293848793,0.01,ok
fisher_kpp,pod_edmd_rbf,POD-EDMD-RBF,16,0.08,0.0,5,5,5,system,,0,,,,0,,,0,0,1.0,0.0003872206625007011,0.9996129292193036,0.01,ok
fisher_kpp,pod_edmd_rbf,POD-EDMD-RBF,16,0.08,0.0,6,5,5,system,,0,,,,0,,,0,0,1.0,0.0003872205171771548,0.9996129293645145,0.01,ok
fisher_kpp,pod_edmd_rbf,POD-EDMD-RBF,16,0.08,0.0,7,5,5,system,,0,,,,0,,,0,0,1.0,0.0003872208002086583,0.9996129290817021,0.01,ok
fisher_kpp,pod_edmd_rbf,POD-EDMD-RBF,16,0.08,0.01,0,5,5,system,,0,,,,0,,,0,0,0.8,0.04076069248632761,0.7686685380948028,0.03,ok
fisher_kpp,pod_edmd_rbf,POD-EDMD-RBF,16,0.08,0.01,1,5,5,system,,0,,,,0,,,0,0,0.8,0.0464258239543191,0.7645071267229385,0.03,ok
fisher_kpp,pod_edmd_rbf,POD-EDMD-RBF,16,0.08,0.01,2,5,5,system,,0,,,,0,,,0,0,0.8,0.04164564312752566,0.7680155005477792,0.03,ok
fisher_kpp,pod_edmd_rbf,POD-EDMD-RBF,16,0.08,0.01,3,5,5,system,,0,,,,0,,,0,0,0.8,0.05004257683264386,0.7618738684036279,0.03,ok
fisher_kpp,pod_edmd_rbf,POD-EDMD-RBF,16,0.08,0.01,4,5,5,system,,0,,,,0,,,0,0,0.8,0.04137956222831996,0.7682117347186826,0.03,ok
fisher_kpp,pod_edmd_rbf,POD-EDMD-RBF,16,0.08,0.01,5,5,5,system,,0,,,,0,,,0,0,0.8,0.03949888112100744,0.7696015979711983,0.03,ok
fisher_kpp,pod_edmd_rbf,POD-EDMD-RBF,16,0.08,0.01,6,5,5,system,,0,,,,0,,,0,0,0.8,0.04080916663789525,0.7686327384915563,0.03,ok
fisher_kpp,pod_edmd_rbf,POD-EDMD-RBF,16,0.08,0.01,7,5,5,system,,0,,,,0,,,0,0,0.8,0.04414011344541178,0.766180697109885,0.03,ok
fisher_kpp,pod_edmd_rbf,POD-EDMD-RBF,16,0.08,0.03,0,5,5,system,,0,,,,0,,,0,0,0.8,0.03802669324121145,0.7706930902730649,0.1,ok
fisher_kpp,pod_edmd_rbf,POD-EDMD-RBF,16,0.08,0.03,1,5,5,system,,0,,,,0,,,0,0,0.8,0.050513769461692185,0.7615321409922488,0.03,ok
fisher_kpp,pod_edmd_rbf,POD-EDMD-RBF,16,0.08,0.03,2,5,5,system,,0,,,,0,,,0,0,0.8,0.03669528478484408,0.7716828770626001,0.03,ok
fisher_kpp,pod_edmd_rbf,POD-EDMD-RBF,16,0.08,0.03,3,5,5,system,,0,,,,0,,,0,0,0.8,0.052258276736919115,0.7602696198131331,0.1,ok
fisher_kpp,pod_edmd_rbf,POD-EDMD-RBF,16,0.08,0.03,4,5,5,system,,0,,,,0,,,0,0,0.8,0.03330263153857047,0.7742165514558047,0.1,ok
fisher_kpp,pod_edmd_rbf,POD-EDMD-RBF,16,0.08,0.03,5,5,5,system,,0,,,,0,,,0,0,0.8,0.03636218961011113,0.7719309021694117,0.03,ok
fisher_kpp,pod_edmd_rbf,POD-EDMD-RBF,16,0.08,0.03,6,5,5,system,,0,,,,0,,,0,0,0.8,0.03658593566784427,0.7717642816411374,0.03,ok
fisher_kpp,pod_edmd_rbf,POD-EDMD-RBF,16,0.08,0.03,7,5,5,system,,0,,,,0,,,0,0,0.8,0.049347930062672615,0.7623782132511757,0.03,ok
fisher_kpp,pod_edmd_rbf,POD-EDMD-RBF,16,0.08,0.05,0,5,5,system,,0,,,,0,,,0,0,0.8,0.0415965841708767,0.7680516738990744,0.3,ok
fisher_kpp,pod_edmd_rbf,POD-EDMD-RBF,16,0.08,0.05,1,5,5,system,,0,,,,0,,,0,0,0.8,0.055638538406815596,0.7578351593788639,0.1,ok
fisher_kpp,pod_edmd_rbf,POD-EDMD-RBF,16,0.08,0.05,2,5,5,system,,0,,,,0,,,0,0,0.8,0.02472305426085633,0.7806987426247072,0.1,ok
fisher_kpp,pod_edmd_rbf,POD-EDMD-RBF,16,0.08,0.05,3,5,5,system,,0,,,,0,,,0,0,0.8,0.04013311852542463,0.7691323213841548,0.1,ok
fisher_kpp,pod_edmd_rbf,POD-EDMD-RBF,16,0.08,0.05,4,5,5,system,,0,,,,0,,,0,0,0.8,0.06189400360949856,0.7533708611977363,0.03,ok
fisher_kpp,pod_edmd_rbf,POD-EDMD-RBF,16,0.08,0.05,5,5,5,system,,0,,,,0,,,0,0,0.8,0.0388937054247851,0.7700499058013778,0.1,ok
fisher_kpp,pod_edmd_rbf,POD-EDMD-RBF,16,0.08,0.05,6,5,5,system,,0,,,,0,,,0,0,0.8,0.03948525881152027,0.7696116834929126,0.1,ok
fisher_kpp,pod_edmd_rbf,POD-EDMD-RBF,16,0.08,0.05,7,5,5,system,,0,,,,0,,,0,0,0.8,0.09857517184773824,0.7282159842138499,0.1,ok
fisher_kpp,pod_edmd_rbf,POD-EDMD-RBF,16,0.08,0.1,0,5,5,system,,0,,,,0,,,0,0,0.8,0.024994686477839846,0.7804918508885322,0.1,ok
fisher_kpp,pod_edmd_rbf,POD-EDMD-RBF,16,0.08,0.1,1,5,5,system,,0,,,,0,,,0,0,0.5454545454545454,1.9042011605926943,0.1878156901993759,0.0,ok
fisher_kpp,pod_edmd_rbf,POD-EDMD-RBF,16,0.08,0.1,2,5,5,system,,0,,,,0,,,0,0,0.8,0.042285718747025185,0.7675438563637936,0.3,ok
fisher_kpp,pod_edmd_rbf,POD-EDMD-RBF,16,0.08,0.1,3,5,5,system,,0,,,,0,,,0,0,0.8,0.05130851050503314,0.7609564576012915,0.3,ok
fisher_kpp,pod_edmd_rbf,POD-EDMD-RBF,16,0.08,0.1,4,5,5,system,,0,,,,0,,,0,0,0.8,0.0884490915493286,0.7349907370139451,0.3,ok
fisher_kpp,pod_edmd_rbf,POD-EDMD-RBF,16,0.08,0.1,5,5,5,system,,0,,,,0,,,0,0,0.8,0.027128068334531904,0.7788707413060812,0.1,ok
fisher_kpp,pod_edmd_rbf,POD-EDMD-RBF,16,0.08,0.1,6,5,5,system,,0,,,,0,,,0,0,0.8,0.03263042535222961,0.7747205392743687,0.1,ok
fisher_kpp,pod_edmd_rbf,POD-EDMD-RBF,16,0.08,0.1,7,5,5,system,,0,,,,0,,,0,0,0.8,0.028300612286217476,0.777982615629648,0.3,ok
fisher_kpp,pod_edmd_rbf,POD-EDMD-RBF,32,0.16,0.0,0,5,5,system,,0,,,,0,,,0,0,1.0,0.00042835520042040364,0.9995718282091928,0.01,ok
fisher_kpp,pod_edmd_rbf,POD-EDMD-RBF,32,0.16,0.0,1,5,5,system,,0,,,,0,,,0,0,1.0,0.0004283700583509023,0.9995718133639833,0.01,ok
fisher_kpp,pod_edmd_rbf,POD-EDMD-RBF,32,0.16,0.0,2,5,5,system,,0,,,,0,,,0,0,1.0,0.0004283761027600955,0.9995718073247493,0.01,ok
fisher_kpp,pod_edmd_rbf,POD-EDMD-RBF,32,0.16,0.0,3,5,5,system,,0,,,,0,,,0,0,1.0,0.0004283745237891566,0.9995718089023683,0.01,ok
fisher_kpp,pod_edmd_rbf,POD-EDMD-RBF,32,0.16,0.0,4,5,5,system,,0,,,,0,,,0,0,1.0,0.0004283814373437939,0.9995718019947332,0.01,ok
fisher_kpp,pod_edmd_rbf,POD-EDMD-RBF,32,0.16,0.0,5,5,5,system,,0,,,,0,,,0,0,1.0,0.00042836346183385547,0.9995718199548526,0.01,ok
fisher_kpp,pod_edmd_rbf,POD-EDMD-RBF,32,0.16,0.0,6,5,5,system,,0,,,,0,,,0,0,1.0,0.00042841217667379563,0.9995717712817236,0.01,ok
fisher_kpp,pod_edmd_rbf,POD-EDMD-RBF,32,0.16,0.0,7,5,5,system,,0,,,,0,,,0,0,1.0,0.0004283763190665723,0.999571807108628,0.01,ok
fisher_kpp,pod_edmd_rbf,POD-EDMD-RBF,32,0.16,0.01,0,5,5,system,,0,,,,0,,,0,0,0.8,0.029650885020874818,0.7769623778682822,0.1,ok
fisher_kpp,pod_edmd_rbf,POD-EDMD-RBF,32,0.16,0.01,1,5,5,system,,0,,,,0,,,0,0,0.8,0.05359907420201278,0.7593021098712653,0.03,ok
fisher_kpp,pod_edmd_rbf,POD-EDMD-RBF,32,0.16,0.01,2,5,5,system,,0,,,,0,,,0,0,0.8,0.04090909422892,0.7685589495138578,0.03,ok
fisher_kpp,pod_edmd_rbf,POD-EDMD-RBF,32,0.16,0.01,3,5,5,system,,0,,,,0,,,0,0,0.8,0.03848432514580919,0.7703534667099337,0.1,ok
fisher_kpp,pod_edmd_rbf,POD-EDMD-RBF,32,0.16,0.01,4,5,5,system,,0,,,,0,,,0,0,0.8,0.0462290941706233,0.7646508823520948,0.03,ok
fisher_kpp,pod_edmd_rbf,POD-EDMD-RBF,32,0.16,0.01,5,5,5,system,,0,,,,0,,,0,0,0.8,0.05363720814617693,0.7592746287002914,0.03,ok
fisher_kpp,pod_edmd_rbf,POD-EDMD-RBF,32,0.16,0.01,6,5,5,system,,0,,,,0,,,0,0,0.8,0.037805260318046326,0.7708575303952802,0.03,ok
fisher_kpp,pod_edmd_rbf,POD-EDMD-RBF,32,0.16,0.01,7,5,5,system,,0,,,,0,,,0,0,0.8,0.03384286190804274,0.7738119877555993,0.03,ok
fisher_kpp,pod_edmd_rbf,POD-EDMD-RBF,32,0.16,0.03,0,5,5,system,,0,,,,0,,,0,0,0.8,0.031696003033963915,0.7754222151170471,0.03,ok
fisher_kpp,pod_edmd_rbf,POD-EDMD-RBF,32,0.16,0.03,1,5,5,system,,0,,,,0,,,0,0,0.8,0.04730432793469489,0.7638658398152675,0.03,ok
fisher_kpp,pod_edmd_rbf,POD-EDMD-RBF,32,0.16,0.03,2,5,5,system,,0,,,,0,,,0,0,0.8,0.02708948786837219,0.7788999979547302,0.03,ok
fisher_kpp,pod_edmd_rbf,POD-EDMD-RBF,32,0.16,0.03,3,5,5,system,,0,,,,0,,,0,0,0.8,0.07968844827254731,0.7409544867132402,0.01,ok
fisher_kpp,pod_edmd_rbf,POD-EDMD-RBF,32,0.16,0.03,4,5,5,system,,0,,,,0,,,0,0,0.8,0.0995294095046453,0.727583994647685,0.3,ok
fisher_kpp,pod_edmd_rbf,POD-EDMD-RBF,32,0.16,0.03,5,5,5,system,,0,,,,0,,,0,0,0.8,0.023616980112251433,0.7815423303277665,0.1,ok
fisher_kpp,pod_edmd_rbf,POD-EDMD-RBF,32,0.16,0.03,6,5,5,system,,0,,,,0,,,0,0,0.8,0.02141993758652609,0.7832234035790308,0.1,ok
fisher_kpp,pod_edmd_rbf,POD-EDMD-RBF,32,0.16,0.03,7,5,5,system,,0,,,,0,,,0,0,0.8,0.03263109796237726,0.7747200346557326,0.03,ok
fisher_kpp,pod_edmd_rbf,POD-EDMD-RBF,32,0.16,0.05,0,5,5,system,,0,,,,0,,,0,0,0.8,0.04433360904028858,0.7660387380764047,0.1,ok
fisher_kpp,pod_edmd_rbf,POD-EDMD-RBF,32,0.16,0.05,1,5,5,system,,0,,,,0,,,0,0,0.8,0.08482655053354451,0.7374450778389783,0.1,ok
fisher_kpp,pod_edmd_rbf,POD-EDMD-RBF,32,0.16,0.05,2,5,5,system,,0,,,,0,,,0,0,0.8,0.07244950282207872,0.7459558682202322,0.3,ok
fisher_kpp,pod_edmd_rbf,POD-EDMD-RBF,32,0.16,0.05,3,5,5,system,,0,,,,0,,,0,0,0.8,0.021574444686925633,0.7831049456656779,0.1,ok
fisher_kpp,pod_edmd_rbf,POD-EDMD-RBF,32,0.16,0.05,4,5,5,system,,0,,,,0,,,0,0,0.8,0.024316577866381146,0.781008544903544,0.1,ok
fisher_kpp,pod_edmd_rbf,POD-EDMD-RBF,32,0.16,0.05,5,5,5,system,,0,,,,0,,,0,0,0.8,0.06924217405930838,0.7481934583283898,0.3,ok
fisher_kpp,pod_edmd_rbf,POD-EDMD-RBF,32,0.16,0.05,6,5,5,system,,0,,,,0,,,0,0,0.8,0.08059858182170428,0.7403304182125956,0.1,ok
fisher_kpp,pod_edmd_rbf,POD-EDMD-RBF,32,0.16,0.05,7,5,5,system,,0,,,,0,,,0,0,0.8,0.045546327767411215,0.765150217406689,0.3,ok
fisher_kpp,pod_edmd_rbf,POD-EDMD-RBF,32,0.16,0.1,0,5,5,system,,0,,,,0,,,0,0,0.8,0.026212849742955083,0.7795653700890448,0.1,ok
fisher_kpp,pod_edmd_rbf,POD-EDMD-RBF,32,0.16,0.1,1,5,5,system,,0,,,,0,,,0,0,0.8,0.02801290586534047,0.7782003469368819,0.1,ok
fisher_kpp,pod_edmd_rbf,POD-EDMD-RBF,32,0.16,0.1,2,5,5,system,,0,,,,0,,,0,0,0.8,0.026974048595864126,0.7789875519189647,0.3,ok
fisher_kpp,pod_edmd_rbf,POD-EDMD-RBF,32,0.16,0.1,3,5,5,system,,0,,,,0,,,0,0,0.8,0.03809169087783298,0.7706448351623955,0.1,ok
fisher_kpp,pod_edmd_rbf,POD-EDMD-RBF,32,0.16,0.1,4,5,5,system,,0,,,,0,,,0,0,0.8,0.11702458357847827,0.7161883558884046,0.3,ok
fisher_kpp,pod_edmd_rbf,POD-EDMD-RBF,32,0.16,0.1,5,5,5,system,,0,,,,0,,,0,0,0.8,0.07627708991059254,0.743303009512594,0.1,ok
fisher_kpp,pod_edmd_rbf,POD-EDMD-RBF,32,0.16,0.1,6,5,5,system,,0,,,,0,,,0,0,0.8,0.08167159690272703,0.7395960125889695,0.1,ok
fisher_kpp,pod_edmd_rbf,POD-EDMD-RBF,32,0.16,0.1,7,5,5,system,,0,,,,0,,,0,0,0.8,0.07678300482557641,0.7429537765871302,0.3,ok
