system,method,noise,mean,sd,n,median,maximum,axis,axis_value,sparse_factor
advection_diffusion,baseline,0.01,0.026589502060515358,0.0033813164921043934,15,0.0254158003278884,0.0326482092226222,noise,0.01,
advection_diffusion,baseline,0.03,0.10674153144197761,0.010273943524249358,15,0.1033813329843158,0.1228593624856552,noise,0.03,
advection_diffusion,baseline,0.05,0.23184095244286784,0.014661490551166088,15,0.2273309257759347,0.2646363450010434,noise,0.05,
advection_diffusion,baseline,0.1,0.5458450369953002,0.022144231915955923,15,0.545437682542713,0.5791707517520495,noise,0.1,
advection_diffusion,optdmd,0.01,0.027244455010691882,0.004751938464469662,15,0.0280514512566993,0.0327910230761945,noise,0.01,
advection_diffusion,optdmd,0.03,0.025329975554293036,0.0034475827299669773,15,0.0267807805736652,0.0303041374682474,noise,0.03,
advection_diffusion,optdmd,0.05,0.03772401767653119,0.01997319667285315,15,0.028929320045746,0.0726239399418557,noise,0.05,
advection_diffusion,optdmd,0.1,0.13802083832220116,0.07666106339463837,15,0.1204940844226458,0.2932008967892573,noise,0.1,
advection_diffusion,pod_edmd_rbf,0.01,0.011459373424327407,0.00885156563488128,15,0.0076599256657718,0.0236420164039615,noise,0.01,
advection_diffusion,pod_edmd_rbf,0.03,0.03441140223626597,0.011889458826861234,15,0.0309336237017475,0.0537318546230036,noise,0.03,
advection_diffusion,pod_edmd_rbf,0.05,0.06066092529999326,0.024969087316329932,15,0.0562911905714018,0.1255469210935387,noise,0.05,
advection_diffusion,pod_edmd_rbf,0.1,0.23618554955630439,0.14976577201076563,15,0.2004459716388025,0.6746320628029515,noise,0.1,
burgers,baseline,0.0,0.012181623353737975,0.014548485318828491,32,0.00591231024077165,0.0363096327247122,noise,0.0,
burgers,baseline,0.01,0.17510577757875942,0.015356456940309952,32,0.16645689193279845,0.2047016786056425,noise,0.01,
burgers,baseline,0.03,0.2995235018459821,0.012763028919319732,32,0.2976387412717845,0.3292531160071181,noise,0.03,
burgers,baseline,0.05,0.46124765267490303,0.019637875330761983,32,0.46045844929745755,0.5131880260089501,noise,0.05,
burgers,baseline,0.1,0.7369962309443886,0.024739042753213633,32,0.7335293998245007,0.7812432574716165,noise,0.1,
burgers,pod_edmd_rbf,0.0,0.0026818434732754186,0.0007921703168147657,32,0.0021939508635201,0.0040415189639261,noise,0.0,
burgers,pod_edmd_rbf,0.01,0.055654070660988174,0.05341986311225902,32,0.0367523891135468,0.1705824750579793,noise,0.01,
burgers,pod_edmd_rbf,0.03,0.23444596699811462,0.09835185316244065,32,0.22084065564684552,0.7301005120413251,noise,0.03,
burgers,pod_edmd_rbf,0.05,0.3347907335252395,0.12782798608874413,32,0.30325966312340713,0.7926765041850999,noise,0.05,
burgers,pod_edmd_rbf,0.1,0.6575854464779773,0.17154699042051183,32,0.6549415308504808,0.9866708852746268,noise,0.1,
burgers,pydmd_optdmd,0.0,0.004996280784782621,0.0003168123998067443,32,0.0049980622239724996,0.0055869791836272,noise,0.0,
burgers,pydmd_optdmd,0.01,0.04823043612069212,0.04468302371903333,32,0.03252515501358305,0.1588272504810768,noise,0.01,
burgers,pydmd_optdmd,0.03,0.19341855393749352,0.027067921208517916,32,0.18909158734620668,0.2759795468212552,noise,0.03,
burgers,pydmd_optdmd,0.05,23.471817250988124,131.33603599860552,32,0.2382104109534537,743.2033780429803,noise,0.05,
burgers,pydmd_optdmd,0.1,0.4351442458126432,0.14592792100594776,31,0.3732802321957188,0.8149560034154525,noise,0.1,
fisher_kpp,baseline,0.0,0.001762328800455842,0.002773835210467033,32,0.0002405278831786,0.0064876200852326,noise,0.0,
fisher_kpp,baseline,0.01,0.040819967201309454,0.0021306270032221794,32,0.041447515406254354,0.0457498325765891,noise,0.01,
fisher_kpp,baseline,0.03,0.040069973070572876,0.003857832073179852,32,0.0407858973886782,0.0463689702749912,noise,0.03,
fisher_kpp,baseline,0.05,0.04044998538073217,0.00766640060253611,32,0.0406054351143396,0.0557312467751767,noise,0.05,
fisher_kpp,baseline,0.1,0.07534923838193527,0.15142137004601353,32,0.03192660999931105,0.6511724869320819,noise,0.1,
fisher_kpp,pod_edmd_rbf,0.0,0.0004552054907369875,5.275112845339297e-05,32,0.00045362518369455,0.0005489933227515,noise,0.0,
fisher_kpp,pod_edmd_rbf,0.01,0.03942915048201501,0.0077003681383392844,32,0.0408591304334076,0.0536372081461769,noise,0.01,
fisher_kpp,pod_edmd_rbf,0.03,0.04201523757750662,0.014811996260417128,32,0.0412621729399542,0.0995294095046453,noise,0.03,
fisher_kpp,pod_edmd_rbf,0.05,0.04806408454137432,0.018635545167921996,32,0.04258328210284055,0.0985751718477382,noise,0.05,
fisher_kpp,pod_edmd_rbf,0.1,0.4669566419818614,0.8067332493332713,32,0.05220106826342495,2.9320905636834667,noise,0.1,
fisher_kpp,pydmd_optdmd,0.0,4.197999568785263e-05,1.9457672936211068e-05,32,3.890866818912022e-05,6.547261533912876e-05,noise,0.0,
fisher_kpp,pydmd_optdmd,0.01,0.03420709775358855,0.00965126947128019,32,0.040135137113455205,0.0449471955259467,noise,0.01,
fisher_kpp,pydmd_optdmd,0.03,0.04212312892654874,0.004504197919925954,31,0.0432150113661462,0.0500190933267909,noise,0.03,
fisher_kpp,pydmd_optdmd,0.05,0.04214303907627309,0.00855691397926948,32,0.04346096368427525,0.0616806617797996,noise,0.05,
fisher_kpp,pydmd_optdmd,0.1,0.03987119269598912,0.015250777923990887,32,0.037534173247765854,0.0757108644446869,noise,0.1,
lorenz63,baseline,0.0,0.5993710107858353,0.38849235455714515,40,0.6357999878886628,1.0275093730742937,noise,0.0,
lorenz63,baseline,0.01,0.7047494382987483,0.5300126141867776,40,0.6390461011141075,2.134592614758955,noise,0.01,
lorenz63,baseline,0.03,0.6924954717053542,0.44842622194506226,40,0.9491892961896905,1.194405085549454,noise,0.03,
lorenz63,baseline,0.05,0.7785670518618447,0.4649647028714698,40,0.9683027895669872,1.994445633279632,noise,0.05,
lorenz63,baseline,0.1,0.8714587028348019,0.43861557244911054,40,1.0255579606371454,1.9391614666181995,noise,0.1,
lorenz63,edmd_poly3,0.0,0.9525210782920842,1.1253443918768775,40,0.5411075404344801,2.72372841969358,noise,0.0,
lorenz63,edmd_poly3,0.01,0.6487274298266474,0.6254294206711183,40,0.9192797553935603,1.707741738699014,noise,0.01,
lorenz63,edmd_poly3,0.03,0.5978504632561784,0.637326010465476,40,0.21705044553691827,1.897706857560176,noise,0.03,
lorenz63,edmd_poly3,0.05,0.655162064720565,0.6775234055262885,40,0.37834924047038254,2.499628437476546,noise,0.05,
lorenz63,edmd_poly3,0.1,0.8244083937634665,0.7480398551996047,40,0.853701558166195,3.987278514195898,noise,0.1,
lorenz63,edmd_rbf,0.0,0.7045719244145483,0.7362764894086817,40,0.514400708827601,2.497049045718036,noise,0.0,
lorenz63,edmd_rbf,0.01,0.6791678811991685,0.7258755529759695,40,0.47339838652810107,2.3805313169596487,noise,0.01,
lorenz63,edmd_rbf,0.03,0.8231207050697066,0.8674560437497768,40,0.6367928340011781,3.2311180716294507,noise,0.03,
lorenz63,edmd_rbf,0.05,0.7609065967674233,0.6140131820672434,40,0.9835586237249588,1.9208824768110515,noise,0.05,
lorenz63,edmd_rbf,0.1,0.8334339149059726,0.5395954314856729,40,0.8642903794855032,1.99433328763768,noise,0.1,
vanderpol_mu2,baseline,0.0,0.2143390498282106,0.29529015937395436,40,0.06747786376837685,0.7152533904965458,noise,0.0,
vanderpol_mu2,baseline,0.01,0.21212914860896995,0.28968337068925953,40,0.06709454703050795,0.7893140044609392,noise,0.01,
vanderpol_mu2,baseline,0.03,0.20107901102211692,0.2601995869335424,40,0.07183039747376685,0.8159493937654624,noise,0.03,
vanderpol_mu2,baseline,0.05,0.1477530912970359,0.16238232298495214,40,0.07592837685277534,0.602984493399687,noise,0.05,
vanderpol_mu2,baseline,0.1,0.20863751477686932,0.1371109126909636,40,0.16438258107061282,0.5296730528595471,noise,0.1,
vanderpol_mu2,edmd_poly3,0.0,0.0086917869232003,0.012344796154063017,40,0.0024291038017197498,0.029670165286031,noise,0.0,
vanderpol_mu2,edmd_poly3,0.01,0.010091803220236157,0.012097754931425772,40,0.0038427820475402,0.0383843730652695,noise,0.01,
vanderpol_mu2,edmd_poly3,0.03,0.016301953768819308,0.013659581336606512,40,0.01275415846702965,0.0722986119614468,noise,0.03,
vanderpol_mu2,edmd_poly3,0.05,0.02583282855152073,0.016141720394378906,40,0.02201135281057595,0.0707119875652229,noise,0.05,
vanderpol_mu2,edmd_poly3,0.1,0.05750595721560965,0.05256061921901187,40,0.04384613545013915,0.3168562321032815,noise,0.1,
vanderpol_mu2,edmd_rbf,0.0,0.0031895253602252523,0.002581417972565555,40,0.0031406736677382,0.0069893168129658,noise,0.0,
vanderpol_mu2,edmd_rbf,0.01,0.015093030952708256,0.055676498457455106,40,0.0044024357402547,0.3564521689031275,noise,0.01,
vanderpol_mu2,edmd_rbf,0.03,0.05804504561867925,0.1143561075905048,40,0.0160220428423803,0.4115846636524375,noise,0.03,
vanderpol_mu2,edmd_rbf,0.05,0.027177747503846827,0.018114175882298716,40,0.0223776689788295,0.0822057504244072,noise,0.05,
vanderpol_mu2,edmd_rbf,0.1,0.17286416268279445,0.2027007012431709,40,0.08482183325354359,0.9557891629593598,noise,0.1,
advection_diffusion,baseline,,0.22078069683056945,0.19878934318792685,20,0.1606742125545777,0.5556737326643312,sparse_factor,4.0,4.0
advection_diffusion,baseline,,0.2257780920432017,0.20752119358353557,20,0.1631825690430443,0.5791707517520495,sparse_factor,8.0,8.0
advection_diffusion,baseline,,0.23670397833172457,0.20319082994771984,20,0.17503158246590614,0.5774875952820234,sparse_factor,16.0,16.0
advection_diffusion,optdmd,,0.03527022030504338,0.016531024265158335,20,0.0298775168135625,0.0673295096445838,sparse_factor,4.0,4.0
advection_diffusion,optdmd,,0.04979638201423646,0.04273394098997787,20,0.02820079398938645,0.1290613607657946,sparse_factor,8.0,8.0
advection_diffusion,optdmd,,0.08617286260350812,0.08982930690717666,20,0.0421301394343738,0.2932008967892573,sparse_factor,16.0,16.0
advection_diffusion,pod_edmd_rbf,,0.04420532263884723,0.04340937684439475,20,0.0290561374776431,0.1232542918532778,sparse_factor,4.0,4.0
advection_diffusion,pod_edmd_rbf,,0.0755025758690312,0.07798307817607221,20,0.03866554914047695,0.2312283520429071,sparse_factor,8.0,8.0
advection_diffusion,pod_edmd_rbf,,0.13733003937978985,0.1710446125831665,20,0.0638619511992191,0.6746320628029515,sparse_factor,16.0,16.0
burgers,baseline,,0.3303252539978629,0.256745347225995,40,0.2909449914167713,0.7801438774212952,sparse_factor,4.0,4.0
burgers,baseline,,0.32565214528967634,0.24894669914815148,40,0.2936488014771782,0.7433358736179037,sparse_factor,8.0,8.0
burgers,baseline,,0.33708100596639146,0.2570092647624638,40,0.29961861457588423,0.7812432574716165,sparse_factor,16.0,16.0
burgers,baseline,,0.35498542386428616,0.24494106837834223,40,0.3185967966984392,0.7704116503340303,sparse_factor,32.0,32.0
burgers,pod_edmd_rbf,,0.17717749405551114,0.18335618978487944,40,0.17067508977724125,0.6741537844097912,sparse_factor,4.0,4.0
burgers,pod_edmd_rbf,,0.22078896822295166,0.21791229305978033,40,0.19538135037561485,0.7149838813176542,sparse_factor,8.0,8.0
burgers,pod_edmd_rbf,,0.3000019002476317,0.30238097172573286,40,0.2297770496983958,0.9866708852746268,sparse_factor,16.0,16.0
burgers,pod_edmd_rbf,,0.33015808638238153,0.28620667141318934,40,0.26128384363477186,0.9064148867204728,sparse_factor,32.0,32.0
burgers,pydmd_optdmd,,0.13161437597836098,0.1083425658662948,40,0.1655173175719866,0.2980921252399585,sparse_factor,4.0,4.0
burgers,pydmd_optdmd,,0.15576304972032778,0.13132386005894128,40,0.17487843461766625,0.3732802321957188,sparse_factor,8.0,8.0
burgers,pydmd_optdmd,,0.19565780499534857,0.1695773560539234,40,0.2007831746620672,0.491436832013841,sparse_factor,16.0,16.0
burgers,pydmd_optdmd,,19.311765720282704,118.96605167238438,39,0.2252299231934547,743.2033780429803,sparse_factor,32.0,32.0
fisher_kpp,baseline,,0.06298673994174644,0.13753162883418363,40,0.040194814626266756,0.6511724869320819,sparse_factor,4.0,4.0
fisher_kpp,baseline,,0.032605668186811626,0.01780662341174529,40,0.0411421636362575,0.0618287566190035,sparse_factor,8.0,8.0
fisher_kpp,baseline,,0.03209451658858703,0.0178896968318329,40,0.04044123218754025,0.0583149957820768,sparse_factor,16.0,16.0
fisher_kpp,baseline,,0.031074269550859394,0.014941166439181466,40,0.0359530319969141,0.0677445608569586,sparse_factor,32.0,32.0
fisher_kpp,pod_edmd_rbf,,0.2907994679120631,0.7006764709673748,40,0.03967499904821285,2.9320905636834667,sparse_factor,4.0,4.0
fisher_kpp,pod_edmd_rbf,,0.06434612093300608,0.14863860506267518,40,0.039509075513380745,0.8513231747433201,sparse_factor,8.0,8.0
fisher_kpp,pod_edmd_rbf,,0.08202826612389803,0.29635379603784273,40,0.039492069966263796,1.9042011605926945,sparse_factor,16.0,16.0
fisher_kpp,pod_edmd_rbf,,0.04036240108982826,0.03046928949020459,40,0.035824061113044495,0.1170245835784782,sparse_factor,32.0,32.0
fisher_kpp,pydmd_optdmd,,0.030101351733925218,0.018247122062754598,40,0.03730865980698565,0.0636412598645434,sparse_factor,4.0,4.0
fisher_kpp,pydmd_optdmd,,0.032062816084960435,0.01921057492854487,40,0.03736061918774885,0.0748793464422964,sparse_factor,8.0,8.0
fisher_kpp,pydmd_optdmd,,0.031082051917456235,0.017918252626181207,39,0.0377320538022724,0.0616806617797996,sparse_factor,16.0,16.0
fisher_kpp,pydmd_optdmd,,0.0331869040969007,0.019251135748959067,40,0.04019739060535255,0.0757108644446869,sparse_factor,32.0,32.0
lorenz63,baseline,,0.1700815953211801,0.18506945449184697,50,0.1063274285740098,1.2671146662706718,sparse_factor,8.0,8.0
lorenz63,baseline,,0.5223384412403127,0.27187969265569223,50,0.36681444246405437,1.3778523197301358,sparse_factor,16.0,16.0
lorenz63,baseline,,1.1629373380329697,0.2732559723915151,50,1.1810211555714756,2.134592614758955,sparse_factor,32.0,32.0
lorenz63,baseline,,1.061955965794805,0.1111644334430407,50,1.0284570807536606,1.527315973819866,sparse_factor,64.0,64.0
lorenz63,edmd_poly3,,0.07228996997545059,0.19741787601785732,50,0.020364844078861348,1.3397458351231062,sparse_factor,8.0,8.0
lorenz63,edmd_poly3,,0.18057591963228564,0.3670946487935443,50,0.034712320812527855,1.6158743249432337,sparse_factor,16.0,16.0
lorenz63,edmd_poly3,,1.4349568178077763,0.76851883344618,50,1.3030533146640417,2.72372841969358,sparse_factor,32.0,32.0
lorenz63,edmd_poly3,,1.2551128364716408,0.4721709709658593,50,1.0720676276535268,3.987278514195898,sparse_factor,64.0,64.0
lorenz63,edmd_rbf,,0.08380723020176736,0.1510266856197418,50,0.0175440260190713,0.6298359709236231,sparse_factor,8.0,8.0
lorenz63,edmd_rbf,,0.28644803601043645,0.47830371845041,50,0.04703058961423215,1.5833838650026957,sparse_factor,16.0,16.0
lorenz63,edmd_rbf,,1.309086702528966,0.4702237497673022,50,1.2953013726804512,2.5182382189688504,sparse_factor,32.0,32.0
lorenz63,edmd_rbf,,1.3616188491442858,0.38985519759430864,50,1.3119360213913764,3.2311180716294507,sparse_factor,64.0,64.0
vanderpol_mu2,baseline,,0.031168282812485525,0.03691362536215756,50,0.01415008737924075,0.1298198454302936,sparse_factor,8.0,8.0
vanderpol_mu2,baseline,,0.05059768910946529,0.03425565742396268,50,0.032205548099444245,0.1686511812587527,sparse_factor,16.0,16.0
vanderpol_mu2,baseline,,0.13157578950120313,0.043868681382439545,50,0.1107091474250589,0.2644624217456497,sparse_factor,32.0,32.0
vanderpol_mu2,baseline,,0.5738084910034081,0.15786495114709684,50,0.6208766488476078,0.8159493937654624,sparse_factor,64.0,64.0
vanderpol_mu2,edmd_poly3,,0.010416546846848613,0.012730901567901179,50,0.00634953800309075,0.0549019526732783,sparse_factor,8.0,8.0
vanderpol_mu2,edmd_poly3,,0.014295576674947302,0.014341494147446154,50,0.00801246307668055,0.0509755407600339,sparse_factor,16.0,16.0
vanderpol_mu2,edmd_poly3,,0.027235127006334344,0.046428014846091624,50,0.01670244252903495,0.3168562321032815,sparse_factor,32.0,32.0
vanderpol_mu2,edmd_poly3,,0.04279221321537866,0.030504703218053042,50,0.030416673894198998,0.1473555705462135,sparse_factor,64.0,64.0
vanderpol_mu2,edmd_rbf,,0.0277751903733349,0.06585820633346115,50,0.00611978413559305,0.3542636167248399,sparse_factor,8.0,8.0
vanderpol_mu2,edmd_rbf,,0.03777989271831396,0.13592072728901936,50,0.01099150578067965,0.9557891629593598,sparse_factor,16.0,16.0
vanderpol_mu2,edmd_rbf,,0.038901074196543185,0.05840293619495159,50,0.01894739103524765,0.3375376977348516,sparse_factor,32.0,32.0
vanderpol_mu2,edmd_rbf,,0.1166394524064112,0.17289520274846656,50,0.027965754351693253,0.8055103192434255,sparse_factor,64.0,64.0
