system,sparse_factor,noise,seed,control,delta_f1,delta_error,delta_score,edmd_score_win,edmd_score_tie
burgers,8,0.05,0,raw_weak,0.0,-0.00014906923156459903,0.00014597837015972726,1,0
burgers,8,0.05,1,raw_weak,0.0,0.00012122471471170005,-0.00012055803761612527,0,0
burgers,8,0.05,2,raw_weak,0.0,-0.00022475732954699984,0.00022405515433798762,1,0
burgers,8,0.05,3,raw_weak,0.0,0.00011443904258449998,-0.00011398684299801509,0,0
burgers,8,0.05,4,raw_weak,0.0,1.129093618750139e-05,-1.107422949819803e-05,0,0
burgers,8,0.1,0,raw_weak,0.0,0.00032259248591379967,-0.000320940539855763,0,0
burgers,8,0.1,1,raw_weak,0.0,0.0011207073565725001,-0.001110974886018079,0,0
burgers,8,0.1,2,raw_weak,0.0,-0.0010096317764043995,0.0009698764153071027,1,0
burgers,8,0.1,3,raw_weak,0.0,-0.0003995464535942999,0.00039033748964134585,1,0
burgers,8,0.1,4,raw_weak,0.0,-6.522484711740011e-05,6.479158239480753e-05,1,0
burgers,8,0.2,0,raw_weak,0.0,-0.0094920879064368,0.009296369776118807,1,0
burgers,8,0.2,1,raw_weak,0.0,-0.006870701553541001,0.006557150665779554,1,0
burgers,8,0.2,2,raw_weak,0.0,0.0080137832483387,-0.007678839728108344,0,0
burgers,8,0.2,3,raw_weak,0.0,0.006496374200178401,-0.00615970366377161,0,0
burgers,8,0.2,4,raw_weak,-0.19999999999999996,0.0435451336752749,-0.23215697093363863,0,0
burgers,32,0.05,0,raw_weak,0.0,0.0007450388111230003,-0.0007311307807534861,0,0
burgers,32,0.05,1,raw_weak,0.0,1.3560505349200988e-05,-1.3301865504522503e-05,0,0
burgers,32,0.05,2,raw_weak,0.0,0.0003615689659229003,-0.0003595289162932058,0,0
burgers,32,0.05,3,raw_weak,0.0,-0.00037354240292570076,0.0003645685586683989,1,0
burgers,32,0.05,4,raw_weak,0.0,0.0004274807582913,-0.0004249707069626796,0,0
burgers,32,0.1,0,raw_weak,-0.33333333333333337,0.029340897711249998,-0.34455693460194114,0,0
burgers,32,0.1,1,raw_weak,-0.33333333333333337,0.03749655522574791,-0.351384504032082,0,0
burgers,32,0.1,2,raw_weak,0.0,0.0015018845038912987,-0.0008895887075767162,0,0
burgers,32,0.1,3,raw_weak,0.0,0.00018220528780719947,-0.0001751484874707998,0,0
burgers,32,0.1,4,raw_weak,0.0,0.0045544196500516,-0.004323452321456811,0,0
burgers,32,0.2,0,raw_weak,0.0,0.002732418556111199,-0.001647418018858815,0,0
burgers,32,0.2,1,raw_weak,0.0,0.004280829217955293,-0.0025361618946579956,0,0
burgers,32,0.2,2,raw_weak,0.0,-0.00044283905686549885,0.0002673593591725476,1,0
burgers,32,0.2,3,raw_weak,0.0,0.001851059666541796,-0.0011143342164726677,0,0
burgers,32,0.2,4,raw_weak,0.0,3.363229275259866e-05,-2.0332746586859685e-05,0,0
burgers,8,0.05,0,linear_weak,0.0,-0.00017541101900970038,0.000171769499157981,1,0
burgers,8,0.05,1,linear_weak,0.0,5.703751630359993e-05,-5.672020674074574e-05,0,0
burgers,8,0.05,2,linear_weak,0.0,-0.00019726781742099991,0.00019665692046821892,1,0
burgers,8,0.05,3,linear_weak,0.0,7.736661235629994e-05,-7.705805119762044e-05,0,0
burgers,8,0.05,4,linear_weak,0.0,0.00010806879510780014,-0.00010600479315603373,0,0
burgers,8,0.1,0,linear_weak,0.0,0.00018874933981169982,-0.00018775771404433428,0,0
burgers,8,0.1,1,linear_weak,0.0,0.0010909769420202001,-0.0010814706264400398,0,0
burgers,8,0.1,2,linear_weak,0.0,-0.001179295905842398,0.0011326715740903603,1,0
burgers,8,0.1,3,linear_weak,0.0,-0.0005427497049467003,0.000530165088067136,1,0
burgers,8,0.1,4,linear_weak,0.0,-2.024380207740024e-05,2.0110231470193973e-05,1,0
burgers,8,0.2,0,linear_weak,0.0,-0.0085371608444595,0.008369004340510244,1,0
burgers,8,0.2,1,linear_weak,0.0,-0.0068225398640469025,0.006511492218645443,1,0
burgers,8,0.2,2,linear_weak,0.0,0.007164117234063402,-0.006858959140460752,0,0
burgers,8,0.2,3,linear_weak,0.0,0.006063971533158099,-0.005747282440821455,0,0
burgers,8,0.2,4,linear_weak,-0.19999999999999996,0.0439987706715028,-0.23260662860856862,0,0
burgers,32,0.05,0,linear_weak,0.0,0.000276792252491399,-0.00027149924340519327,0,0
burgers,32,0.05,1,linear_weak,0.0,0.0007686846200675012,-0.0007545878309319631,0,0
burgers,32,0.05,2,linear_weak,0.0,-0.0005099568639344997,0.0005066391968596706,1,0
burgers,32,0.05,3,linear_weak,0.0,0.0003401628935008009,-0.0003322251483920402,0,0
burgers,32,0.05,4,linear_weak,0.0,0.0014208104819451,-0.0014138684740175878,0,0
burgers,32,0.1,0,linear_weak,-0.33333333333333337,0.0297133616545153,-0.34491404836589856,0,0
burgers,32,0.1,1,linear_weak,-0.33333333333333337,0.038590639441488106,-0.3524452355024039,0,0
burgers,32,0.1,2,linear_weak,0.0,0.0016607842838552989,-0.0009838548926703883,0,0
burgers,32,0.1,3,linear_weak,0.0,-0.00018135816929239906,0.0001742720523681962,1,0
burgers,32,0.1,4,linear_weak,0.0,0.0045236261450696015,-0.004294091321251137,0,0
burgers,32,0.2,0,linear_weak,0.0,0.0027800061919203978,-0.0016761853057779552,0,0
burgers,32,0.2,1,linear_weak,0.0,0.004658272031846898,-0.0027607608316433385,0,0
burgers,32,0.2,2,linear_weak,0.0,-0.0002624871606131951,0.00015850102233117003,1,0
burgers,32,0.2,3,linear_weak,0.0,0.0018047820360316963,-0.0010864273568703675,0,0
burgers,32,0.2,4,linear_weak,0.0,2.915575334150322e-05,-1.762633375723688e-05,0,0
burgers,8,0.05,0,tv_weak,0.0,0.0007641183749943995,-0.0007489515930499957,0,0
burgers,8,0.05,1,tv_weak,0.0,0.0002837922973845,-0.00028227734303853946,0,0
burgers,8,0.05,2,tv_weak,0.0,-0.0004900038175935,0.0004883436586096135,1,0
burgers,8,0.05,3,tv_weak,0.0,-0.0006159558832618999,0.0006130750406042607,1,0
burgers,8,0.05,4,tv_weak,0.0,8.965801740990105e-05,-8.79440385580521e-05,0,0
burgers,8,0.1,0,tv_weak,0.0,-0.0012255902075943006,0.0012174338699136866,1,0
burgers,8,0.1,1,tv_weak,0.0,-0.0036615544652579,0.003612546154026175,1,0
burgers,8,0.1,2,tv_weak,0.0,0.0095364880542553,-0.009256611079132893,0,0
burgers,8,0.1,3,tv_weak,0.0,-0.0056361080714698985,0.005477856952298743,1,0
burgers,8,0.1,4,tv_weak,0.0,0.0010488203114324998,-0.0010430114415386216,0,0
burgers,8,0.2,0,tv_weak,0.0,-0.005510909063392101,0.005418527717532595,1,0
burgers,8,0.2,1,tv_weak,0.0,-0.0029499542130479,0.002826118738542549,1,0
burgers,8,0.2,2,tv_weak,0.0,0.007145331909965802,-0.006840847801516392,0,0
burgers,8,0.2,3,tv_weak,0.33333333333333337,-0.020277864846737097,0.3360473293423867,1,0
burgers,8,0.2,4,tv_weak,-0.19999999999999996,0.0416325964827459,-0.23026566708069507,0,0
burgers,32,0.05,0,tv_weak,0.0,0.0007653296936596006,-0.0007510579850282806,0,0
burgers,32,0.05,1,tv_weak,0.0,-0.00048611962640279956,0.0004766119820358572,1,0
burgers,32,0.05,2,tv_weak,0.0,-0.00011994849183029994,0.00011921446472662467,1,0
burgers,32,0.05,3,tv_weak,0.0,-0.00028179906052290017,0.00027505414915840465,1,0
burgers,32,0.05,4,tv_weak,0.0,-0.0010136283295279006,0.0010062304458171578,1,0
burgers,32,0.1,0,tv_weak,-0.33333333333333337,0.029340897711249998,-0.34455693460194114,0,0
burgers,32,0.1,1,tv_weak,-0.33333333333333337,0.03749655522574791,-0.351384504032082,0,0
burgers,32,0.1,2,tv_weak,0.0,0.007252121850528398,-0.004318966324273088,0,0
burgers,32,0.1,3,tv_weak,0.0,0.0098400580834868,-0.009549384222739543,0,0
burgers,32,0.1,4,tv_weak,0.0,0.004421609607943501,-0.0041968331763921896,0,0
burgers,32,0.2,0,tv_weak,0.0,0.002133929271614099,-0.0012858466419151116,0,0
burgers,32,0.2,1,tv_weak,0.0,0.004280829217955293,-0.0025361618946579956,0,0
burgers,32,0.2,2,tv_weak,0.0,0.0005960417483856992,-0.0003602098919440744,0,0
burgers,32,0.2,3,tv_weak,0.0,0.000764054753069697,-0.00045948439601750657,0,0
burgers,32,0.2,4,tv_weak,0.0,-8.98825767235989e-05,5.43330403041109e-05,1,0
burgers,8,0.05,0,pod_weak,0.0,-0.00010590065874089942,0.00010370930188674521,1,0
burgers,8,0.05,1,pod_weak,0.0,8.067802320680002e-05,-8.0231088891769e-05,0,0
burgers,8,0.05,2,pod_weak,0.0,-1.857266168580002e-05,1.8518449761639744e-05,1,0
burgers,8,0.05,3,pod_weak,0.0,-3.253425805300244e-06,3.2401894586309155e-06,1,0
burgers,8,0.05,4,pod_weak,0.0,0.00012444541944980035,-0.0001220706209790201,0,0
burgers,8,0.1,0,pod_weak,0.0,-0.0011098503940492003,0.0011025914188418362,1,0
burgers,8,0.1,1,pod_weak,0.0,-7.061410510349978e-05,6.991789808574733e-05,1,0
burgers,8,0.1,2,pod_weak,0.0,-0.0003132307037139008,0.0003011023169251503,1,0
burgers,8,0.1,3,pod_weak,0.0,0.0001356328058993994,-0.0001325767832836,0,0
burgers,8,0.1,4,pod_weak,0.0,-0.0002171662195767001,0.0002156910017809821,1,0
burgers,8,0.2,0,pod_weak,0.0,-0.0030636448346511,0.003019595411238085,1,0
burgers,8,0.2,1,pod_weak,0.0,0.0011940734012621974,-0.0011485997896202305,0,0
burgers,8,0.2,2,pod_weak,0.0,0.00024953600478020213,-0.00023729581823617174,0,0
burgers,8,0.2,3,pod_weak,0.0,-0.001954129622563701,0.0018376885310079638,1,0
burgers,8,0.2,4,pod_weak,0.0,0.0018302912241209002,-0.0013350317606880546,0,0
burgers,32,0.05,0,pod_weak,0.0,-0.00020983680155369985,0.00020572499645976627,1,0
burgers,32,0.05,1,pod_weak,0.0,-6.712959277500007e-05,6.584396635600509e-05,1,0
burgers,32,0.05,2,pod_weak,0.0,-0.00024317164973179997,0.00024165387181585007,1,0
burgers,32,0.05,3,pod_weak,0.0,0.0007995904464620004,-0.0007812866915256622,0,0
burgers,32,0.05,4,pod_weak,0.0,-0.00032995341855680035,0.0003277684355409427,1,0
burgers,32,0.1,0,pod_weak,-0.33333333333333337,0.0284816424996685,-0.34373408406378714,0,0
burgers,32,0.1,1,pod_weak,0.0,0.0007333273751217034,-0.00044067813773607245,0,0
burgers,32,0.1,2,pod_weak,0.0,0.0007136779104827962,-0.0004224080736024982,0,0
burgers,32,0.1,3,pod_weak,0.0,0.00011366980194479903,-0.00010926003463640477,0,0
burgers,32,0.1,4,pod_weak,0.0,0.005437324909800201,-0.00516603682557315,0,0
burgers,32,0.2,0,pod_weak,0.0,0.0007255799112156971,-0.00043662913379183266,0,0
burgers,32,0.2,1,pod_weak,0.0,0.001576395625371492,-0.0009315501888461641,0,0
burgers,32,0.2,2,pod_weak,0.0,0.0003252260837447035,-0.00019649537227017788,0,0
burgers,32,0.2,3,pod_weak,0.0,0.0007778728368845952,-0.000467800405340002,0,0
burgers,32,0.2,4,pod_weak,0.0,-0.0004171177639019988,0.00025206461239790645,1,0
burgers,8,0.05,0,pod_tv_weak,0.0,-0.0001588356817735989,0.00015554081572233258,1,0
burgers,8,0.05,1,pod_tv_weak,0.0,0.0004107722292725001,-0.00040863118085632255,0,0
burgers,8,0.05,2,pod_tv_weak,0.0,-0.0006921215536197,0.0006896374913903935,1,0
burgers,8,0.05,3,pod_tv_weak,0.0,-0.0001577881376713,0.00015712195580463995,1,0
burgers,8,0.05,4,pod_tv_weak,0.0,0.00035958362177150073,-0.0003528038360124386,0,0
burgers,8,0.1,0,pod_tv_weak,0.0,-0.0015831304686654002,0.0015720348400720674,1,0
burgers,8,0.1,1,pod_tv_weak,0.0,0.0013594887016905003,-0.0013480032573254253,0,0
burgers,8,0.1,2,pod_tv_weak,0.0,0.002298023601384102,-0.0022147126772452674,0,0
burgers,8,0.1,3,pod_tv_weak,0.0,0.0002732351866788999,-0.00026711510546606476,0,0
burgers,8,0.1,4,pod_tv_weak,0.0,-6.436972777100003e-05,6.394219778682597e-05,1,0
burgers,8,0.2,0,pod_tv_weak,0.0,0.0005465484433894996,-0.0005406248431143457,0,0
burgers,8,0.2,1,pod_tv_weak,0.0,0.001575661685922599,-0.001516223920825177,0,0
burgers,8,0.2,2,pod_tv_weak,0.0,0.0022134448855161,-0.0021089108059195727,0,0
burgers,8,0.2,3,pod_tv_weak,0.33333333333333337,-0.0238578877813009,0.3382027305720553,1,0
burgers,8,0.2,4,pod_tv_weak,-0.19999999999999996,0.044866506711045195,-0.2334678856174538,0,0
burgers,32,0.05,0,pod_tv_weak,0.0,-0.00039441773103470086,0.0003866183636397347,1,0
burgers,32,0.05,1,pod_tv_weak,0.0,0.00039434740580969983,-0.0003869719510716241,0,0
burgers,32,0.05,2,pod_tv_weak,0.0,-0.0004088063230766998,0.0004061876609776638,1,0
burgers,32,0.05,3,pod_tv_weak,0.0,0.0011005846701035993,-0.0010757109140632215,0,0
burgers,32,0.05,4,pod_tv_weak,0.0,-0.0005289487516987003,0.0005253418258753806,1,0
burgers,32,0.1,0,pod_tv_weak,-0.33333333333333337,0.030668289754600998,-0.34583081281733175,0,0
burgers,32,0.1,1,pod_tv_weak,0.0,0.0006729542285190057,-0.00040437493936951174,0,0
burgers,32,0.1,2,pod_tv_weak,0.0,0.004656609186542801,-0.002766411475223829,0,0
burgers,32,0.1,3,pod_tv_weak,0.0,0.006446329384276601,-0.006234959600807999,0,0
burgers,32,0.1,4,pod_tv_weak,0.0,0.0001018177206363012,-9.623583928275448e-05,0,0
burgers,32,0.2,0,pod_tv_weak,-0.13333333333333341,0.0016210197499604978,-0.12780500587413013,0,0
burgers,32,0.2,1,pod_tv_weak,0.0,0.006312331203393494,-0.0037469080795354825,0,0
burgers,32,0.2,2,pod_tv_weak,0.0,-0.003926955750843494,0.0023630244566896774,1,0
burgers,32,0.2,3,pod_tv_weak,0.0,-0.0005192918401569005,0.00031190946913872697,1,0
burgers,32,0.2,4,pod_tv_weak,-0.33333333333333337,0.0316882263041562,-0.3470514591235938,0,0
vanderpol_mu2,16,0.05,0,raw_weak,0.0,-0.000978630506064098,0.0009442526688132613,1,0
vanderpol_mu2,16,0.05,1,raw_weak,0.0,-0.011944590670750502,0.011365331077824448,1,0
vanderpol_mu2,16,0.05,2,raw_weak,0.0,0.007813608266741299,-0.007488191497912022,0,0
vanderpol_mu2,16,0.05,3,raw_weak,0.0,-0.0095685200746602,0.009314196505634253,1,0
vanderpol_mu2,16,0.05,4,raw_weak,0.0,0.0005594822668213012,-0.0005458939516161943,0,0
vanderpol_mu2,16,0.1,0,raw_weak,0.1428571428571429,-0.4420907932718757,0.3925253947804078,1,0
vanderpol_mu2,16,0.1,1,raw_weak,0.0,-0.022655079525353398,0.021201462632436607,1,0
vanderpol_mu2,16,0.1,2,raw_weak,0.0888888888888888,-0.0370383591278602,0.11034843686797435,1,0
vanderpol_mu2,16,0.1,3,raw_weak,0.0,-0.0238347143228362,0.022936625256621435,1,0
vanderpol_mu2,16,0.1,4,raw_weak,0.0,0.0351174885629215,-0.033132347549197805,0,0
vanderpol_mu2,16,0.2,0,raw_weak,-0.33333333333333337,0.6883981072932297,-0.5319598691484737,0,0
vanderpol_mu2,16,0.2,1,raw_weak,-0.25,0.35711693210119577,-0.3390341509159801,0,0
vanderpol_mu2,16,0.2,2,raw_weak,0.1071428571428571,-0.014493352968838247,0.07612078991549026,1,0
vanderpol_mu2,16,0.2,3,raw_weak,0.33333333333333337,-0.4470727034919622,0.44336886067790815,1,0
vanderpol_mu2,16,0.2,4,raw_weak,-0.1071428571428571,-0.036770805714823274,-0.05680174313523656,0,0
vanderpol_mu2,64,0.05,0,raw_weak,0.1428571428571429,-0.2886794980739044,0.32121869850744567,1,0
vanderpol_mu2,64,0.05,1,raw_weak,0.0,-0.0147572486851076,0.014287334575712629,1,0
vanderpol_mu2,64,0.05,2,raw_weak,0.0,0.019146684912447004,-0.018321415772339034,0,0
vanderpol_mu2,64,0.05,3,raw_weak,0.0,-0.037935035730812,0.03442095507388254,1,0
vanderpol_mu2,64,0.05,4,raw_weak,0.0,-0.03434428027803681,0.03216024019400188,1,0
vanderpol_mu2,64,0.1,0,raw_weak,-0.1428571428571429,0.28354758373170774,-0.23800885619240109,0,0
vanderpol_mu2,64,0.1,1,raw_weak,-0.1428571428571429,0.37360896604273036,-0.3363316382091327,0,0
vanderpol_mu2,64,0.1,2,raw_weak,0.0,-0.060429288104869895,0.05316689185706358,1,0
vanderpol_mu2,64,0.1,3,raw_weak,-0.1428571428571429,0.275139202830596,-0.2833842076438593,0,0
vanderpol_mu2,64,0.1,4,raw_weak,-0.25,0.46444835546503865,-0.4570473434049574,0,0
vanderpol_mu2,64,0.2,0,raw_weak,-0.30000000000000004,0.00032488364047733587,-0.16359310579407726,0,0
vanderpol_mu2,64,0.2,1,raw_weak,-0.4571428571428571,0.5022038700376481,-0.38727852063477797,0,0
vanderpol_mu2,64,0.2,2,raw_weak,-0.20454545454545459,0.3943259726752306,-0.14594734346231036,0,0
vanderpol_mu2,64,0.2,3,raw_weak,-0.5,0.8680991454990357,-0.49156056118428126,0,0
vanderpol_mu2,64,0.2,4,raw_weak,0.0,-0.12994836199785043,0.08632354107325335,1,0
vanderpol_mu2,16,0.05,0,linear_weak,0.0,-0.003208837725205898,0.0030893514741887618,1,0
vanderpol_mu2,16,0.05,1,linear_weak,0.0,-0.017431830102036503,0.01649866708149461,1,0
vanderpol_mu2,16,0.05,2,linear_weak,0.0,0.0138833200577973,-0.013384953142998812,0,0
vanderpol_mu2,16,0.05,3,linear_weak,0.0,-0.01431818954434,0.01387291951090186,1,0
vanderpol_mu2,16,0.05,4,linear_weak,0.0,-0.004076836663979398,0.003959682244035201,1,0
vanderpol_mu2,16,0.1,0,linear_weak,0.1428571428571429,-0.4425574448986509,0.3927117040793273,1,0
vanderpol_mu2,16,0.1,1,linear_weak,0.0,-0.0297922243340239,0.027691557750793017,1,0
vanderpol_mu2,16,0.1,2,linear_weak,0.0,0.005770494992339004,-0.004659656342188567,0,0
vanderpol_mu2,16,0.1,3,linear_weak,0.0,-0.032652781894137395,0.03115605103165786,1,0
vanderpol_mu2,16,0.1,4,linear_weak,0.0,0.0317917826991259,-0.029896402340588768,0,0
vanderpol_mu2,16,0.2,0,linear_weak,-0.33333333333333337,0.67036625746937,-0.5174839018867494,0,0
vanderpol_mu2,16,0.2,1,linear_weak,-0.25,0.3621035067934776,-0.3423225616085638,0,0
vanderpol_mu2,16,0.2,2,linear_weak,-0.031746031746031744,0.35307380266281496,-0.20308403114516282,0,0
vanderpol_mu2,16,0.2,3,linear_weak,0.33333333333333337,-0.4384944237781276,0.4411648282327342,1,0
vanderpol_mu2,16,0.2,4,linear_weak,-0.25,0.3638466312397639,-0.36619734651025027,0,0
vanderpol_mu2,64,0.05,0,linear_weak,0.19999999999999996,-0.4523288962920255,0.43162736204235586,1,0
vanderpol_mu2,64,0.05,1,linear_weak,0.33333333333333337,-0.805880581407809,0.6237776527666983,1,0
vanderpol_mu2,64,0.05,2,linear_weak,0.0,-0.0650171083209857,0.05744109270911857,1,0
vanderpol_mu2,64,0.05,3,linear_weak,0.0,-0.10670327535905419,0.09096675420149647,1,0
vanderpol_mu2,64,0.05,4,linear_weak,0.0,-0.1015757389526805,0.08939613131086066,1,0
vanderpol_mu2,64,0.1,0,linear_weak,-0.1428571428571429,0.270290924517232,-0.2297618413494089,0,0
vanderpol_mu2,64,0.1,1,linear_weak,-0.1428571428571429,0.3243142741739878,-0.29590264832014235,0,0
vanderpol_mu2,64,0.1,2,linear_weak,0.0,-0.09563948476431772,0.08152814769129535,1,0
vanderpol_mu2,64,0.1,3,linear_weak,0.19047619047619047,-0.15175156795580708,0.18562142058735437,1,0
vanderpol_mu2,64,0.1,4,linear_weak,-0.25,0.40314700143189725,-0.40452973021730393,0,0
vanderpol_mu2,64,0.2,0,linear_weak,-0.30000000000000004,0.03330379217438051,-0.17157739786832676,0,0
vanderpol_mu2,64,0.2,1,linear_weak,-0.6,0.6326174008611447,-0.5545325712912536,0,0
vanderpol_mu2,64,0.2,2,linear_weak,-0.12121212121212122,0.5102112023309615,-0.12477984757074706,0,0
vanderpol_mu2,64,0.2,3,linear_weak,-0.0714285714285714,0.18539800460677625,-0.053729486676093924,0,0
vanderpol_mu2,64,0.2,4,linear_weak,0.0,-0.1868504789001591,0.11889340391449388,1,0
vanderpol_mu2,16,0.05,0,tv_weak,0.0,-0.0002155065779525997,0.00020809206264837954,1,0
vanderpol_mu2,16,0.05,1,tv_weak,0.0,-0.0129079493604114,0.012270507421171861,1,0
vanderpol_mu2,16,0.05,2,tv_weak,0.0,0.0111301352306121,-0.010701471537614027,0,0
vanderpol_mu2,16,0.05,3,tv_weak,0.0,-0.010402191958610299,0.01011742748214084,1,0
vanderpol_mu2,16,0.05,4,tv_weak,0.0,-0.0049866784354604,0.004839047918981376,1,0
vanderpol_mu2,16,0.1,0,tv_weak,0.0,-0.015643440289471903,0.01472548651380845,1,0
vanderpol_mu2,16,0.1,1,tv_weak,0.0,-0.03186225250740039,0.02955747983491941,1,0
vanderpol_mu2,16,0.1,2,tv_weak,0.0,0.004317687500169198,-0.0034816845615360803,0,0
vanderpol_mu2,16,0.1,3,tv_weak,0.0,-0.0352678700105503,0.03356688094430338,1,0
vanderpol_mu2,16,0.1,4,tv_weak,0.0,0.026552565382643403,-0.02484136907537593,0,0
vanderpol_mu2,16,0.2,0,tv_weak,-0.33333333333333337,0.6531534039236343,-0.5040917643720637,0,0
vanderpol_mu2,16,0.2,1,tv_weak,-0.050000000000000044,-0.3387562269309913,0.056838385664147395,1,0
vanderpol_mu2,16,0.2,2,tv_weak,0.19047619047619047,-0.3072157912471378,0.20223342383422532,1,0
vanderpol_mu2,16,0.2,3,tv_weak,0.2727272727272727,-0.4431538470238436,0.40474918804071525,1,0
vanderpol_mu2,16,0.2,4,tv_weak,-0.25,0.344070612605899,-0.35196372005082077,0,0
vanderpol_mu2,64,0.05,0,tv_weak,0.1428571428571429,-0.2886842422475921,0.3212210397150951,1,0
vanderpol_mu2,64,0.05,1,tv_weak,0.0,-0.014790103454766602,0.014318683615117456,1,0
vanderpol_mu2,64,0.05,2,tv_weak,0.0,0.019063261741615906,-0.018240085849153598,0,0
vanderpol_mu2,64,0.05,3,tv_weak,0.0,-0.037956654928938696,0.0344398750554058,1,0
vanderpol_mu2,64,0.05,4,tv_weak,0.0,-0.03435997755196531,0.03217445856341106,1,0
vanderpol_mu2,64,0.1,0,tv_weak,-0.1428571428571429,0.2836486488845906,-0.23807239512055545,0,0
vanderpol_mu2,64,0.1,1,tv_weak,-0.1428571428571429,0.3736519907982074,-0.3363685372215489,0,0
vanderpol_mu2,64,0.1,2,tv_weak,0.0,-0.060389742232104505,0.05313401447127597,1,0
vanderpol_mu2,64,0.1,3,tv_weak,-0.1428571428571429,0.275194728632243,-0.28342956474373315,0,0
vanderpol_mu2,64,0.1,4,tv_weak,-0.25,0.46439851410895144,-0.4570021533766024,0,0
vanderpol_mu2,64,0.2,0,tv_weak,-0.30000000000000004,8.387500633355582e-05,-0.16353581343466428,0,0
vanderpol_mu2,64,0.2,1,tv_weak,-0.4571428571428571,0.502213396499668,-0.38728242284836967,0,0
vanderpol_mu2,64,0.2,2,tv_weak,-0.12121212121212122,0.5101874959101851,-0.12477545891657627,0,0
vanderpol_mu2,64,0.2,3,tv_weak,-0.5,0.8681958951405502,-0.4916095385997097,0,0
vanderpol_mu2,64,0.2,4,tv_weak,0.0,-0.12994836199785043,0.08632354107325335,1,0
