system,method,method_label,sparse_factor,obs_dt,noise,n_planned,support_f1_mean,support_f1_se,coef_error_median,coef_error_mean,coef_error_se,practical_score_mean,practical_score_se,exact_support_rate,state_error_median,weak_truth_residual_median,n_ok
burgers,edmd_weak,EDMD + weak,8,0.04,0.05,5,1.0,0.0,0.0028217654967872,0.00530264006618766,0.0019735914875011226,0.9947406419245297,0.0019499368631598923,1.0,0.0313351244405733,0.0365057966311568,5
burgers,edmd_weak,EDMD + weak,8,0.04,0.1,5,1.0,0.0,0.004931107698149,0.00845604863096114,0.0032364621605963976,0.9916554980701724,0.0031659221191595505,1.0,0.0679672682219648,0.078060861772911,5
burgers,edmd_weak,EDMD + weak,8,0.04,0.2,5,0.96,0.03999999999999999,0.0255914855493343,0.025986792137073157,0.006908171289640741,0.9366866572898449,0.04354782623857321,0.8,0.1398369728387299,0.1335467519025237,5
burgers,edmd_weak,EDMD + weak,32,0.16,0.05,5,1.0,0.0,0.0096819149651736,0.007548689127878561,0.0018684688914049768,0.9925215326778046,0.0018423107696261926,1.0,0.0473517037234944,0.0910450896479827,5
burgers,edmd_weak,EDMD + weak,32,0.16,0.1,5,0.8,0.0816496580927726,0.0507930295646961,0.042955430369969884,0.007923383975846654,0.7695249123697419,0.08441400174728478,0.4,0.1141107694309472,0.1808793040585745,5
burgers,edmd_weak,EDMD + weak,32,0.16,0.2,5,0.6666666666666666,0.0,0.0529077745166843,0.05396744637680284,0.0023247198273122047,0.6325428475280335,0.0013875987185217851,0.0,0.2032473043984377,0.2895085922571597,5
burgers,linear_weak,Linear q5 + weak,8,0.04,0.05,5,1.0,0.0,0.0027647279804836,0.00532868124872026,0.0019761879098519897,0.9947149132508235,0.0019522389339347507,1.0,0.0407625570936092,0.0376158175773956,5
burgers,linear_weak,Linear q5 + weak,8,0.04,0.1,5,1.0,0.0,0.0038401307561288,0.008548561257168059,0.003550068567055781,0.9915727543595437,0.0034700215008289753,1.0,0.0836076062953759,0.075471272895386,5
burgers,linear_weak,Linear q5 + weak,8,0.04,0.2,5,1.0,0.0,0.0184273683152709,0.017613360391029582,0.004020995535074005,0.9827531320159839,0.0038994440167380534,1.0,0.1647067150977744,0.1748568752206266,5
burgers,linear_weak,Linear q5 + weak,32,0.16,0.05,5,1.0,0.0,0.0089132303451061,0.007089390451064501,0.0018981845301488122,0.992974640977782,0.0018736258472864162,1.0,0.0414302709421004,0.0854553839871344,5
burgers,linear_weak,Linear q5 + weak,32,0.16,0.1,5,0.9333333333333332,0.06666666666666668,0.0210796679101808,0.028094019698842697,0.00810870139365942,0.9100175039757131,0.07028557716428645,0.8,0.082541000069178,0.1625211963305395,5
burgers,linear_weak,Linear q5 + weak,32,0.16,0.2,5,0.6666666666666666,0.0,0.050864244284003,0.05216550060629738,0.001548339468814781,0.633619347289177,0.0009285869639556608,0.0,0.1663662278205413,0.2834157995536874,5
burgers,pod_tv_weak,POD + TV states + weak,8,0.04,0.05,5,1.0,0.0,0.0024109932675147,0.005350317970591779,0.001908418488076862,0.9946924688753201,0.0018850518638267848,1.0,0.0208117565732982,0.0349118150530829,5
burgers,pod_tv_weak,POD + TV states + weak,8,0.04,0.1,5,1.0,0.0,0.0043147378896306,0.00799939917229772,0.0027858260905147666,0.9920942688706079,0.0027305280214168183,1.0,0.0376508474244768,0.0581415321285408,5
burgers,pod_tv_weak,POD + TV states + weak,8,0.04,0.2,5,0.9333333333333332,0.06666666666666668,0.0186246467771536,0.02091793734815866,0.00913181995576978,0.9165728402128963,0.07112489294029303,0.8,0.0709076902163202,0.109668809133879,5
burgers,pod_tv_weak,POD + TV states + weak,32,0.16,0.05,5,1.0,0.0,0.0092875675593639,0.00751613727385792,0.001638061710368676,0.992550439680733,0.0016154828129231972,1.0,0.0406691968426476,0.0790579740719693,5
burgers,pod_tv_weak,POD + TV states + weak,32,0.16,0.1,5,0.8666666666666666,0.08164965809277262,0.0285413857914547,0.03444623031505474,0.008737527420602605,0.8405914713041451,0.08522027291462526,0.6,0.0667089564581699,0.1364675043391364,5
burgers,pod_tv_weak,POD + TV states + weak,32,0.16,0.2,5,0.76,0.0653197264742181,0.0537870894199414,0.04693238044350088,0.007174438724915877,0.7277285353583196,0.06827981111970058,0.2,0.1171097171913634,0.1942078509422506,5
burgers,pod_weak,POD only + weak,8,0.04,0.05,5,1.0,0.0,0.0027410874735804,0.00528716072690274,0.0019768196192623366,0.9947560086782825,0.0019530851277963005,1.0,0.0299945042493875,0.0363051693509287,5
burgers,pod_weak,POD only + weak,8,0.04,0.1,5,1.0,0.0,0.0050017218032525,0.00877109435426992,0.003171908476136889,0.9913441528997022,0.003099578892593842,1.0,0.0637069720830687,0.0775461408468789,5
burgers,pod_weak,POD only + weak,8,0.04,0.2,5,0.96,0.03999999999999999,0.0253419495445541,0.02633556690248346,0.006313088437276348,0.9362593859751046,0.043084335493801536,0.8,0.1263130828638074,0.1347369964627864,5
burgers,pod_weak,POD only + weak,32,0.16,0.05,5,1.0,0.0,0.0097490445579486,0.00755878933110962,0.001726771405128339,0.9925095917620753,0.0017029876894853486,1.0,0.0439643548104295,0.0813674412546099,5
burgers,pod_weak,POD only + weak,32,0.16,0.1,5,0.8666666666666666,0.08164965809277262,0.0232058786022908,0.03585950187056628,0.008711168519864093,0.8394994057968089,0.085219253593629,0.6,0.0905689437196261,0.1613837806264063,5
burgers,pod_weak,POD only + weak,32,0.16,0.2,5,0.6666666666666666,0.0,0.0521821946054686,0.053369855038139936,0.002043769097659069,0.6328989296256035,0.0012216529218296024,0.0,0.1813340628030717,0.2648787835891353,5
burgers,raw_weak,Raw + weak,8,0.04,0.05,5,1.0,0.0,0.0027005407820755,0.00532801443971324,0.001988130728546694,0.9947157590416527,0.0019640276738621763,1.0,0.0492280321818937,0.0376392340773882,5
burgers,raw_weak,Raw + weak,8,0.04,0.1,5,1.0,0.0,0.0038104003415765,0.0084622692778871,0.003523413341300929,0.9916568800578786,0.0034446758182232664,1.0,0.1014331043651453,0.0754626525629979,5
burgers,raw_weak,Raw + weak,8,0.04,0.2,5,1.0,0.0,0.0175777023009956,0.01764829180431032,0.0038774960282581625,0.982715056066569,0.0037588419900859405,1.0,0.1994628001489278,0.1749455595352523,5
burgers,raw_weak,Raw + weak,32,0.16,0.05,5,1.0,0.0,0.0090940569769494,0.0073138678003264205,0.0019681762062666625,0.9927544054199737,0.0019408753213691525,1.0,0.0491904408151779,0.0856846224100706,5
burgers,raw_weak,Raw + weak,32,0.16,0.1,5,0.9333333333333332,0.06666666666666668,0.0214521318534461,0.028340237894220282,0.00805779493701034,0.9097908379998474,0.07024932261547223,0.8,0.0998416381960738,0.1619438069106765,5
burgers,raw_weak,Raw + weak,32,0.16,0.2,5,0.6666666666666666,0.0,0.0510445961802553,0.05227642624150376,0.0016139615845982445,0.6335530250315142,0.0009675496940470534,0.0,0.1996006051596927,0.2834523917891521,5
burgers,tv_weak,TV states + weak,8,0.04,0.05,5,1.0,0.0,0.0026547741215631,0.005296318268400981,0.0017907439239845174,0.9947441927796163,0.0017694631892277595,1.0,0.0206045650012255,0.0343338606909873,5
burgers,tv_weak,TV states + weak,8,0.04,0.1,5,1.0,0.0,0.0085926621634069,0.008443637506688,0.002624185084930591,0.9916538551790589,0.0025742424945798237,1.0,0.0371160495733959,0.057630915940726,5
burgers,tv_weak,TV states + weak,8,0.04,0.2,5,0.9333333333333332,0.06666666666666668,0.0184461536393685,0.02197895208316624,0.00768164538105157,0.9152495651065948,0.07021214519188107,0.8,0.0664456321785581,0.1014394215165747,5
burgers,tv_weak,TV states + weak,32,0.16,0.05,5,1.0,0.0,0.0090737660944128,0.007775922290803419,0.0017696307401959216,0.9922963220664627,0.0017434688738349538,1.0,0.0423261582555277,0.0729637898930054,5
burgers,tv_weak,TV states + weak,32,0.16,0.1,5,0.9333333333333332,0.06666666666666668,0.0214521318534461,0.02528518187417856,0.007665173245798011,0.9123262368412275,0.07005328493683197,0.8,0.064835477072099,0.1191774657838556,5
burgers,tv_weak,TV states + weak,32,0.16,0.2,5,0.6666666666666666,0.0,0.0507738452450702,0.052430451893942596,0.0016163107622727438,0.6334603214848796,0.0009691421399647135,0.0,0.1297802177402543,0.1868711962068726,5
vanderpol_mu2,edmd_weak,EDMD + weak,16,0.08,0.05,5,1.0,0.0,0.0175517915660402,0.01672249115796188,0.0028455719046709287,0.9835833504644423,0.0027511852123876255,1.0,0.0479732529702097,0.0563570497127706,5
vanderpol_mu2,edmd_weak,EDMD + weak,16,0.08,0.1,5,0.9777777777777779,0.022222222222222227,0.0229056611996353,0.0304405187651954,0.008351826345256854,0.949591266576227,0.02685852824339614,0.8,0.0931103149596221,0.1214704164251654,5
vanderpol_mu2,edmd_weak,EDMD + weak,16,0.08,0.2,5,0.8047619047619048,0.057415026437083315,0.5327228003290362,0.5178035688639777,0.10131574935449908,0.5517852027253796,0.08244121773164141,0.2,0.1766674494940646,0.2520312115390509,5
vanderpol_mu2,edmd_weak,EDMD + weak,64,0.32,0.05,5,1.0,0.0,0.0292316951832276,0.02349232509551518,0.0045930981934287985,0.9771260199544003,0.004407859137370226,1.0,0.0548293019002496,0.0963794765928721,5
vanderpol_mu2,edmd_weak,EDMD + weak,64,0.32,0.1,5,0.8642857142857142,0.03976974544878586,0.4534516398460047,0.38615860200220736,0.09181494925621903,0.6450215407413289,0.08264381427635266,0.2,0.0976757648197875,0.17829806497629,5
vanderpol_mu2,edmd_weak,EDMD + weak,64,0.32,0.2,5,0.5890909090909091,0.10544670817272016,0.9487701482333478,0.9257280268409076,0.21714552686070906,0.3567140577728344,0.1261599323953843,0.2,0.1903279599563422,0.3884399637577955,5
vanderpol_mu2,linear_weak,Linear q5 + weak,16,0.08,0.05,5,1.0,0.0,0.0207606292912461,0.02175296595351478,0.0042092895491523214,0.9787762170309181,0.00400927920784976,1.0,0.0405938939803645,0.0573014453481303,5
vanderpol_mu2,linear_weak,Linear q5 + weak,16,0.08,0.1,5,0.9492063492063492,0.03150703689091938,0.0463067543036627,0.12392855345226486,0.08561300213551733,0.8661906157404269,0.07403090393083614,0.6,0.0847496461927139,0.1145631882237881,5
vanderpol_mu2,linear_weak,Linear q5 + weak,16,0.08,0.2,5,0.9111111111111111,0.06478835438717001,0.1688761690892723,0.2556244139865179,0.08939937670221386,0.749369805308978,0.08580947352791735,0.6,0.1674591599121154,0.2820032068018939,5
vanderpol_mu2,linear_weak,Linear q5 + weak,64,0.32,0.05,5,0.8933333333333333,0.06863753427324666,0.1377124640663216,0.3297934451620262,0.14041270120731134,0.7184842213482943,0.11162764574909712,0.6,0.0718711676191922,0.1432558384879256,5
vanderpol_mu2,linear_weak,Linear q5 + weak,64,0.32,0.1,5,0.9333333333333332,0.06666666666666668,0.1319655763539266,0.23608637252160897,0.07988973938070729,0.77763047106297,0.08813446267885243,0.8,0.098824489546668,0.2290938200649927,5
vanderpol_mu2,linear_weak,Linear q5 + weak,64,0.32,0.2,5,0.8076190476190476,0.08652526402844862,0.8013804181202306,0.6907920426262869,0.15315369328486877,0.5138592376712199,0.10020443675082615,0.4,0.1646269206586273,0.4605581910671308,5
vanderpol_mu2,raw_weak,Raw + weak,16,0.08,0.05,5,1.0,0.0,0.018356077086565,0.01954622130154432,0.0031356313735858804,0.9808654115038935,0.002999758379937031,1.0,0.0492889809821718,0.0594698728827021,5
vanderpol_mu2,raw_weak,Raw + weak,16,0.08,0.1,5,0.9314285714285715,0.04295227536677972,0.0451023786349197,0.1285408103021962,0.08506322282596869,0.8468153521785787,0.08007155062722462,0.6,0.102561414705656,0.1229108044991163,5
vanderpol_mu2,raw_weak,Raw + weak,16,0.08,0.2,5,0.8547619047619047,0.066538993392772,0.5162124868181691,0.4083679334202174,0.10038077234197526,0.633446425246638,0.09479092084133191,0.4,0.2029992991624351,0.2893309800466047,5
vanderpol_mu2,raw_weak,Raw + weak,64,0.32,0.05,5,0.9714285714285715,0.028571428571428564,0.0507126905494527,0.09480620066659794,0.05664648985016482,0.9003728574386596,0.06316288693563493,0.8,0.0512742588678734,0.1374761167352041,5
vanderpol_mu2,raw_weak,Raw + weak,64,0.32,0.1,5,1.0,0.0,0.0967553796944788,0.11889563800916683,0.036847141853602494,0.8973425714599863,0.027386708690678302,1.0,0.0971428589766488,0.2410814280757341,5
vanderpol_mu2,raw_weak,Raw + weak,64,0.32,0.2,5,0.8814285714285713,0.05128949448861784,0.4465662781956998,0.5987269248699995,0.13805095312149968,0.5771252557732731,0.07694978631771143,0.4,0.1853946110383573,0.4832674924099638,5
vanderpol_mu2,tv_weak,TV states + weak,16,0.08,0.05,5,1.0,0.0,0.0177672981439928,0.0201989293783264,0.0030872745411318825,0.9802366297949767,0.0029443885376274613,1.0,0.0275902192718288,0.0589502980402848,5
vanderpol_mu2,tv_weak,TV states + weak,16,0.08,0.1,5,0.9777777777777779,0.022222222222222227,0.0428098123702053,0.040821180750117404,0.005678674964487263,0.9396859078450033,0.023376649261119802,0.8,0.0519698373244197,0.1179036455346503,5
vanderpol_mu2,tv_weak,TV states + weak,16,0.08,0.2,5,0.8387878787878786,0.06911748558498385,0.6111903086163403,0.5361839385984656,0.15981763193681273,0.5902321001021389,0.11037044265104759,0.4,0.1147989275504707,0.2509605746395701,5
vanderpol_mu2,tv_weak,TV states + weak,64,0.32,0.05,5,0.9714285714285715,0.028571428571428564,0.0507283878233812,0.09483786838384453,0.05663821661598403,0.900343225734425,0.06315474569933652,0.8,0.051178613806886,0.1374679352280894,5
vanderpol_mu2,tv_weak,TV states + weak,64,0.32,0.1,5,1.0,0.0,0.0967158338217134,0.1188577739638298,0.036827380886600564,0.8973692679395617,0.02737339981828879,1.0,0.0970162834980855,0.2410317487246074,5
vanderpol_mu2,tv_weak,TV states + weak,64,0.32,0.2,5,0.8647619047619047,0.06327422949284987,0.4465567517336798,0.5755815667291304,0.12164231547336869,0.5728899963180476,0.0798370151885418,0.4,0.1809294747668198,0.4781171035782007,5
