setting,system,equation,method,method_label,seed,noise,sparse_factor,threshold,support_size,rss,bic,ebic,true_support_size,support_f1,coef_error,active_terms,delta_ebic_from_best
ODE,vanderpol_mu2,dx/dt,baseline,Baseline,0,0.01,8,1.0,0,521.3706017751651,184.0130468293987,184.0130468293987,1,0.0,1.0,,1213.1274620164502
ODE,vanderpol_mu2,dx/dt,baseline,Baseline,0,0.01,8,0.01,1,3.869237666285383,-1031.4170002800456,-1029.1144151870515,1,1.0,0.0060367240627193786,2,0.0
ODE,vanderpol_mu2,dx/dt,baseline,Baseline,0,0.01,8,0.003,8,3.698001715463999,-1004.0657914312253,-1000.259128941455,1,0.2222222222222222,0.069018508146822,0;1;2;3;4;5;6;9,28.855286245596517
ODE,vanderpol_mu2,dx/dt,baseline,Baseline,0,0.01,8,0.0001,9,3.6946000865196287,-998.7774880790249,-996.4749029860309,1,0.2,0.06406017014595658,0;1;2;3;4;5;6;7;9,32.63951220102058
ODE,vanderpol_mu2,dx/dt,baseline,Baseline,0,0.01,8,0.0,10,3.6946000841977784,-993.2600353390429,-993.2600353390429,1,0.18181818181818182,0.06405725185132971,0;1;2;3;4;5;6;7;8;9,35.854379848008534
ODE,vanderpol_mu2,dx/dt,baseline,Baseline,1,0.01,8,1.0,0,523.7609899622394,185.1520568854657,185.1520568854657,1,0.0,1.0,,1140.9796041958414
ODE,vanderpol_mu2,dx/dt,baseline,Baseline,1,0.01,8,0.01,1,5.19336719915017,-958.1301324033697,-955.8275473103756,1,1.0,0.0043942036158648445,2,0.0
ODE,vanderpol_mu2,dx/dt,baseline,Baseline,1,0.01,8,0.003,8,5.107899714761276,-923.6398601024745,-919.8331976127041,1,0.2222222222222222,0.05117094066523207,0;2;3;4;5;7;8;9,35.99434969767151
ODE,vanderpol_mu2,dx/dt,baseline,Baseline,1,0.01,8,0.0,10,5.084636964331692,-913.7415575118731,-913.7415575118731,1,0.18181818181818182,0.06869677302920736,0;1;2;3;4;5;6;7;8;9,42.08598979850251
ODE,vanderpol_mu2,dx/dt,baseline,Baseline,2,0.01,8,1.0,0,520.6344475662671,183.66122045652722,183.66122045652722,1,0.0,1.0,,1150.0391086313225
ODE,vanderpol_mu2,dx/dt,baseline,Baseline,2,0.01,8,0.01,1,4.977916479717761,-968.6804732677894,-966.3778881747953,1,1.0,0.007001149072989876,2,0.0
ODE,vanderpol_mu2,dx/dt,baseline,Baseline,2,0.01,8,0.003,5,4.7907786587668,-956.1519603315903,-950.6225312440789,1,0.3333333333333333,0.045450741135638885,1;2;6;7;8,15.755356930716403
ODE,vanderpol_mu2,dx/dt,baseline,Baseline,2,0.01,8,0.001,8,4.784719321421422,-939.9147341195896,-936.1080716298193,1,0.2222222222222222,0.04921819196460227,0;1;2;3;6;7;8;9,30.269816544976038
ODE,vanderpol_mu2,dx/dt,baseline,Baseline,2,0.01,8,0.0001,9,4.784559380462299,-934.4056047969419,-932.1030197039479,1,0.2,0.049083743304820245,0;1;2;3;4;6;7;8;9,34.27486847084742
ODE,vanderpol_mu2,dx/dt,baseline,Baseline,2,0.01,8,0.0,10,4.784555729167342,-928.8883419227382,-928.8883419227382,1,0.18181818181818182,0.049044640474077215,0;1;2;3;4;5;6;7;8;9,37.48954625205715
ODE,vanderpol_mu2,dx/dt,baseline,Baseline,3,0.01,8,1.0,0,525.2666602374709,185.86683719828613,185.86683719828613,1,0.0,1.0,,1175.9366952335554
ODE,vanderpol_mu2,dx/dt,baseline,Baseline,3,0.01,8,0.01,1,4.526110460093047,-992.3724431282632,-990.0698580352691,1,1.0,0.004079941421043287,2,0.0
ODE,vanderpol_mu2,dx/dt,baseline,Baseline,3,0.01,8,0.003,5,4.472192179157684,-973.2867082457113,-967.7572791581999,1,0.3333333333333333,0.039991174259486444,1;2;7;8;9,22.3125788770692
ODE,vanderpol_mu2,dx/dt,baseline,Baseline,3,0.01,8,0.0,10,4.461904037056598,-946.2729205770559,-946.2729205770559,1,0.18181818181818182,0.04300815621301619,0;1;2;3;4;5;6;7;8;9,43.79693745821328
ODE,vanderpol_mu2,dx/dt,baseline,Baseline,4,0.01,8,1.0,0,523.0795433657235,184.8278810036626,184.8278810036626,1,0.0,1.0,,1167.044339877857
ODE,vanderpol_mu2,dx/dt,baseline,Baseline,4,0.01,8,0.03,1,4.671137921426073,-984.5190439671885,-982.2164588741945,1,1.0,0.005300830884490071,2,0.0
ODE,vanderpol_mu2,dx/dt,baseline,Baseline,4,0.01,8,0.01,5,4.518729010597777,-970.7090470102115,-965.1796179227001,1,0.3333333333333333,0.0571963255704172,1;2;6;7;8,17.036840951494355
ODE,vanderpol_mu2,dx/dt,baseline,Baseline,4,0.01,8,0.003,7,4.4878387283108925,-961.3821637786367,-956.5946720358546,1,0.25,0.06493036249294283,1;2;4;6;7;8;9,25.621786838339858
ODE,vanderpol_mu2,dx/dt,baseline,Baseline,4,0.01,8,0.0,10,4.48246782480614,-945.1279788750714,-945.1279788750714,1,0.18181818181818182,0.06734232623829514,0;1;2;3;4;5;6;7;8;9,37.088479999123024
ODE,vanderpol_mu2,dx/dt,edmd_poly3,EDMD-polynomial,0,0.01,8,1.0,0,2833.300070785135,1023.0545309622519,1023.0545309622519,1,0.0,1.0,,3185.672259257174
ODE,vanderpol_mu2,dx/dt,edmd_poly3,EDMD-polynomial,0,0.01,8,0.01,1,219.4373905961007,-2164.920313387916,-2162.617728294922,1,1.0,0.0010078555060133443,2,0.0
ODE,vanderpol_mu2,dx/dt,edmd_poly3,EDMD-polynomial,0,0.01,8,0.0,10,218.86926499422455,-2103.9872935509607,-2103.9872935509607,1,0.18181818181818182,0.06723287773019306,0;1;2;3;4;5;6;7;8;9,58.63043474396136
ODE,vanderpol_mu2,dx/dt,edmd_poly3,EDMD-polynomial,1,0.01,8,1.0,0,2848.4487975057655,1029.7147353981252,1029.7147353981252,1,0.0,1.0,,3139.5537276541363
ODE,vanderpol_mu2,dx/dt,edmd_poly3,EDMD-polynomial,1,0.01,8,0.01,1,228.90881800931885,-2112.141577349005,-2109.838992256011,1,1.0,0.0006952896858585245,2,0.0
ODE,vanderpol_mu2,dx/dt,edmd_poly3,EDMD-polynomial,1,0.01,8,0.0,10,228.30679352351788,-2051.2598567371238,-2051.2598567371238,1,0.18181818181818182,0.08495802168553367,0;1;2;3;4;5;6;7;8;9,58.57913551888714
ODE,vanderpol_mu2,dx/dt,edmd_poly3,EDMD-polynomial,2,0.01,8,1.0,0,2800.325193155154,1008.4330073134148,1008.4330073134148,1,0.0,1.0,,3312.6536708989815
ODE,vanderpol_mu2,dx/dt,edmd_poly3,EDMD-polynomial,2,0.01,8,0.01,1,195.9175502413477,-2306.523248678561,-2304.220663585567,1,1.0,0.0020117021604580954,2,0.0
ODE,vanderpol_mu2,dx/dt,edmd_poly3,EDMD-polynomial,2,0.01,8,0.003,5,195.61116302612209,-2279.957642100448,-2274.428213012937,1,0.3333333333333333,0.0344783178977307,1;2;6;7;8,29.79245057263006
ODE,vanderpol_mu2,dx/dt,edmd_poly3,EDMD-polynomial,2,0.01,8,0.001,9,195.56965249307794,-2251.7023257626847,-2249.399740669691,1,0.2,0.03822754777731653,0;1;2;4;5;6;7;8;9,54.820922915876054
ODE,vanderpol_mu2,dx/dt,edmd_poly3,EDMD-polynomial,2,0.01,8,0.0,10,195.5691680687246,-2244.5753210186876,-2244.5753210186876,1,0.18181818181818182,0.03843881447851817,0;1;2;3;4;5;6;7;8;9,59.64534256687921
ODE,vanderpol_mu2,dx/dt,edmd_poly3,EDMD-polynomial,3,0.01,8,0.01,1,227.5379293252443,-2119.6440740795842,-2117.3414889865903,1,1.0,0.0011250652682781581,2,0.0
ODE,vanderpol_mu2,dx/dt,edmd_poly3,EDMD-polynomial,3,0.01,8,0.0,10,226.9290842065623,-2058.819736239122,-2058.819736239122,1,0.18181818181818182,0.06928438458327695,0;1;2;3;4;5;6;7;8;9,58.52175274746833
ODE,vanderpol_mu2,dx/dt,edmd_poly3,EDMD-polynomial,4,0.01,8,1.0,0,2822.077853590688,1018.0976322861133,1018.0976322861133,1,0.0,1.0,,3273.814378290114
ODE,vanderpol_mu2,dx/dt,edmd_poly3,EDMD-polynomial,4,0.01,8,0.01,1,203.67551406070066,-2258.0193310969944,-2255.7167460040005,1,1.0,0.00027458719839756895,2,0.0
ODE,vanderpol_mu2,dx/dt,edmd_poly3,EDMD-polynomial,4,0.01,8,0.0,10,203.186494254602,-2196.850868027627,-2196.850868027627,1,0.18181818181818182,0.06468077366771909,0;1;2;3;4;5;6;7;8;9,58.86587797637367
ODE,vanderpol_mu2,dy/dt,baseline,Baseline,0,0.01,8,1.0,2,566.0571213719069,215.52418814464568,219.330850634416,3,0.8,0.33629750796192076,2;7,1082.3056119451826
ODE,vanderpol_mu2,dy/dt,baseline,Baseline,0,0.01,8,0.1,3,8.669917575341367,-819.4884508476298,-814.7009591048477,3,1.0,0.03313777419724735,1;2;7,48.27380220591897
ODE,vanderpol_mu2,dy/dt,baseline,Baseline,0,0.01,8,0.03,5,6.83561064793275,-867.6442006682058,-862.1147715806944,3,0.75,0.0871026444628585,1;2;7;8;9,0.8599897300722432
ODE,vanderpol_mu2,dy/dt,baseline,Baseline,0,0.01,8,0.01,6,6.667638859711527,-868.3218688414842,-862.9747613107667,3,0.6666666666666666,0.09699139346657897,1;2;6;7;8;9,0.0
ODE,vanderpol_mu2,dy/dt,baseline,Baseline,0,0.01,8,0.0,10,6.634794785617869,-847.4816354344373,-847.4816354344373,3,0.46153846153846156,0.09815010911802076,0;1;2;3;4;5;6;7;8;9,15.493125876329373
ODE,vanderpol_mu2,dy/dt,baseline,Baseline,1,0.01,8,1.0,2,555.0515855683866,210.63533761611964,214.44200010588997,3,0.8,0.3358470797566642,2;7,1106.5334257582867
ODE,vanderpol_mu2,dy/dt,baseline,Baseline,1,0.01,8,0.1,3,7.81774228900475,-845.2508575767024,-840.4633658339203,3,1.0,0.031306458702775826,1;2;7,51.62805981847646
ODE,vanderpol_mu2,dy/dt,baseline,Baseline,1,0.01,8,0.03,5,6.060289908019343,-897.6208547399082,-892.0914256523968,3,0.75,0.09913123175138215,1;2;7;8;9,0.0
ODE,vanderpol_mu2,dy/dt,baseline,Baseline,1,0.01,8,0.01,9,5.7466483319541375,-888.7831154208149,-886.4805303278208,3,0.5,0.10742413249441056,0;1;2;4;5;6;7;8;9,5.610895324575949
ODE,vanderpol_mu2,dy/dt,baseline,Baseline,1,0.01,8,0.0,10,5.739980370501485,-883.5547504075258,-883.5547504075258,3,0.46153846153846156,0.10790635663505516,0;1;2;3;4;5;6;7;8;9,8.536675244870935
ODE,vanderpol_mu2,dy/dt,baseline,Baseline,2,0.01,8,1.0,2,570.089249620273,217.29157335953377,221.0982358493041,3,0.8,0.33533636127946526,2;7,1076.2807178536677
ODE,vanderpol_mu2,dy/dt,baseline,Baseline,2,0.01,8,0.1,3,7.869245267981826,-843.6158351994284,-838.8283434566463,3,1.0,0.023338968537874902,1;2;7,16.354138547717298
ODE,vanderpol_mu2,dy/dt,baseline,Baseline,2,0.01,8,0.03,5,7.028591484281964,-860.711911091875,-855.1824820043636,3,0.75,0.0681836877196364,1;2;7;8;9,0.0
ODE,vanderpol_mu2,dy/dt,baseline,Baseline,2,0.01,8,0.0,10,6.6895204976173055,-845.436235183457,-845.436235183457,3,0.46153846153846156,0.0845070359179011,0;1;2;3;4;5;6;7;8;9,9.74624682090655
ODE,vanderpol_mu2,dy/dt,baseline,Baseline,3,0.01,8,1.0,2,555.7516570709363,210.94919666968238,214.7558591594527,3,0.8,0.3366398365766264,2;7,1073.6048075981535
ODE,vanderpol_mu2,dy/dt,baseline,Baseline,3,0.01,8,0.1,3,9.596101540295786,-794.2155378456184,-789.4280461028363,3,1.0,0.03895917093127809,1;2;7,69.4209023358643
ODE,vanderpol_mu2,dy/dt,baseline,Baseline,3,0.01,8,0.03,6,6.7790388733952724,-864.1960559694181,-858.8489484387006,3,0.6666666666666666,0.12906847467215873,1;2;6;7;8;9,0.0
ODE,vanderpol_mu2,dy/dt,baseline,Baseline,3,0.01,8,0.01,7,6.7386774280874775,-860.165545027242,-855.37805328446,3,0.6,0.1287079126677576,0;1;2;6;7;8;9,3.4708951542406794
ODE,vanderpol_mu2,dy/dt,baseline,Baseline,3,0.01,8,0.003,9,6.584056415772092,-854.9105881948049,-852.6080031018108,3,0.5,0.12867911238594662,0;1;2;3;5;6;7;8;9,6.2409453368898085
ODE,vanderpol_mu2,dy/dt,baseline,Baseline,3,0.01,8,0.0,10,6.583809401308785,-849.4024772224188,-849.4024772224188,3,0.46153846153846156,0.12873560687977056,0;1;2;3;4;5;6;7;8;9,9.446471216281793
ODE,vanderpol_mu2,dy/dt,baseline,Baseline,4,0.01,8,1.0,2,560.5735154706797,213.1002727862956,216.90693527606592,3,0.8,0.3355601850246553,2;7,1083.2096180788312
ODE,vanderpol_mu2,dy/dt,baseline,Baseline,4,0.01,8,0.1,3,7.9542748053177466,-840.939748147827,-836.1522564050449,3,1.0,0.02778851594902534,1;2;7,30.15042639772048
ODE,vanderpol_mu2,dy/dt,baseline,Baseline,4,0.01,8,0.03,5,6.721604473247875,-871.8321118902768,-866.3026828027654,3,0.75,0.08215377865779434,1;2;7;8;9,0.0
ODE,vanderpol_mu2,dy/dt,baseline,Baseline,4,0.01,8,0.0,10,6.5664404409994495,-850.0602401826443,-850.0602401826443,3,0.46153846153846156,0.08582857994567052,0;1;2;3;4;5;6;7;8;9,16.242442620121096
ODE,vanderpol_mu2,dy/dt,edmd_poly3,EDMD-polynomial,0,0.01,8,1.0,2,3039.9727773725663,1125.2523534695022,1129.0590159592725,3,0.8,0.33367555130438514,2;7,3356.9203723557875
ODE,vanderpol_mu2,dy/dt,edmd_poly3,EDMD-polynomial,0,0.01,8,0.03,3,205.49536011094753,-2232.648848139297,-2227.861356396515,3,1.0,0.004531361253210085,1;2;7,0.0
ODE,vanderpol_mu2,dy/dt,edmd_poly3,EDMD-polynomial,0,0.01,8,0.01,4,204.49111426449593,-2231.637515243012,-2226.2904077122944,3,0.8571428571428571,0.0070884998315646494,1;2;7;8,1.5709486842206388
ODE,vanderpol_mu2,dy/dt,edmd_poly3,EDMD-polynomial,0,0.01,8,0.0,10,204.152409672209,-2190.927394447231,-2190.927394447231,3,0.46153846153846156,0.026474940803216898,0;1;2;3;4;5;6;7;8;9,36.93396194928391
ODE,vanderpol_mu2,dy/dt,edmd_poly3,EDMD-polynomial,1,0.01,8,1.0,2,2961.835574273724,1092.7291953455701,1096.5358578353405,3,0.8,0.33357222866850034,2;7,3478.254663932041
ODE,vanderpol_mu2,dy/dt,edmd_poly3,EDMD-polynomial,1,0.01,8,0.03,3,181.67855564656395,-2386.506297839482,-2381.7188060967,3,1.0,0.0033028212806030504,1;2;7,0.0
ODE,vanderpol_mu2,dy/dt,edmd_poly3,EDMD-polynomial,1,0.01,8,0.01,4,181.51617621713774,-2380.4930212602567,-2375.145913729539,3,0.8571428571428571,0.0050331540825611235,0;1;2;7,6.572892367160875
ODE,vanderpol_mu2,dy/dt,edmd_poly3,EDMD-polynomial,1,0.01,8,0.003,8,180.57297271158376,-2358.479664762849,-2354.673002273079,3,0.5454545454545454,0.019114844839139677,0;1;2;3;4;5;7;8,27.0458038236211
ODE,vanderpol_mu2,dy/dt,edmd_poly3,EDMD-polynomial,1,0.01,8,0.0,10,180.5314872997526,-2344.5064499615573,-2344.5064499615573,3,0.46153846153846156,0.02061137806360978,0;1;2;3;4;5;6;7;8;9,37.21235613514273
ODE,vanderpol_mu2,dy/dt,edmd_poly3,EDMD-polynomial,2,0.01,8,0.03,3,193.6203920212511,-2306.9942681366165,-2302.2067763938344,3,1.0,0.007247905878088795,1;2;7,0.0
ODE,vanderpol_mu2,dy/dt,edmd_poly3,EDMD-polynomial,2,0.01,8,0.0,10,190.8780886244012,-2274.9000079826687,-2274.9000079826687,3,0.46153846153846156,0.059366535709309526,0;1;2;3;4;5;6;7;8;9,27.30676841116565
ODE,vanderpol_mu2,dy/dt,edmd_poly3,EDMD-polynomial,3,0.01,8,1.0,2,2991.6201317692835,1105.2265496624789,1109.0332121522492,3,0.8,0.33378782804990054,2;7,3287.810263281241
ODE,vanderpol_mu2,dy/dt,edmd_poly3,EDMD-polynomial,3,0.01,8,0.01,3,213.73188131933014,-2183.564542871774,-2178.777051128992,3,1.0,0.008619491786518843,1;2;7,0.0
ODE,vanderpol_mu2,dy/dt,edmd_poly3,EDMD-polynomial,3,0.01,8,0.0,10,211.98818682001533,-2143.8853963807182,-2143.8853963807182,3,0.46153846153846156,0.03142337519355486,0;1;2;3;4;5;6;7;8;9,34.891654748273595
ODE,vanderpol_mu2,dy/dt,edmd_poly3,EDMD-polynomial,4,0.01,8,1.0,2,3030.5766859366436,1121.3859068994527,1125.192569389223,3,0.8,0.3335017204519213,2;7,3255.4573749677534
ODE,vanderpol_mu2,dy/dt,edmd_poly3,EDMD-polynomial,4,0.01,8,0.01,3,222.19674043805017,-2135.0522973213124,-2130.2648055785303,3,1.0,0.0019118733487307903,1;2;7,0.0
ODE,vanderpol_mu2,dy/dt,edmd_poly3,EDMD-polynomial,4,0.01,8,0.0,10,220.9660483665389,-2092.078735089079,-2092.078735089079,3,0.46153846153846156,0.02949960154267452,0;1;2;3;4;5;6;7;8;9,38.18607048945114
PDE,burgers,u_t,baseline,Baseline,0,0.01,4,0.05,1,129.2779581035072,-6815.521887254726,-6813.442445713046,2,0.6666666666666666,0.15752209040509782,4,1527.6697692747966
PDE,burgers,u_t,baseline,Baseline,0,0.01,4,0.03,2,67.71203235943214,-8328.799395873919,-8325.467191363743,2,1.0,0.046432262099368814,4;6,15.64502362409985
PDE,burgers,u_t,baseline,Baseline,0,0.01,4,0.02,3,67.02172289818316,-8345.137566678579,-8341.112214987843,2,0.8,0.05652135311858942,1;4;6,0.0
PDE,burgers,u_t,baseline,Baseline,0,0.01,4,0.005,5,66.7016279213086,-8340.871559333835,-8336.846207643099,2,0.5714285714285714,0.06688600582432247,1;3;4;5;6,4.266007344744139
PDE,burgers,u_t,baseline,Baseline,0,0.01,4,0.0003,7,66.52039970113083,-8331.744594171623,-8329.665152629943,2,0.4444444444444444,0.06180743466817278,0;1;3;4;5;6;7,11.447062357899995
PDE,burgers,u_t,baseline,Baseline,0,0.01,4,0.0,8,66.52038909888984,-8323.981947732163,-8323.981947732163,2,0.4,0.06178675908402132,0;1;2;3;4;5;6;7,17.130267255679428
PDE,burgers,u_t,baseline,Baseline,1,0.01,4,0.05,1,127.71157097160454,-6844.193780396622,-6842.114338854943,2,0.6666666666666666,0.15761207295277785,4,1566.748135933516
PDE,burgers,u_t,baseline,Baseline,1,0.01,4,0.03,2,65.61329991154653,-8402.853237164267,-8399.521032654091,2,1.0,0.04477514249625557,4;6,9.341442134367753
PDE,burgers,u_t,baseline,Baseline,1,0.01,4,0.015,3,65.11867709677085,-8412.887826479195,-8408.862474788459,2,0.8,0.05286705721527911,1;4;6,0.0
PDE,burgers,u_t,baseline,Baseline,1,0.01,4,0.005,5,64.8221048670716,-8408.098045178293,-8404.072693487557,2,0.5714285714285714,0.0634518618500404,1;3;4;5;6,4.7897813009021775
PDE,burgers,u_t,baseline,Baseline,1,0.01,4,0.001,7,64.7859895646827,-8393.88277244372,-8391.80333090204,2,0.4444444444444444,0.06421303902567632,0;1;2;3;4;5;6,17.059143886419406
PDE,burgers,u_t,baseline,Baseline,1,0.01,4,0.0,8,64.78061855711658,-8386.314749058718,-8386.314749058718,2,0.4,0.06272829193584799,0;1;2;3;4;5;6;7,22.547725729740705
PDE,burgers,u_t,baseline,Baseline,2,0.01,4,0.05,1,127.16640072743593,-6854.255398206884,-6852.1759566652045,2,0.6666666666666666,0.1566534031352271,4,1586.8373912596498
PDE,burgers,u_t,baseline,Baseline,2,0.01,4,0.03,2,64.80063774858984,-8432.16614929709,-8428.833944786915,2,1.0,0.04416090626111255,4;6,10.179403137939516
PDE,burgers,u_t,baseline,Baseline,2,0.01,4,0.02,3,64.28923236262082,-8443.03869961559,-8439.013347924854,2,0.8,0.052497931703812846,1;4;6,0.0
PDE,burgers,u_t,baseline,Baseline,2,0.01,4,0.002,5,63.884172229515485,-8442.378527303747,-8438.35317561301,2,0.5714285714285714,0.06646491703830294,1;3;4;5;6,0.6601723118437803
PDE,burgers,u_t,baseline,Baseline,2,0.01,4,0.0,8,63.8214427084723,-8421.400087626555,-8421.400087626555,2,0.4,0.06273805717193448,0;1;2;3;4;5;6;7,17.613260298299792
PDE,burgers,u_t,baseline,Baseline,3,0.01,4,0.05,1,128.3220554306551,-6832.977580485842,-6830.898138944162,2,0.6666666666666666,0.15741959639130254,4,1522.3440113355036
PDE,burgers,u_t,baseline,Baseline,3,0.01,4,0.03,2,67.30857846244186,-8342.855418642215,-8339.52321413204,2,1.0,0.04650065639704534,4;6,13.718936147626664
PDE,burgers,u_t,baseline,Baseline,3,0.01,4,0.013,3,66.6769625222916,-8357.267501970402,-8353.242150279666,2,0.8,0.05596111787357105,1;4;6,0.0
PDE,burgers,u_t,baseline,Baseline,3,0.01,4,0.003,5,66.43008515534832,-8350.466109819854,-8346.440758129118,2,0.5714285714285714,0.06450070588663791,1;3;4;5;6,6.801392150548054
PDE,burgers,u_t,baseline,Baseline,3,0.01,4,0.002,7,66.3100342985352,-8339.19439051223,-8337.11494897055,2,0.4444444444444444,0.06027587967107567,0;1;3;4;5;6;7,16.127201309116572
PDE,burgers,u_t,baseline,Baseline,3,0.01,4,0.0,8,66.30832784566319,-8331.491897430076,-8331.491897430076,2,0.4,0.060601331037590606,0;1;2;3;4;5;6;7,21.750252849589742
PDE,burgers,u_t,baseline,Baseline,4,0.01,4,0.05,1,130.10924377318165,-6800.446428059166,-6798.366986517486,2,0.6666666666666666,0.15721846181909088,4,1502.1150105531642
PDE,burgers,u_t,baseline,Baseline,4,0.01,4,0.03,2,68.81557040865493,-8290.776637605159,-8287.444433094983,2,1.0,0.046075457966101734,4;6,13.037563975667581
PDE,burgers,u_t,baseline,Baseline,4,0.01,4,0.02,3,68.18956462095383,-8304.507348761386,-8300.48199707065,2,0.8,0.05548428638450387,1;4;6,0.0
PDE,burgers,u_t,baseline,Baseline,4,0.01,4,0.005,5,67.88195474459854,-8299.615414809909,-8295.590063119173,2,0.5714285714285714,0.06544405642765672,1;3;4;5;6,4.8919339514777676
PDE,burgers,u_t,baseline,Baseline,4,0.01,4,0.003,6,67.86924872156376,-8292.292677866732,-8288.960473356556,2,0.5,0.06555653939499,1;2;3;4;5;6,11.521523714094656
PDE,burgers,u_t,baseline,Baseline,4,0.01,4,0.002,7,67.85726304875071,-8284.945055173088,-8282.865613631408,2,0.4444444444444444,0.065932022894009,0;1;2;3;4;5;6,17.61638343924278
PDE,burgers,u_t,baseline,Baseline,4,0.01,4,0.0,8,67.8410404247511,-8277.744393316652,-8277.744393316652,2,0.4,0.06389414003456527,0;1;2;3;4;5;6;7,22.737603753997973
PDE,burgers,u_t,pod_edmd_rbf,POD-EDMD-RBF,0,0.01,4,0.05,1,253.4293672587043,-14902.022993572426,-14899.943552030745,2,0.6666666666666666,0.1590821007959461,4,4688.611487527411
PDE,burgers,u_t,pod_edmd_rbf,POD-EDMD-RBF,0,0.01,4,0.013,2,99.02861663907268,-19591.88724406833,-19588.555039558156,2,1.0,0.02245145404150997,4;6,0.0
PDE,burgers,u_t,pod_edmd_rbf,POD-EDMD-RBF,0,0.01,4,0.007,3,98.88620403082804,-19590.565703650245,-19586.54035195951,2,0.8,0.023377681637534856,4;5;6,2.01468759864656
PDE,burgers,u_t,pod_edmd_rbf,POD-EDMD-RBF,0,0.01,4,0.003,4,98.81570206916957,-19585.61458455684,-19581.36608931479,2,0.6666666666666666,0.028634273489782085,3;4;5;6,7.18895024336598
PDE,burgers,u_t,pod_edmd_rbf,POD-EDMD-RBF,0,0.01,4,0.001,5,98.80488555935224,-19577.64472856131,-19573.619376870574,2,0.5714285714285714,0.0293067681195775,1;3;4;5;6,14.935662687581498
PDE,burgers,u_t,pod_edmd_rbf,POD-EDMD-RBF,0,0.01,4,0.0003,7,98.78339486171782,-19561.697992603564,-19559.618551061885,2,0.4444444444444444,0.027038731752992096,1;2;3;4;5;6;7,28.936488496270613
PDE,burgers,u_t,pod_edmd_rbf,POD-EDMD-RBF,0,0.01,4,0.0,8,98.78336082287855,-19553.182522315332,-19553.182522315332,2,0.4,0.02703044975816493,0;1;2;3;4;5;6;7,35.37251724282396
PDE,burgers,u_t,pod_edmd_rbf,POD-EDMD-RBF,1,0.01,4,0.05,1,380.4913114649215,-12870.132051287499,-12868.052609745819,2,0.6666666666666666,0.1700054827773676,4,2749.37158109094
PDE,burgers,u_t,pod_edmd_rbf,POD-EDMD-RBF,1,0.01,4,0.01,2,219.12339860285616,-15620.756395346934,-15617.424190836758,2,1.0,0.023831179549385823,4;6,0.0
PDE,burgers,u_t,pod_edmd_rbf,POD-EDMD-RBF,1,0.01,4,0.005,3,219.03551929576656,-15614.24485135443,-15610.219499663694,2,0.8,0.023827396391809814,4;5;6,7.20469117306493
PDE,burgers,u_t,pod_edmd_rbf,POD-EDMD-RBF,1,0.01,4,0.003,5,218.98015408020075,-15598.474465764857,-15594.449114074121,2,0.5714285714285714,0.02525276694371143,0;2;4;5;6,22.9750767626374
PDE,burgers,u_t,pod_edmd_rbf,POD-EDMD-RBF,1,0.01,4,0.001,7,218.797344984394,-15585.615924573318,-15583.536483031638,2,0.4444444444444444,0.03553112218271033,0;2;3;4;5;6;7,33.887707805120954
PDE,burgers,u_t,pod_edmd_rbf,POD-EDMD-RBF,1,0.01,4,0.0,8,218.79525866580656,-15577.146408572287,-15577.146408572287,2,0.4,0.03575236814183625,0;1;2;3;4;5;6;7,40.27778226447117
PDE,burgers,u_t,pod_edmd_rbf,POD-EDMD-RBF,2,0.01,4,0.05,1,270.82532677942413,-14570.078451698717,-14567.999010157037,2,0.6666666666666666,0.15612093711545597,4,4726.3161822322545
PDE,burgers,u_t,pod_edmd_rbf,POD-EDMD-RBF,2,0.01,4,0.01,2,105.0311354986066,-19297.647396899465,-19294.31519238929,2,1.0,0.010743471096027751,4;6,0.0
PDE,burgers,u_t,pod_edmd_rbf,POD-EDMD-RBF,2,0.01,4,0.003,4,104.7907630185588,-19292.069039982667,-19287.820544740618,2,0.6666666666666666,0.023662224509511533,3;4;5;6,6.494647648672981
PDE,burgers,u_t,pod_edmd_rbf,POD-EDMD-RBF,2,0.01,4,0.001,5,104.78023547688929,-19284.054184507535,-19280.0288328168,2,0.5714285714285714,0.023230326227613687,1;3;4;5;6,14.286359572492074
PDE,burgers,u_t,pod_edmd_rbf,POD-EDMD-RBF,2,0.01,4,0.0,8,104.75858808573209,-19259.535701848992,-19259.535701848992,2,0.4,0.02066070347740035,0;1;2;3;4;5;6;7,34.779490540298866
PDE,burgers,u_t,pod_edmd_rbf,POD-EDMD-RBF,3,0.01,4,0.05,1,336.59660530600377,-13483.022781593387,-13480.943340051706,2,0.6666666666666666,0.16487161024450336,4,3229.674229236598
PDE,burgers,u_t,pod_edmd_rbf,POD-EDMD-RBF,3,0.01,4,0.01,2,176.09019922962227,-16713.94977379848,-16710.617569288304,2,1.0,0.019580327930856324,4;6,0.0
PDE,burgers,u_t,pod_edmd_rbf,POD-EDMD-RBF,3,0.01,4,0.003,4,175.87645517558627,-16702.988237716563,-16698.739742474514,2,0.6666666666666666,0.027750786024499874,3;4;5;6,11.877826813790307
PDE,burgers,u_t,pod_edmd_rbf,POD-EDMD-RBF,3,0.01,4,0.002,6,175.82761815473225,-16687.342434090406,-16684.01022958023,2,0.5,0.0283301052735998,0;2;3;4;5;6,26.607339708072686
PDE,burgers,u_t,pod_edmd_rbf,POD-EDMD-RBF,3,0.01,4,0.001,7,175.78566396917134,-16680.018432052257,-16677.938990510578,2,0.4444444444444444,0.03264315004679673,0;2;3;4;5;6;7,32.678578777726216
PDE,burgers,u_t,pod_edmd_rbf,POD-EDMD-RBF,3,0.01,4,0.0,8,175.78530159148679,-16671.511546244557,-16671.511546244557,2,0.4,0.032751890608938766,0;1;2;3;4;5;6;7,39.10602304374697
PDE,burgers,u_t,pod_edmd_rbf,POD-EDMD-RBF,4,0.01,4,0.05,1,317.5561902193337,-13774.174865175173,-13772.095423633493,2,0.6666666666666666,0.15907492091891107,4,3408.8618032679424
PDE,burgers,u_t,pod_edmd_rbf,POD-EDMD-RBF,4,0.01,4,0.007,2,160.28098445711322,-17184.28943141161,-17180.957226901435,2,1.0,0.017573014091567113,4;6,0.0
PDE,burgers,u_t,pod_edmd_rbf,POD-EDMD-RBF,4,0.01,4,0.005,3,160.20832373522381,-17178.039419098834,-17174.014067408098,2,0.8,0.018550051743842683,2;4;6,6.943159493337589
PDE,burgers,u_t,pod_edmd_rbf,POD-EDMD-RBF,4,0.01,4,0.002,5,160.18302440430375,-17161.79467111041,-17157.769319419673,2,0.5714285714285714,0.019817331577199813,2;3;4;5;6,23.187907481762522
PDE,burgers,u_t,pod_edmd_rbf,POD-EDMD-RBF,4,0.01,4,0.001,6,160.17725449539407,-17153.457584795233,-17150.12538028506,2,0.5,0.020278923727949958,1;2;3;4;5;6,30.831846616376424
PDE,burgers,u_t,pod_edmd_rbf,POD-EDMD-RBF,4,0.01,4,0.0003,7,160.16889794676285,-17145.201251569495,-17143.121810027817,2,0.4444444444444444,0.021611246306867983,1;2;3;4;5;6;7,37.83541687361867
PDE,burgers,u_t,pod_edmd_rbf,POD-EDMD-RBF,4,0.01,4,0.0,8,160.16883621219216,-17136.685985549437,-17136.685985549437,2,0.4,0.021539395459096656,0;1;2;3;4;5;6;7,44.27124135199847
PDE,fisher_kpp,u_t,baseline,Baseline,0,0.01,4,0.015,2,4.014636865085793,-14973.944970340755,-14970.61276583058,3,0.8,0.043426617417347844,1;2,9.092530119827643
PDE,fisher_kpp,u_t,baseline,Baseline,0,0.01,4,0.013,5,3.9585765705599147,-14983.730647641143,-14979.705295950407,3,0.5,0.06012762176323992,0;1;2;4;5,0.0
PDE,fisher_kpp,u_t,baseline,Baseline,0,0.01,4,0.005,6,3.9581586352387728,-14976.215956950919,-14972.883752440743,3,0.4444444444444444,0.09706276765539852,0;1;2;3;4;5,6.82154350966448
PDE,fisher_kpp,u_t,baseline,Baseline,0,0.01,4,0.0,8,3.9376988357880727,-14972.878978329163,-14972.878978329163,3,0.5454545454545454,0.09158156737591712,0;1;2;3;4;5;6;7,6.826317621244016
PDE,fisher_kpp,u_t,baseline,Baseline,1,0.01,4,0.03,2,3.9224230590716895,-15028.59912014995,-15025.266915639773,3,0.8,0.042590065210268556,1;2,2.2696405928691092
PDE,fisher_kpp,u_t,baseline,Baseline,1,0.01,4,0.015,5,3.920066598080946,-15006.723484014148,-15002.698132323412,3,0.5,0.12553997740583686,1;2;3;4;5,24.838423909230187
PDE,fisher_kpp,u_t,baseline,Baseline,1,0.01,4,0.005,6,3.8672443135319687,-15030.868760742818,-15027.536556232642,3,0.4444444444444444,0.13003515798878584,0;1;2;3;4;5,0.0
PDE,fisher_kpp,u_t,baseline,Baseline,1,0.01,4,0.0,8,3.8488139248351567,-15026.578599274006,-15026.578599274006,3,0.5454545454545454,0.12394972296904339,0;1;2;3;4;5;6;7,0.9579569586367143
PDE,fisher_kpp,u_t,baseline,Baseline,2,0.01,4,0.015,2,3.9903467003096122,-14988.21873928233,-14984.886534772155,3,0.8,0.04055199041084087,1;2,27.933946869590727
PDE,fisher_kpp,u_t,baseline,Baseline,2,0.01,4,0.005,3,3.9348332299915345,-15013.40634341441,-15009.380991723674,3,0.6666666666666666,0.0583037506779725,0;1;2,3.4394899180715583
PDE,fisher_kpp,u_t,baseline,Baseline,2,0.01,4,0.003,4,3.915764767803888,-15017.068976883795,-15012.820481641746,3,0.8571428571428571,0.049617814602034745,0;1;2;6,0.0
PDE,fisher_kpp,u_t,baseline,Baseline,2,0.01,4,0.001,5,3.9155674126383526,-15009.424499735269,-15005.399148044533,3,0.75,0.04834207987447041,0;1;2;6;7,7.4213335972126515
PDE,fisher_kpp,u_t,baseline,Baseline,2,0.01,4,0.0,8,3.9154875235396105,-14986.183424019708,-14986.183424019708,3,0.5454545454545454,0.04835105480335402,0;1;2;3;4;5;6;7,26.6370576220379
PDE,fisher_kpp,u_t,baseline,Baseline,3,0.01,4,0.02,2,4.0987041078690805,-14925.202231118756,-14921.87002660858,3,0.8,0.04103896719890381,1;2,28.84326954362041
PDE,fisher_kpp,u_t,baseline,Baseline,3,0.01,4,0.005,3,4.034217068763442,-14954.738647842936,-14950.7132961522,3,0.6666666666666666,0.06389869812070863,0;1;2,0.0
PDE,fisher_kpp,u_t,baseline,Baseline,3,0.01,4,0.003,6,4.018305230280126,-14940.74473180433,-14937.412527294155,3,0.6666666666666666,0.056726963690947846,0;1;2;3;4;6,13.300768858045558
PDE,fisher_kpp,u_t,baseline,Baseline,3,0.01,4,0.0,8,4.018089534146313,-14925.344944135613,-14925.344944135613,3,0.5454545454545454,0.05528091640267536,0;1;2;3;4;5;6;7,25.36835201658687
PDE,fisher_kpp,u_t,baseline,Baseline,4,0.01,4,0.02,2,4.156666148201851,-14892.174285712574,-14888.842081202398,3,0.8,0.04352412605940331,1;2,25.864437858728706
PDE,fisher_kpp,u_t,baseline,Baseline,4,0.01,4,0.005,3,4.096452075971374,-14918.731870751863,-14914.706519061127,3,0.6666666666666666,0.0586882075093419,0;1;2,0.0
PDE,fisher_kpp,u_t,baseline,Baseline,4,0.01,4,0.0003,7,4.077362400213433,-14898.665843285044,-14896.586401743363,3,0.6,0.06018264450721855,0;1;2;3;4;5;6,18.120117317763288
PDE,fisher_kpp,u_t,baseline,Baseline,4,0.01,4,0.0,8,4.0773610590910625,-14890.903595593876,-14890.903595593876,3,0.5454545454545454,0.06009200725006464,0;1;2;3;4;5;6;7,23.802923467250366
PDE,fisher_kpp,u_t,pod_edmd_rbf,POD-EDMD-RBF,0,0.01,4,0.03,2,2.4694624091445108,-38048.92917654103,-38045.59697203086,3,0.8,0.044867421069796756,1;2,594.8460056048934
PDE,fisher_kpp,u_t,pod_edmd_rbf,POD-EDMD-RBF,0,0.01,4,0.015,3,2.189490724366639,-38642.06952333644,-38638.044171645706,3,1.0,0.012659202131913693,1;2;6,2.398805990043911
PDE,fisher_kpp,u_t,pod_edmd_rbf,POD-EDMD-RBF,0,0.01,4,0.005,4,2.184618343857894,-38644.6914728778,-38640.44297763575,3,0.8571428571428571,0.014446199349888604,1;2;6;7,0.0
PDE,fisher_kpp,u_t,pod_edmd_rbf,POD-EDMD-RBF,0,0.01,4,0.001,6,2.183619357053325,-38629.94401978565,-38626.61181527548,3,0.6666666666666666,0.01685200498290929,1;2;3;5;6;7,13.831162360271264
PDE,fisher_kpp,u_t,pod_edmd_rbf,POD-EDMD-RBF,0,0.01,4,0.0,8,2.183519910906422,-38613.13734802518,-38613.13734802518,3,0.5454545454545454,0.01456948856656296,0;1;2;3;4;5;6;7,27.305629610571486
PDE,fisher_kpp,u_t,pod_edmd_rbf,POD-EDMD-RBF,1,0.01,4,0.03,2,2.315502076861164,-38370.79885131437,-38367.4666468042,3,0.8,0.041494847476931586,1;2,644.4454603856939
PDE,fisher_kpp,u_t,pod_edmd_rbf,POD-EDMD-RBF,1,0.01,4,0.007,3,2.0317457192577835,-39015.937458880624,-39011.91210718989,3,1.0,0.007502252285897277,1;2;6,0.0
PDE,fisher_kpp,u_t,pod_edmd_rbf,POD-EDMD-RBF,1,0.01,4,0.005,6,2.0308165188197496,-38992.6731069223,-38989.34090241213,3,0.6666666666666666,0.035260627163010906,1;2;3;4;5;6,22.57120477776334
PDE,fisher_kpp,u_t,pod_edmd_rbf,POD-EDMD-RBF,1,0.01,4,0.001,7,2.03061367239506,-38984.65535953029,-38982.57591798861,3,0.6,0.03519556896298689,1;2;3;4;5;6;7,29.33618920128356
PDE,fisher_kpp,u_t,pod_edmd_rbf,POD-EDMD-RBF,1,0.01,4,0.0,8,2.0304535648735165,-38976.53241620541,-38976.53241620541,3,0.5454545454545454,0.036835710442433896,0;1;2;3;4;5;6;7,35.379690984482295
PDE,fisher_kpp,u_t,pod_edmd_rbf,POD-EDMD-RBF,2,0.01,4,0.03,2,3.059374279876561,-36977.87951392747,-36974.5473094173,3,0.8,0.043159271964310235,1;2,420.2137074084094
PDE,fisher_kpp,u_t,pod_edmd_rbf,POD-EDMD-RBF,2,0.01,4,0.01,3,2.8075875789916136,-37398.78636851644,-37394.76101682571,3,1.0,0.010500999299339448,1;2;6,0.0
PDE,fisher_kpp,u_t,pod_edmd_rbf,POD-EDMD-RBF,2,0.01,4,0.005,4,2.8062555503797495,-37392.64193246513,-37388.39343722308,3,0.8571428571428571,0.01051188255450992,1;2;6;7,6.367579602629121
PDE,fisher_kpp,u_t,pod_edmd_rbf,POD-EDMD-RBF,2,0.01,4,0.002,6,2.806163417183468,-37375.77170559501,-37372.43950108484,3,0.6666666666666666,0.012298657355968929,1;2;4;5;6;7,22.32151574087038
PDE,fisher_kpp,u_t,pod_edmd_rbf,POD-EDMD-RBF,2,0.01,4,0.0003,7,2.806155906756027,-37367.2678944423,-37365.18845290062,3,0.6,0.015810338416251388,1;2;3;4;5;6;7,29.572563925088616
PDE,fisher_kpp,u_t,pod_edmd_rbf,POD-EDMD-RBF,2,0.01,4,0.0,8,2.8061530036548294,-37358.75587399038,-37358.75587399038,3,0.5454545454545454,0.016155985841203115,0;1;2;3;4;5;6;7,36.00514283532539
PDE,fisher_kpp,u_t,pod_edmd_rbf,POD-EDMD-RBF,3,0.01,4,0.03,2,2.749067456652093,-37512.62283321413,-37509.29062870396,3,0.8,0.03872417643716366,1;2,501.95777375523903
PDE,fisher_kpp,u_t,pod_edmd_rbf,POD-EDMD-RBF,3,0.01,4,0.007,3,2.4819092544993984,-38015.27375414993,-38011.2484024592,3,1.0,0.00693119068435189,1;2;6,0.0
PDE,fisher_kpp,u_t,pod_edmd_rbf,POD-EDMD-RBF,3,0.01,4,0.005,6,2.4816044578176246,-37990.33624899921,-37987.00404448903,3,0.6666666666666666,0.031005670129567703,1;2;3;4;5;6,24.244357970164856
PDE,fisher_kpp,u_t,pod_edmd_rbf,POD-EDMD-RBF,3,0.01,4,0.003,7,2.4749851317924296,-37995.173661511195,-37993.09421996951,3,0.6,0.03439476764704097,0;1;2;3;4;5;6,18.1541824896849
PDE,fisher_kpp,u_t,pod_edmd_rbf,POD-EDMD-RBF,3,0.01,4,0.0,8,2.474891790313238,-37986.84504165336,-37986.84504165336,3,0.5454545454545454,0.034012644072569195,0;1;2;3;4;5;6;7,24.40336080583802
PDE,fisher_kpp,u_t,pod_edmd_rbf,POD-EDMD-RBF,4,0.01,4,0.03,2,2.4017601824505403,-38187.92218122297,-38184.5899767128,3,0.8,0.04322403881824221,1;2,633.0324974374162
PDE,fisher_kpp,u_t,pod_edmd_rbf,POD-EDMD-RBF,4,0.01,4,0.013,3,2.1122491134516452,-38821.64782584095,-38817.622474150216,3,1.0,0.011044280290748642,1;2;6,0.0
PDE,fisher_kpp,u_t,pod_edmd_rbf,POD-EDMD-RBF,4,0.01,4,0.005,5,2.111646402675833,-38806.04034686527,-38802.01499517454,3,0.75,0.016400760546885242,1;2;4;5;6,15.607478975674894
PDE,fisher_kpp,u_t,pod_edmd_rbf,POD-EDMD-RBF,4,0.01,4,0.001,7,2.108063304529364,-38797.497300541974,-38795.41785900029,3,0.6,0.033238023254052694,0;1;2;3;4;5;6,22.204615149923484
PDE,fisher_kpp,u_t,pod_edmd_rbf,POD-EDMD-RBF,4,0.01,4,0.0,8,2.1080591976275764,-38788.98984829567,-38788.98984829567,3,0.5454545454545454,0.03333051271234896,0;1;2;3;4;5;6;7,28.63262585454504
