system,sparse_factor,noise,seed,comparator,support_f1_edmd,support_f1_other,support_f1_delta,coef_error_edmd,coef_error_other,coef_error_delta,practical_score_edmd,practical_score_other,practical_score_delta
lorenz63,16,0.05,1,baseline,0.875,0.7777777777777778,0.09722222222222221,0.0714336878379232,0.8758640360134252,-0.804430348175502,0.8166627668443837,0.4146237482278867,0.40203901861649693
lorenz63,16,0.05,2,baseline,0.9333333333333332,0.56,0.3733333333333332,0.0363950256133789,0.2855785751015723,-0.2491835494881934,0.9005575193502596,0.4356015344731107,0.46495598487714895
lorenz63,16,0.05,3,baseline,0.7777777777777778,0.8235294117647058,-0.04575163398692805,0.0602437693615395,0.9090810139942292,-0.8488372446326897,0.7335839174477224,0.4313747848980468,0.30220913254967563
lorenz63,16,0.05,0,baseline,0.8,0.8235294117647058,-0.0235294117647058,0.1297325816497814,0.3728963012772781,-0.24316371962749667,0.7081321836639753,0.5998482267003945,0.10828395696358084
lorenz63,16,0.05,4,baseline,0.7058823529411765,0.6666666666666666,0.03921568627450989,1.297372531413086,0.854080849161795,0.4432916822512909,0.3072563736569954,0.3595672038617181,-0.052310830204722714
lorenz63,16,0.1,0,baseline,0.6666666666666666,0.6,0.06666666666666665,0.8966623384719733,0.9381905623358032,-0.04152822386382993,0.3514946509686905,0.3095670836808286,0.0419275672878619
lorenz63,16,0.1,1,baseline,0.875,0.5454545454545454,0.3295454545454546,0.3056780715124751,0.8753350985766302,-0.569657027064155,0.6701498777462158,0.2908571091473426,0.37929276859887323
lorenz63,16,0.1,2,baseline,0.7058823529411765,0.8235294117647058,-0.11764705882352933,0.8837610611372851,0.4222493088522378,0.4615117522850473,0.3747196857944464,0.5790330897958376,-0.20431340400139114
lorenz63,16,0.1,3,baseline,0.875,0.7777777777777778,0.09722222222222221,0.1441490180369324,0.7724874768235118,-0.6283384587865795,0.7647605217555284,0.438805795780086,0.32595472597544245
lorenz63,16,0.1,4,baseline,0.56,0.631578947368421,-0.07157894736842096,0.5136818586614446,1.3778523197340118,-0.8641704610725672,0.3699588502006692,0.2656089876258883,0.1043498625747809
lorenz63,16,0.2,1,baseline,0.375,0.631578947368421,-0.256578947368421,0.9004254645567978,0.5992083124889013,0.30121715206789657,0.1973242344905405,0.3949322564397339,-0.19760802194919339
lorenz63,16,0.2,2,baseline,0.4375,0.8235294117647058,-0.38602941176470584,0.8214563186346024,0.6088061070464151,0.2126502115881873,0.2401924193976598,0.511888541545017,-0.27169612214735717
lorenz63,16,0.2,0,baseline,0.4666666666666667,0.6666666666666666,-0.19999999999999996,0.8580261768706332,1.2489687890291168,-0.3909426121584836,0.2511625898902277,0.2964321558924202,-0.04526956600219251
lorenz63,16,0.2,3,baseline,0.7777777777777778,0.5333333333333333,0.24444444444444446,0.3070155631423338,1.2503060713162226,-0.9432905081738888,0.5950792015879599,0.2370047968725349,0.358074404715425
lorenz63,16,0.5,1,baseline,0.6666666666666666,0.6153846153846154,0.05128205128205121,0.9694106190979188,1.1399542416989548,-0.17054362260103595,0.3385107504762165,0.2875690532971624,0.05094169717905406
lorenz63,16,0.2,4,baseline,0.875,0.6666666666666666,0.20833333333333337,0.1686532339765755,0.546771858669171,-0.3781186246925955,0.7487250918928603,0.4310051692046303,0.31771992268823
lorenz63,16,0.5,2,baseline,0.6666666666666666,0.6666666666666666,0.0,1.2050383715779869,0.7590794322185879,0.445958939359399,0.302337898178879,0.3789861074242978,-0.07664820924541876
lorenz63,16,0.5,0,baseline,0.6666666666666666,0.6363636363636364,0.030303030303030276,0.8007565259290087,0.9967757277207574,-0.1960192017917487,0.3702147719957499,0.3186955988743017,0.051519173121448214
lorenz63,64,0.05,0,baseline,0.6666666666666666,0.4,0.2666666666666666,1.062263655347658,0.9714174998609983,0.09084615548665975,0.323269367104411,0.2028996902118416,0.12036967689256942
lorenz63,64,0.05,1,baseline,0.4,0.6153846153846154,-0.2153846153846154,1.2641272926049767,1.0296585673629055,0.23446872524207119,0.1766685121046275,0.3031961263239325,-0.126527614219305
lorenz63,64,0.05,2,baseline,0.375,0.6666666666666666,-0.29166666666666663,0.9883664790733688,1.0293341021100098,-0.04096762303664092,0.1885970237110212,0.3285149872431044,-0.13991796353208322
lorenz63,16,0.5,4,baseline,0.7,0.6666666666666666,0.033333333333333326,0.9794124158247424,1.043919562027439,-0.06450714620269671,0.3536402997191153,0.3261706962701484,0.02746960344896693
lorenz63,64,0.05,3,baseline,0.5714285714285714,0.6666666666666666,-0.09523809523809523,1.0503461600053583,1.027422638403345,0.022923521602013386,0.2786985839635381,0.328824712735617,-0.05012612877207889
lorenz63,16,0.5,3,baseline,0.5714285714285714,0.7058823529411765,-0.13445378151260512,1.506575136371324,1.3478692179160985,0.15870591845522553,0.2279718501699524,0.3006480716876119,-0.07267622151765948
lorenz63,64,0.05,4,baseline,0.6666666666666666,0.6666666666666666,0.0,1.0281988804180944,1.0287337200866402,-0.000534839668545839,0.3286988633625709,0.32861220773626,8.66556263109386e-05
lorenz63,64,0.1,0,baseline,0.5714285714285714,0.6666666666666666,-0.09523809523809523,1.0084631884229325,1.0258618170743612,-0.017398628651428716,0.2845103533499479,0.3290780551012261,-0.04456770175127822
lorenz63,64,0.1,1,baseline,0.5333333333333333,0.6666666666666666,-0.1333333333333333,1.079911186494027,1.0299128169234189,0.0499983695706081,0.25642120528826,0.3284213297776411,-0.07200012448938109
lorenz63,64,0.1,2,baseline,0.6153846153846154,0.6666666666666666,-0.05128205128205121,1.061474295268624,1.027885851997792,0.03358844327083199,0.2985167541487227,0.3287496019610242,-0.03023284781230151
lorenz63,64,0.1,3,baseline,0.375,0.6153846153846154,-0.24038461538461542,1.1821391785065791,1.025493423572421,0.15664575493415822,0.1718497168712419,0.3038196067303166,-0.1319698898590747
lorenz63,64,0.1,4,baseline,0.5,0.6666666666666666,-0.16666666666666663,1.326998137810501,1.0306265036778393,0.29637163413266165,0.2148691019024432,0.3283059023701357,-0.11343680046769247
lorenz63,64,0.2,0,baseline,0.4,0.6153846153846154,-0.2153846153846154,1.1991834578744072,1.0236688441721924,0.17551461370221477,0.181885689694399,0.3040935364285584,-0.12220784673415941
lorenz63,64,0.2,1,baseline,0.6666666666666666,0.5454545454545454,0.12121212121212122,0.8790367863682423,1.1046489611063277,-0.22561217473808537,0.3547917057841023,0.2591665192317023,0.09562518655239999
lorenz63,64,0.2,3,baseline,0.4615384615384615,0.6666666666666666,-0.20512820512820512,1.0632347317974182,1.0237996106704652,0.03943512112695302,0.2236965355543357,0.3294133782572507,-0.10571684270291501
lorenz63,64,0.2,2,baseline,0.4761904761904761,0.7058823529411765,-0.2296918767507004,1.5994317285629085,1.030334050351425,0.5690976782114836,0.1831902222928306,0.3476680858595645,-0.16447786356673388
lorenz63,64,0.2,4,baseline,0.6666666666666666,0.4,0.2666666666666666,1.0174969041599526,0.972972657557366,0.04452424660258669,0.3304424731914292,0.2027397584390343,0.12770271475239492
lorenz63,64,0.5,0,baseline,0.4137931034482758,0.6,-0.18620689655172418,1.4347445644290318,1.0336276012303398,0.40111696319869194,0.1699533944930744,0.2950392685647074,-0.12508587407163302
lorenz63,64,0.5,1,baseline,0.3846153846153846,0.4285714285714285,-0.04395604395604391,1.7987661794041925,1.0213224979334043,0.7774436814707881,0.1374231929218404,0.2120252601994976,-0.0746020672776572
lorenz63,64,0.5,2,baseline,0.48,0.6153846153846154,-0.13538461538461544,1.5295091596047126,1.0121520558113168,0.5173571037933957,0.1897601351540509,0.3058340514611293,-0.11607391630707839
lorenz63,64,0.5,3,baseline,0.5263157894736842,0.5,0.02631578947368418,1.1917502195274126,1.0152246089455048,0.17652561058190774,0.2401349317930803,0.248111301231892,-0.00797636943881172
lorenz63,64,0.5,4,baseline,0.5454545454545454,0.5714285714285714,-0.025974025974025983,1.0169764471625942,1.0276747953960237,-0.010698348233429522,0.2704317872535746,0.2818147035836513,-0.011382916330076709
vanderpol_mu2,16,0.05,0,baseline,1.0,1.0,0.0,0.0285730051432354,0.0352194384640169,-0.006646433320781499,0.9722207320235317,0.965978770147252,0.006241961876279678
vanderpol_mu2,16,0.05,1,baseline,1.0,1.0,0.0,0.0097159614774087,0.058396561319639,-0.048680599842230304,0.9903775300697512,0.9448254430769988,0.04555208699275237
vanderpol_mu2,16,0.05,2,baseline,1.0,1.0,0.0,0.0258227810690487,0.0246590409227446,0.0011637401463041007,0.9748272493596428,0.9759343938442798,-0.0011071444846370015
vanderpol_mu2,16,0.05,3,baseline,1.0,1.0,0.0,0.0090730960705286,0.0673303766789455,-0.058257280608416895,0.9910084848106042,0.936917023866174,0.05409146094443018
vanderpol_mu2,16,0.1,0,baseline,1.0,1.0,0.0,0.0410971101383308,0.1438340069000463,-0.1027368967617155,0.9605251904571416,0.8742527272030869,0.08627246325405469
vanderpol_mu2,16,0.05,4,baseline,1.0,1.0,0.0,0.0165367004892659,0.0573396713437687,-0.0408029708545028,0.983732313372152,0.945769866677852,0.037962446694299934
vanderpol_mu2,16,0.1,1,baseline,1.0,1.0,0.0,0.0428890787437891,0.0871352733417623,-0.0442461945979732,0.9588747455333876,0.9198487295201858,0.03902601601320177
vanderpol_mu2,16,0.1,2,baseline,1.0,1.0,0.0,0.0509755407600339,0.098598662223756,-0.04762312146372211,0.9514969294878453,0.9102505167590728,0.0412464127287725
vanderpol_mu2,16,0.2,0,baseline,1.0,1.0,0.0,0.1207441369251569,0.3579943424769473,-0.23725020555179038,0.8922643153356775,0.7363800928478282,0.15588422248784928
vanderpol_mu2,16,0.1,3,baseline,1.0,1.0,0.0,0.0278047874692188,0.0871739677234844,-0.0593691802542656,0.9729474042072882,0.9198159905299936,0.05313141367729457
vanderpol_mu2,16,0.1,4,baseline,1.0,1.0,0.0,0.0325969395159921,0.1112118980564866,-0.0786149585404945,0.968432078124044,0.8999183699787622,0.0685137081452818
vanderpol_mu2,16,0.2,1,baseline,1.0,1.0,0.0,0.0605292174860981,0.2560039507125465,-0.1954747332264484,0.9429254597722656,0.7961758396004149,0.14674962017185067
vanderpol_mu2,16,0.2,3,baseline,1.0,0.8571428571428571,0.1428571428571429,0.1124245854932805,0.7797899782659058,-0.6673653927726253,0.8989373419471591,0.4815977545721395,0.41733958737501964
vanderpol_mu2,16,0.2,2,baseline,1.0,1.0,0.0,0.0365815496759602,0.2717589003000206,-0.2351773506240604,0.9647094339201814,0.7863125626752759,0.17839687124490544
vanderpol_mu2,16,0.2,4,baseline,0.8571428571428571,0.8,0.05714285714285705,0.3275798127336947,0.4048949927850744,-0.07731518005137972,0.6456431838759779,0.5694375765508809,0.07620560732509696
vanderpol_mu2,16,0.5,0,baseline,0.4210526315789473,0.8571428571428571,-0.4360902255639098,2.851061565976486,0.7132686810646525,2.1377928849118337,0.1093341730235839,0.5002968107782224,-0.3909626377546385
vanderpol_mu2,16,0.5,1,baseline,0.5,0.6666666666666666,-0.16666666666666663,1.0757996046315546,0.8975251945204946,0.17827441011105993,0.2408710353756656,0.3513348168402757,-0.11046378146461008
vanderpol_mu2,16,0.5,3,baseline,0.3636363636363636,0.6666666666666666,-0.30303030303030304,1.7460872759370345,0.8983322170501663,0.8477550588868682,0.1324198130273488,0.351185456728225,-0.2187656437008762
vanderpol_mu2,16,0.5,2,baseline,0.4444444444444444,0.6666666666666666,-0.2222222222222222,1.5991641667162706,0.8989530219331411,0.7002111447831295,0.1709951414904069,0.3510706473338648,-0.18007550584345788
vanderpol_mu2,64,0.05,0,baseline,1.0,0.8571428571428571,0.1428571428571429,0.0220439629495215,0.4700270327268217,-0.44798306977730024,0.97843149243218,0.583079656401218,0.395351836030962
vanderpol_mu2,64,0.05,1,baseline,1.0,1.0,0.0,0.0197448028249711,0.3090940177611933,-0.2893492149362222,0.9806375058051068,0.763887074902531,0.21675043090257573
vanderpol_mu2,64,0.05,2,baseline,1.0,1.0,0.0,0.0600784939112562,0.2883148518990142,-0.228236357987758,0.9433263722862718,0.7762077713580422,0.1671186009282296
vanderpol_mu2,16,0.5,4,baseline,0.6666666666666666,0.6666666666666666,0.0,0.9080461466945186,0.8950820179464782,0.012964128748040316,0.3493975592894301,0.3517877645153693,-0.0023902052259391904
vanderpol_mu2,64,0.05,3,baseline,1.0,1.0,0.0,0.0298711890667042,0.3147308051263772,-0.28485961605967297,0.9709952182527076,0.7606119793503098,0.21038323890239785
vanderpol_mu2,64,0.05,4,baseline,1.0,1.0,0.0,0.0411745841196345,0.3057828577102825,-0.26460827359064804,0.960453717611202,0.7658241139369227,0.19462960367427928
vanderpol_mu2,64,0.1,0,baseline,1.0,1.0,0.0,0.1476604628962254,0.4232881008870402,-0.2756276379908148,0.8713378497647372,0.7025984404540212,0.16873940931071596
vanderpol_mu2,64,0.1,1,baseline,1.0,1.0,0.0,0.0346103264075028,0.3379873113871989,-0.3033769849796961,0.9665474763550052,0.7473912431674854,0.21915623318751976
vanderpol_mu2,64,0.1,2,baseline,1.0,0.8571428571428571,0.1428571428571429,0.084492068387962,0.4855997189693821,-0.40110765058142006,0.9220906534488954,0.5769675681801355,0.3451230852687599
vanderpol_mu2,64,0.1,3,baseline,1.0,1.0,0.0,0.0796847194835601,0.3816314070622115,-0.3019466875786514,0.9261963070833537,0.7237820412075885,0.20241426587576516
vanderpol_mu2,64,0.1,4,baseline,1.0,1.0,0.0,0.1019252430487044,0.3306486520097897,-0.2287234089610853,0.9075025790618,0.7515131800491561,0.15598939901264386
vanderpol_mu2,64,0.2,0,baseline,0.5,1.0,-0.5,0.7608165720890046,0.4289191890761371,0.3318973830128675,0.2839591629960684,0.6998296388241149,-0.4158704758280465
vanderpol_mu2,64,0.2,1,baseline,0.6666666666666666,1.0,-0.33333333333333337,0.4914401638962984,0.555855736005048,-0.0644155721087496,0.4469952484885748,0.6427331126262953,-0.19573786413772049
vanderpol_mu2,64,0.2,2,baseline,0.8571428571428571,0.8888888888888888,-0.031746031746031744,0.7480080165706325,0.4856182220677362,0.26238979450289635,0.4903540767647402,0.5983292851993305,-0.1079752084345903
vanderpol_mu2,64,0.2,4,baseline,0.8888888888888888,1.0,-0.11111111111111116,0.1404324901276867,0.3897170058886903,-0.2492845157610036,0.779431396933777,0.7195709599599555,0.059860436973821596
vanderpol_mu2,64,0.2,3,baseline,1.0,1.0,0.0,0.2011588024509994,0.4746414142617944,-0.27348261181079503,0.8325293857560474,0.6781309614178984,0.154398424338149
vanderpol_mu2,64,0.5,1,baseline,0.4,0.8,-0.4,0.9489912786032464,0.7651545876164879,0.18383669098675848,0.2052343714368295,0.4532180952379082,-0.2479837238010787
vanderpol_mu2,64,0.5,0,baseline,0.4,0.6666666666666666,-0.2666666666666666,0.8889658052429059,0.9002791177123285,-0.011313312469422576,0.2117560830851372,0.3508256552696535,-0.1390695721845163
vanderpol_mu2,64,0.5,2,baseline,0.3478260869565217,0.6666666666666666,-0.31884057971014496,0.9628749175678406,0.9003606669927695,0.0625142505750711,0.1772023697707168,0.3508106004538786,-0.17360823068316178
vanderpol_mu2,64,0.5,3,baseline,0.3809523809523809,0.6666666666666666,-0.28571428571428575,1.291031066703995,0.9040088542159564,0.3870222124880386,0.1662798844104895,0.3501384277654478,-0.1838585433549583
vanderpol_mu2,64,0.5,4,baseline,0.6666666666666666,1.0,-0.33333333333333337,0.898563484678219,0.7891200125407034,0.1094434721375156,0.3511426781599866,0.5589339971553471,-0.20779131899536046
burgers,8,0.05,0,baseline,0.6666666666666666,0.6666666666666666,0.0,0.2666425867276,0.438965764515288,-0.17232317778768802,0.526325795178745,0.4632957107851913,0.06303008439355373
burgers,8,0.05,2,baseline,0.6666666666666666,0.6666666666666666,0.0,0.2706115120118508,0.4347520396339966,-0.16414052762214582,0.5246817460445367,0.464656364480048,0.06002538156448867
burgers,8,0.05,1,baseline,0.6666666666666666,0.6666666666666666,0.0,0.2606855318459842,0.4510842907490324,-0.1903987589030482,0.5288128163813275,0.4594265618591606,0.0693862545221669
burgers,8,0.05,3,baseline,0.6666666666666666,0.6666666666666666,0.0,0.3071767843864741,0.4622797912254265,-0.1551030068389524,0.5100049776201984,0.455909102120589,0.05409587549960937
burgers,8,0.05,4,baseline,0.6666666666666666,0.6666666666666666,0.0,0.2599770473416677,0.4538841148456518,-0.19390706750398407,0.5291101675806057,0.4585418190207282,0.07056834855987748
burgers,8,0.1,0,baseline,0.6666666666666666,0.5,0.16666666666666663,0.7149838813176542,0.7248489773991037,-0.009865096081449476,0.3887305728812181,0.2898804513041768,0.09885012157704132
burgers,8,0.1,1,baseline,0.6666666666666666,0.6666666666666666,0.0,0.5795599586576884,0.7433358736178978,-0.16377591496020938,0.422058474585036,0.3824086205965299,0.03964985398850607
burgers,8,0.1,2,baseline,0.6666666666666666,0.6666666666666666,0.0,0.5639191583408755,0.7134378587355034,-0.1495187003946279,0.4262794934834851,0.3890813216644218,0.03719817181906332
burgers,8,0.2,0,baseline,0.6666666666666666,0.6666666666666666,0.0,0.8241134502519766,0.8947616954582663,-0.07064824520628976,0.3654743440297398,0.3518472366549646,0.013627107374775183
burgers,8,0.1,3,baseline,0.6666666666666666,0.6666666666666666,0.0,0.5755185130099744,0.7181858342017952,-0.1426673211918208,0.4231411190421512,0.3880061477612955,0.03513497128085569
burgers,8,0.2,1,baseline,0.5,0.5,0.0,0.8178463382782452,0.9085357514464354,-0.09068941316819024,0.2750507506996273,0.2619809451413532,0.013069805558274084
burgers,8,0.1,4,baseline,0.6666666666666666,0.6666666666666666,0.0,0.6559864310452584,0.7144282868378364,-0.05844185579257799,0.4025797881966138,0.388856548731061,0.013723239465552761
burgers,8,0.5,0,baseline,0.6666666666666666,0.4,0.2666666666666666,0.8601379518145706,0.99702976057656,-0.13689180876198936,0.3583963576552648,0.2002974657145402,0.15809889194072457
burgers,8,0.2,3,baseline,0.6666666666666666,0.6666666666666666,0.0,0.7921948609549534,0.869322370858304,-0.0771275099033506,0.3719833602867491,0.3566354723292403,0.015347887957508799
burgers,8,0.2,4,baseline,0.6666666666666666,0.6666666666666666,0.0,0.7515779680555014,0.895748694496989,-0.14417072644148765,0.3806091871586857,0.3516640515706948,0.02894513558799089
burgers,8,0.2,2,baseline,0.5,0.6666666666666666,-0.16666666666666663,0.7397576064576584,0.8867419412145064,-0.14698433475684802,0.2873963580582102,0.353342792728469,-0.06594643467025885
burgers,8,0.5,2,baseline,0.4,0.4,0.0,1.0025575286217383,1.000367622467685,0.002189906154053345,0.1997445737677759,0.1999632445093035,-0.00021867074152759347
burgers,8,0.5,1,baseline,0.4444444444444444,0.4,0.0444444444444444,1.0416770352678515,0.9732412631430096,0.06843577212484186,0.2176859693120547,0.2027121606827103,0.014973808629344387
burgers,8,0.5,3,baseline,0.4444444444444444,0.4,0.0444444444444444,0.9363104068833834,1.0010907569903464,-0.06478035010696304,0.2295316096347416,0.1998909837560804,0.029640625878661203
burgers,32,0.05,0,baseline,0.6666666666666666,0.6666666666666666,0.0,0.3692679992664052,0.4253652724009174,-0.05609727313451224,0.4868781473194714,0.4677163668676439,0.01916178045182748
burgers,8,0.5,4,baseline,0.4444444444444444,0.4,0.0444444444444444,1.0104853326656007,1.0342071444655443,-0.023721811799943593,0.2210632613047606,0.1966368081482152,0.024426453156545402
burgers,32,0.05,1,baseline,0.6666666666666666,0.6666666666666666,0.0,0.3853679645719829,0.4484452784559711,-0.06307731388398818,0.4812199240312569,0.4602636196082788,0.020956304422978134
burgers,32,0.05,2,baseline,0.6666666666666666,0.6666666666666666,0.0,0.4643523382328587,0.4724064843139417,-0.008054146081083013,0.4552638386682143,0.4527735199273424,0.0024903187408719107
burgers,32,0.05,3,baseline,0.6666666666666666,0.6666666666666666,0.0,0.3755593633842509,0.443038819301183,-0.06747945591693211,0.4846513239722966,0.4619880336895661,0.02266329028273051
burgers,32,0.05,4,baseline,0.6666666666666666,0.6666666666666666,0.0,0.4273200668589886,0.4797427986309519,-0.05242273177196333,0.467075803210528,0.4505287454572931,0.016547057753234895
burgers,32,0.1,0,baseline,0.6666666666666666,0.6666666666666666,0.0,0.6966949999699988,0.7210062831012586,-0.024311283131259742,0.3929207469099954,0.387370268901826,0.005550478008169379
burgers,32,0.1,2,baseline,0.6666666666666666,0.6666666666666666,0.0,0.7657695409479004,0.712656313441931,0.05311322750596936,0.3775502132111683,0.3892588731517676,-0.01170865994059933
burgers,32,0.1,1,baseline,0.6666666666666666,0.6666666666666666,0.0,0.7201890280520127,0.7428923472412688,-0.022703319189256166,0.3875543069947478,0.3825059348742323,0.00504837212051551
burgers,32,0.1,3,baseline,0.6666666666666666,0.6666666666666666,0.0,0.8257237852408883,0.7742068567282969,0.051516928512591376,0.3651519863278255,0.3757547571967028,-0.010602770868877343
burgers,32,0.1,4,baseline,0.4,0.6666666666666666,-0.2666666666666666,1.0666251701115428,0.7688355873734984,0.29778958273804434,0.1935522734286695,0.3768957790229582,-0.18334350559428866
burgers,32,0.2,0,baseline,0.6666666666666666,0.5,0.16666666666666663,0.8898204963759662,0.9234152998704124,-0.03359480349444621,0.3527671902940553,0.2599542595058315,0.09281293078822378
burgers,32,0.2,1,baseline,0.4444444444444444,0.5,-0.05555555555555558,0.9626978448123412,0.9334981219489634,0.029199722863377797,0.2264456781359226,0.2585986478724896,-0.032152969736567005
burgers,32,0.2,2,baseline,0.5,0.5,0.0,0.9183599681360356,0.9288184954347992,-0.01045852729876362,0.2606393003946086,0.2592260501355721,0.0014132502590364915
burgers,32,0.2,3,baseline,0.5,0.5,0.0,0.9454670517005704,0.9257484378003398,0.019718613900230664,0.2570076936347703,0.259639312272333,-0.002631618637562727
burgers,32,0.2,4,baseline,0.4,0.5,-0.09999999999999998,0.9321562281251544,0.9510378076961972,-0.01888157957104275,0.2070225969191608,0.256273865133554,-0.049251268214393185
burgers,32,0.5,0,baseline,0.4,0.4444444444444444,-0.0444444444444444,1.0090751952630954,0.98884850183254,0.020226693430555387,0.19909657983091,0.2234682249728574,-0.024371645141947396
burgers,32,0.5,1,baseline,0.4,0.4,0.0,1.014584614045943,0.9936746072513738,0.020910006794569114,0.1985520971475452,0.2006345461516758,-0.0020824490041305987
burgers,32,0.5,3,baseline,0.4,0.4,0.0,1.028457831552131,1.0153339835497486,0.013123848002382532,0.1971941411737057,0.1984782687460329,-0.0012841275723271817
burgers,32,0.5,2,baseline,0.4,0.4,0.0,0.9986377068401986,1.0077799166215191,-0.00914220978132052,0.2001363221713609,0.1992250229662013,0.0009112992051596158
burgers,32,0.5,4,baseline,0.4444444444444444,0.4,0.0444444444444444,1.0339841384578532,1.0151380960238428,0.018846042434010446,0.2185092971184218,0.1984975624197952,0.020011734698626604
fisher_kpp,8,0.05,0,baseline,0.8,0.8,0.0,0.0305086936614158,0.0354090396567065,-0.0049003459952906975,0.7763156244297035,0.772641506264271,0.003674118165432505
fisher_kpp,8,0.05,3,baseline,0.8,0.8,0.0,0.0270138781584578,0.0265128090550915,0.0005010691033663014,0.7789573412917095,0.779337571770198,-0.0003802304784885635
fisher_kpp,8,0.05,1,baseline,0.8,0.8,0.0,0.0412601375801396,0.0417287253413966,-0.00046858776125700136,0.7682998427839353,0.7679542481060249,0.0003455946779103991
fisher_kpp,8,0.05,2,baseline,0.8,0.8,0.0,0.0421984383081373,0.0400356509383527,0.002162787369784598,0.7676081354513327,0.769204401097419,-0.0015962656460863922
fisher_kpp,8,0.1,0,baseline,0.5714285714285714,0.8,-0.22857142857142865,0.8513231747433201,0.0259850595151457,0.8253381152281744,0.3086595464391559,0.7797384499712495,-0.47107890353209364
fisher_kpp,8,0.1,1,baseline,0.8,0.8,0.0,0.0326007262760119,0.0310074457317067,0.0015932805443051971,0.7747428213469625,0.7759400800759877,-0.001197258729025208
fisher_kpp,8,0.05,4,baseline,0.8,0.8,0.0,0.0363250333815421,0.0428932036836326,-0.006568170302090497,0.771958578853962,0.7670967623283931,0.0048618165255689405
fisher_kpp,8,0.1,2,baseline,0.8,0.8,0.0,0.0254271146333872,0.0307595973992114,-0.005332482765824199,0.7801627132573119,0.7761266565148085,0.004036056742503402
fisher_kpp,8,0.1,3,baseline,0.5714285714285714,0.8,-0.22857142857142865,0.5000711006402374,0.0420407448010327,0.4580303558392047,0.3809343245028072,0.7677242986815761,-0.3867899741787689
fisher_kpp,8,0.2,0,baseline,0.8,0.5714285714285714,0.22857142857142865,0.0948744104797303,0.6066039100381851,-0.5117294995584548,0.7306774113475462,0.3556748292832114,0.37500258206433473
fisher_kpp,8,0.2,1,baseline,0.8,0.8,0.0,0.1053814217057284,0.0538599800738381,0.0515214416318903,0.7237320840488793,0.7591141281823307,-0.03538204413345136
fisher_kpp,8,0.1,4,baseline,0.8,0.8,0.0,0.0530936260218168,0.0618297054446674,-0.008736079422850596,0.7596665483790769,0.753416480908283,0.00625006747079393
fisher_kpp,8,0.2,2,baseline,0.8,0.8,0.0,0.0219590349943389,0.0375317867741347,-0.015572751779795797,0.7828102424912086,0.7710607137033729,0.01174952878783564
fisher_kpp,8,0.2,3,baseline,0.8,0.8,0.0,0.0661028441940214,0.0897706777250353,-0.0236678335310139,0.7503966473373436,0.734099399398459,0.01629724793888454
fisher_kpp,8,0.2,4,baseline,0.8,0.8,0.0,0.0480130896960943,0.0286565268238557,0.0193565628722386,0.7633492442656286,0.7777134341140381,-0.014364189848409592
fisher_kpp,8,0.5,0,baseline,0.8,0.8,0.0,0.059665410699677,0.1106481074881499,-0.050982696788472906,0.7549552829810451,0.7203001514217551,0.03465513155929001
fisher_kpp,8,0.5,1,baseline,0.8,0.5714285714285714,0.22857142857142865,0.0292601875735041,0.5996472920412117,-0.5703871044677076,0.7772573054496664,0.3572216039570863,0.4200357014925801
fisher_kpp,32,0.05,0,baseline,0.8,0.8,0.0,0.0557365207991575,0.05900928632082,-0.003272765521662495,0.7577648250667947,0.7554230263450638,0.0023417987217309033
fisher_kpp,8,0.5,3,baseline,0.6666666666666666,0.5454545454545454,0.12121212121212122,0.6648421071616337,0.8622532879135059,-0.19741118075187214,0.4004383741850795,0.2929002993280684,0.10753807485701111
fisher_kpp,32,0.05,1,baseline,0.8,0.8,0.0,0.0591148586532526,0.0408890840258882,0.018225774627364397,0.7553477259466104,0.7685737244028039,-0.013225998456193544
fisher_kpp,8,0.5,2,baseline,0.8,0.8,0.0,0.0748660867338184,0.0241735896830023,0.05069249705081609,0.7442787616743493,0.7811175840294929,-0.036838822355143686
fisher_kpp,32,0.05,2,baseline,0.8,0.8,0.0,0.0497625759158294,0.0566417064898027,-0.006879130573973297,0.7620770813839189,0.7571156760957556,0.004961405288163356
fisher_kpp,8,0.5,4,baseline,0.8,0.8,0.0,0.1402974196262371,0.1769204021957439,-0.0366229825695068,0.701571349922217,0.6797401068988734,0.021831243023343605
fisher_kpp,32,0.05,3,baseline,0.8,0.8,0.0,0.0456297879309877,0.0562057966349816,-0.010576008703993896,0.7650891445843169,0.7574281475719596,0.007660997012357229
fisher_kpp,32,0.05,4,baseline,0.8,0.8,0.0,0.0298885419395108,0.027797197720007,0.002091344219503799,0.7767830861516536,0.7783636711353793,-0.001580584983725708
fisher_kpp,32,0.1,0,baseline,0.8,0.8,0.0,0.0522257871823086,0.0300267925136284,0.0221989946686802,0.7602930946429961,0.7766788260407461,-0.016385731397750014
fisher_kpp,32,0.1,2,baseline,0.8,0.8,0.0,0.1685145122695321,0.0519340673685442,0.1165804449009879,0.6846299225212106,0.7605039372868991,-0.07587401476568856
fisher_kpp,32,0.1,1,baseline,0.8,0.8,0.0,0.6866130801988295,0.0481379221591747,0.6384751580396548,0.4743233699490167,0.7632583299266493,-0.28893495997763263
fisher_kpp,32,0.1,3,baseline,0.8,0.8,0.0,0.0236909808794226,0.0441448915982419,-0.020453910718819298,0.7814858340480286,0.7661771909600243,0.015308643088004281
fisher_kpp,32,0.2,0,baseline,0.6666666666666666,0.8,-0.13333333333333341,0.1417218550814483,0.0453452085942767,0.09637664648717159,0.5839133793397586,0.7652974284693919,-0.18138404912963324
fisher_kpp,32,0.1,4,baseline,0.8,0.8,0.0,0.028336577723158,0.025653654450717,0.0026829232724410006,0.7779554061679703,0.7799903959084857,-0.002034989740515414
fisher_kpp,32,0.2,1,baseline,0.8,0.8,0.0,0.0283264945052548,0.0325318773362245,-0.0042053828309697,0.7779630343813067,0.7747944809838496,0.00316855339745703
fisher_kpp,32,0.2,2,baseline,0.8,0.8,0.0,0.0961151242662882,0.096181930247047,-6.680598075881061e-05,0.7298503435353104,0.7298058633567365,4.4480178573946816e-05
fisher_kpp,32,0.2,3,baseline,0.8,0.8,0.0,0.2119540177438077,0.1424982585569434,0.06945575918686431,0.6600910498974972,0.7002198856832018,-0.040128835785704586
fisher_kpp,32,0.2,4,baseline,0.8,0.8,0.0,0.0445962562285726,0.021349613375377,0.0232466428531956,0.765846129765325,0.7832773318003654,-0.01743120203504045
fisher_kpp,32,0.5,0,baseline,0.6666666666666666,0.8,-0.13333333333333341,1.2668565096280264,0.1063500013051907,1.1605065083228356,0.2940930155195669,0.7230984761207743,-0.42900546060120737
fisher_kpp,32,0.5,1,baseline,0.5,0.8,-0.30000000000000004,1.3069559450875252,0.0680317711125707,1.2389241739749546,0.2167358250012139,0.7490413877544472,-0.5323055627532333
fisher_kpp,32,0.5,2,baseline,0.8,0.8,0.0,0.1534202803189776,0.0950712503641316,0.05834902995484599,0.6935893304899758,0.7305460715309485,-0.036956741040972685
fisher_kpp,32,0.5,3,baseline,0.8,0.8,0.0,0.5853580841714497,0.2444051613319603,0.3409529228394894,0.5046178576230627,0.6428774364321287,-0.13825957880906603
fisher_kpp,32,0.5,4,baseline,0.5,0.8,-0.30000000000000004,1.3571523434414612,0.2020536248688248,1.1550987185726365,0.2121203584448835,0.6655277131145466,-0.4534073546696631
advection_diffusion,4,0.05,0,baseline,0.6666666666666666,0.6666666666666666,0.0,0.0319842199850432,0.2087513180033485,-0.1767670980183053,0.6460047099134216,0.551533352425118,0.0944713574883036
advection_diffusion,4,0.05,2,baseline,0.6666666666666666,0.6666666666666666,0.0,0.043202160155031,0.2228743906024147,-0.1796722304473837,0.6390579814056296,0.5451636503224604,0.09389433108316925
advection_diffusion,4,0.05,1,baseline,0.6666666666666666,0.6666666666666666,0.0,0.039576791496349,0.2257049909564266,-0.1861281994600776,0.6412866005858768,0.5439046684034972,0.09738193218237967
advection_diffusion,4,0.05,3,baseline,0.6666666666666666,0.6666666666666666,0.0,0.0392106183027107,0.2350271375881505,-0.1958165192854398,0.6415125624442705,0.5397992047110649,0.10171335773320556
advection_diffusion,4,0.05,4,baseline,0.6666666666666666,0.6666666666666666,0.0,0.0403324711629917,0.2387183254216362,-0.19838585425864452,0.6408207809964802,0.5381906870875959,0.10263009390888433
advection_diffusion,4,0.1,1,baseline,0.6666666666666666,0.5,0.16666666666666663,0.1062511832360999,0.5048762668683835,-0.3986250836322836,0.6026358902654247,0.3322532297226599,0.27038266054276483
advection_diffusion,4,0.1,0,baseline,0.6666666666666666,0.6666666666666666,0.0,0.0875753971994326,0.555673732664222,-0.46809833546478946,0.6129843212556761,0.4285388720454539,0.18444544921022227
advection_diffusion,4,0.1,2,baseline,0.6666666666666666,0.6666666666666666,0.0,0.1141878581902518,0.5545974008825079,-0.4404095426922561,0.5983431445299692,0.4288355726622313,0.16950757186773785
advection_diffusion,4,0.1,3,baseline,0.6666666666666666,0.5,0.16666666666666663,0.1205139633212026,0.5103742113007155,-0.3898602479795129,0.5949650682537387,0.3310437878632781,0.26392128039046064
advection_diffusion,4,0.1,4,baseline,0.6666666666666666,0.5,0.16666666666666663,0.123810271238793,0.5316420179800541,-0.40783174674126105,0.5932199444411465,0.3264470379700117,0.2667729064711348
advection_diffusion,4,0.2,0,baseline,0.4,0.5,-0.09999999999999998,0.7108937202333542,0.7159007105194891,-0.005006990286134938,0.2337959367490359,0.2913921516173421,-0.05759621486830621
advection_diffusion,4,0.2,1,baseline,0.6666666666666666,0.4,0.2666666666666666,0.3905051875036615,0.7447837181826363,-0.35427853067897486,0.4794420564971183,0.2292547757246607,0.2501872807724576
advection_diffusion,4,0.2,2,baseline,0.6666666666666666,0.5,0.16666666666666663,0.4795808020557829,0.814898870094013,-0.33531806803823005,0.4505780730193146,0.275497444094006,0.17508062892530857
advection_diffusion,4,0.2,3,baseline,0.6666666666666666,0.4444444444444444,0.2222222222222222,0.4737985707362009,0.7098682425981676,-0.2360696718619667,0.4523458496323885,0.259929059661992,0.19241678997039652
advection_diffusion,4,0.5,0,baseline,0.4,0.4,0.0,0.808141574591923,0.997893105479698,-0.18975153088777497,0.2212216153982718,0.2002109116363156,0.021010703761956184
advection_diffusion,4,0.2,4,baseline,0.6666666666666666,0.4,0.2666666666666666,0.3179416778720083,0.7566643762053114,-0.4387226983333031,0.5058392779133356,0.227704281716048,0.2781349961972876
advection_diffusion,4,0.5,2,baseline,0.4,0.4,0.0,0.9100077836199516,0.9701079536965076,-0.06010017007655599,0.2094232303294063,0.2030345592227478,0.0063886711066585
advection_diffusion,4,0.5,1,baseline,0.4444444444444444,0.4,0.0444444444444444,0.9231377166734014,0.999423028373415,-0.07628531170001362,0.2311038053027393,0.2000577138122746,0.031046091490464695
advection_diffusion,4,0.5,3,baseline,0.5,0.4,0.09999999999999998,0.7891721254240811,0.9628602742566548,-0.17368814883257366,0.2794588585944389,0.2037842454942352,0.07567461310020371
advection_diffusion,16,0.05,0,baseline,0.6666666666666666,0.6666666666666666,0.0,0.0883138749357883,0.2323620947488204,-0.14404821981303212,0.6125683794171977,0.5409665466889797,0.07160183272821796
advection_diffusion,16,0.05,1,baseline,0.6666666666666666,0.6666666666666666,0.0,0.0915274336839159,0.2242605103287376,-0.1327330766448217,0.6107649208748331,0.5445464107044127,0.06621851017042046
advection_diffusion,4,0.5,4,baseline,0.6666666666666666,0.4,0.2666666666666666,0.7859880621151616,0.9173590377819542,-0.13137097566679257,0.3732761045878029,0.208620290784312,0.16465581380349092
advection_diffusion,16,0.05,2,baseline,0.6666666666666666,0.6666666666666666,0.0,0.0983353760821582,0.2495804623811606,-0.1512450862990024,0.6069791442434596,0.5335123961495748,0.07346674809388476
advection_diffusion,16,0.05,3,baseline,0.6666666666666666,0.6666666666666666,0.0,0.1199769115326191,0.2472525319317461,-0.127275620399127,0.5952503661476152,0.5345081686337669,0.06074219751384824
advection_diffusion,16,0.05,4,baseline,0.6666666666666666,0.6666666666666666,0.0,0.1248575355077877,0.252258163116135,-0.1274006276083473,0.5926676451215819,0.5323715878263671,0.06029605729521481
advection_diffusion,16,0.1,1,baseline,0.6666666666666666,0.6666666666666666,0.0,0.313250823089962,0.5648039346094912,-0.2515531115195292,0.5076461060942338,0.4260384652170743,0.08160764087715949
advection_diffusion,16,0.1,0,baseline,0.4,0.6666666666666666,-0.2666666666666666,0.6322835028599302,0.5637274588270433,0.06855604403288684,0.2450554694078317,0.4263317516766862,-0.18127628226885448
advection_diffusion,16,0.1,2,baseline,0.4444444444444444,0.6666666666666666,-0.2222222222222222,0.6689501397858234,0.5444093298250772,0.12454080996074623,0.2663018108506704,0.4316644906193195,-0.1653626797686491
advection_diffusion,16,0.1,3,baseline,0.6666666666666666,0.5,0.16666666666666663,0.2751489062447045,0.5422652879557944,-0.2671163817110899,0.5228147578701146,0.324198439726753,0.19861631814336156
advection_diffusion,16,0.1,4,baseline,0.4,0.5,-0.09999999999999998,0.68635708703342,0.5115281266068074,0.17482896042661267,0.2371976867032746,0.3307910658086381,-0.0935933791053635
advection_diffusion,16,0.2,0,baseline,0.4,0.4,0.0,0.6931050728452495,0.8093204114644971,-0.1162153386192476,0.2362523191356359,0.2210774816143441,0.015174837521291812
advection_diffusion,16,0.2,2,baseline,0.6666666666666666,0.4444444444444444,0.2222222222222222,0.6960389555575056,0.7599303816229459,-0.0638914260654403,0.3930727324877549,0.2525352417830263,0.1405374907047286
advection_diffusion,16,0.2,1,baseline,0.6666666666666666,0.5,0.16666666666666663,0.6458378594651828,0.7354690833790155,-0.08963122391383271,0.4050621771960579,0.2881065440972786,0.11695563309877932
advection_diffusion,16,0.2,3,baseline,0.6666666666666666,0.4,0.2666666666666666,0.6830924826371567,0.7625603119167214,-0.07946782927956464,0.3960962772658212,0.2269425887418367,0.1691536885239845
advection_diffusion,16,0.2,4,baseline,0.4,0.4,0.0,0.6590255188839007,0.7813451331376063,-0.12231961425370563,0.2411053931642339,0.2245494107564952,0.0165559824077387
advection_diffusion,16,0.5,2,baseline,0.6666666666666666,0.6666666666666666,0.0,0.8935398348849044,0.9370002182711676,-0.043460383386263235,0.3520742761174543,0.3441748020357412,0.007899474081713098
advection_diffusion,16,0.5,0,baseline,0.4444444444444444,0.6666666666666666,-0.2222222222222222,0.907398053463466,0.9574766761184852,-0.05007862265501917,0.2330108514252802,0.340574513505117,-0.10756366207983684
advection_diffusion,16,0.5,3,baseline,0.4,0.6666666666666666,-0.2666666666666666,0.927908602984092,0.9411484000537956,-0.013239797069703685,0.2074787152154746,0.34343930976539,-0.1359605945499154
advection_diffusion,16,0.5,1,baseline,0.4,0.5,-0.09999999999999998,0.8968621645309791,0.9351857234463494,-0.038323558915370315,0.2108745735349224,0.2583731338765542,-0.0474985603416318
advection_diffusion,16,0.5,4,baseline,0.4444444444444444,0.4,0.0444444444444444,0.9942041311632616,0.9651186715684752,0.029085459594786367,0.2228680792999814,0.2035500480389496,0.019318031261031793
lorenz63,16,0.05,1,tv_diff,0.875,0.7777777777777778,0.09722222222222221,0.0714336878379232,0.875429754039879,-0.8039960662019559,0.8166627668443837,0.4147197601522318,0.4019430066921519
lorenz63,16,0.05,2,tv_diff,0.9333333333333332,0.5384615384615384,0.3948717948717948,0.0363950256133789,0.2849171338847743,-0.2485221082713954,0.9005575193502596,0.4190632409372364,0.4814942784130232
lorenz63,16,0.05,3,tv_diff,0.7777777777777778,0.8235294117647058,-0.04575163398692805,0.0602437693615395,0.9089976192796312,-0.8487538499180917,0.7335839174477224,0.4313936295402339,0.30219028790748853
lorenz63,16,0.05,0,tv_diff,0.8,0.8235294117647058,-0.0235294117647058,0.1297325816497814,0.3729276547661864,-0.24319507311640498,0.7081321836639753,0.5998345279926314,0.10829765567134397
lorenz63,16,0.05,4,tv_diff,0.7058823529411765,0.6666666666666666,0.03921568627450989,1.297372531413086,0.8537424357206534,0.4436300956924325,0.3072563736569954,0.3596328453297213,-0.05237647167272591
lorenz63,16,0.1,0,tv_diff,0.6666666666666666,0.6,0.06666666666666665,0.8966623384719733,0.9380726831941996,-0.04141034472222627,0.3514946509686905,0.3095859124391149,0.041908738529575607
lorenz63,16,0.1,1,tv_diff,0.875,0.5454545454545454,0.3295454545454546,0.3056780715124751,0.8753478904146814,-0.5696698189022062,0.6701498777462158,0.2908551251970285,0.3792947525491873
lorenz63,16,0.1,2,tv_diff,0.7058823529411765,0.8235294117647058,-0.11764705882352933,0.8837610611372851,0.4222226364972598,0.46153842464002537,0.3747196857944464,0.5790439489790054,-0.20432426318455893
lorenz63,16,0.1,3,tv_diff,0.875,0.7777777777777778,0.09722222222222221,0.1441490180369324,0.7724300270879746,-0.6282810090510422,0.7647605217555284,0.4388200187827064,0.32594050297282207
lorenz63,16,0.1,4,tv_diff,0.56,0.631578947368421,-0.07157894736842096,0.5136818586614446,1.3778938706077326,-0.864212011946288,0.3699588502006692,0.2656043464240077,0.1043545037766615
lorenz63,16,0.2,1,tv_diff,0.375,0.631578947368421,-0.256578947368421,0.9004254645567978,0.5994280644058877,0.30099740015091014,0.1973242344905405,0.3948779950932166,-0.19755376060267607
lorenz63,16,0.2,2,tv_diff,0.4375,0.8235294117647058,-0.38602941176470584,0.8214563186346024,0.6087352921030456,0.2127210265315569,0.2401924193976598,0.5119110743745378,-0.27171865497687797
lorenz63,16,0.2,0,tv_diff,0.4666666666666667,0.6666666666666666,-0.19999999999999996,0.8580261768706332,1.249056939988619,-0.3910307631179859,0.2511625898902277,0.2964205373431053,-0.04525794745287759
lorenz63,16,0.2,3,tv_diff,0.7777777777777778,0.5333333333333333,0.24444444444444446,0.3070155631423338,1.2503991837295976,-0.9433836205872638,0.5950792015879599,0.2369949905729335,0.3580842110150264
lorenz63,16,0.5,1,tv_diff,0.6666666666666666,0.6153846153846154,0.05128205128205121,0.9694106190979188,1.1780883257987351,-0.2086777067008163,0.3385107504762165,0.2825342793015271,0.0559764711746894
lorenz63,16,0.2,4,tv_diff,0.875,0.6666666666666666,0.20833333333333337,0.1686532339765755,0.5467603267487787,-0.3781070927722032,0.7487250918928603,0.4310083825772609,0.3177167093155994
lorenz63,16,0.5,2,tv_diff,0.6666666666666666,0.6666666666666666,0.0,1.2050383715779869,0.7590794322185879,0.445958939359399,0.302337898178879,0.3789861074242978,-0.07664820924541876
lorenz63,16,0.5,0,tv_diff,0.6666666666666666,0.5333333333333333,0.1333333333333333,0.8007565259290087,1.114306380107435,-0.3135498541784264,0.3702147719957499,0.2522497866682088,0.11796498532754113
lorenz63,64,0.05,0,tv_diff,0.6666666666666666,0.56,0.10666666666666658,1.062263655347658,1.0008958484849806,0.06136780686267751,0.323269367104411,0.279874637365066,0.043394729739344995
lorenz63,64,0.05,1,tv_diff,0.4,0.56,-0.16000000000000003,1.2641272926049767,1.0008703041346811,0.26325698847029555,0.1766685121046275,0.279878210418133,-0.10320969831350549
lorenz63,64,0.05,2,tv_diff,0.375,0.5263157894736842,-0.15131578947368418,0.9883664790733688,1.0011243744092284,-0.012757895335859581,0.1885970237110212,0.2630100338611202,-0.07441301015009902
lorenz63,16,0.5,4,tv_diff,0.7,0.6,0.09999999999999998,0.9794124158247424,0.8244397583343128,0.15497265749042954,0.3536402997191153,0.3288680797812646,0.024772219937850726
lorenz63,64,0.05,3,tv_diff,0.5714285714285714,0.56,0.011428571428571344,1.0503461600053583,1.000910070379629,0.04943608962572932,0.2786985839635381,0.2798726480964495,-0.0011740641329114343
lorenz63,16,0.5,3,tv_diff,0.5714285714285714,0.6666666666666666,-0.09523809523809523,1.506575136371324,0.8259937636373724,0.6805813727339516,0.2279718501699524,0.3650979975630745,-0.1371261473931221
lorenz63,64,0.05,4,tv_diff,0.6666666666666666,0.56,0.10666666666666658,1.0281988804180944,1.000818421797812,0.027380458620282377,0.3286988633625709,0.2798854678161243,0.04881339554644665
lorenz63,64,0.1,0,tv_diff,0.5714285714285714,0.5,0.0714285714285714,1.0084631884229325,1.000941684793218,0.007521503629714488,0.2845103533499479,0.2498823447979051,0.03462800855204279
lorenz63,64,0.1,1,tv_diff,0.5333333333333333,0.5,0.033333333333333326,1.079911186494027,1.0007904708482325,0.07912071564579448,0.25642120528826,0.2499012301813021,0.006519975106957926
lorenz63,64,0.1,2,tv_diff,0.6153846153846154,0.5,0.11538461538461542,1.061474295268624,1.0009587494813426,0.060515545787281466,0.2985167541487227,0.2498802137373408,0.04863654041138191
lorenz63,64,0.1,3,tv_diff,0.375,0.5185185185185185,-0.1435185185185185,1.1821391785065791,1.0009443021825195,0.18119487632405962,0.1718497168712419,0.2591369074856042,-0.0872871906143623
lorenz63,64,0.1,4,tv_diff,0.5,0.56,-0.06000000000000005,1.326998137810501,1.0008012735516252,0.32619686425887573,0.2148691019024432,0.2798878666275253,-0.06501876472508208
lorenz63,64,0.2,0,tv_diff,0.4,0.4242424242424242,-0.024242424242424176,1.1991834578744072,1.000752803387798,0.19843065448660924,0.181885689694399,0.212041399379309,-0.030155709684909993
lorenz63,64,0.2,1,tv_diff,0.6666666666666666,0.4,0.2666666666666666,0.8790367863682423,1.000875706631102,-0.1218389202628597,0.3547917057841023,0.1999124676632137,0.1548792381208886
lorenz63,64,0.2,3,tv_diff,0.4615384615384615,0.56,-0.09846153846153854,1.0632347317974182,1.0008667200509846,0.06236801174643358,0.2236965355543357,0.2798787117543394,-0.056182176200003736
lorenz63,64,0.2,2,tv_diff,0.4761904761904761,0.5,-0.02380952380952389,1.5994317285629085,1.0004591371720373,0.5989725913908712,0.1831902222928306,0.2499426210259052,-0.06675239873307459
lorenz63,64,0.2,4,tv_diff,0.6666666666666666,0.2857142857142857,0.38095238095238093,1.0174969041599526,29.802333695017968,-28.784836790858016,0.3304424731914292,0.009275735031742,0.3211667381596872
lorenz63,64,0.5,0,tv_diff,0.4137931034482758,0.4347826086956521,-0.020989505247376306,1.4347445644290318,1.0003891674678016,0.43435539696123016,0.1699533944930744,0.2173490117655571,-0.047395617272482704
lorenz63,64,0.5,1,tv_diff,0.3846153846153846,0.5263157894736842,-0.1417004048582996,1.7987661794041925,1.0000758596338517,0.7986903197703408,0.1374231929218404,0.2631479135846554,-0.12572472066281498
lorenz63,64,0.5,2,tv_diff,0.48,0.5454545454545454,-0.06545454545454543,1.5295091596047126,1.0017952681961264,0.5277138914085862,0.1897601351540509,0.2724826829798982,-0.08272254782584729
lorenz63,64,0.5,3,tv_diff,0.5263157894736842,0.2666666666666666,0.2596491228070176,1.1917502195274126,95.59008542625038,-94.39833520672298,0.2401349317930803,0.0027608078561052,0.2373741239369751
lorenz63,64,0.5,4,tv_diff,0.5454545454545454,0.4761904761904761,0.0692640692640693,1.0169764471625942,45.60696497487307,-44.58998852771048,0.2704317872535746,0.0102171526604918,0.2602146345930828
vanderpol_mu2,16,0.05,0,tv_diff,1.0,1.0,0.0,0.0285730051432354,0.0273563055972146,0.0012166995460207997,0.9722207320235317,0.9733721344307008,-0.0011514024071691553
vanderpol_mu2,16,0.05,1,tv_diff,1.0,1.0,0.0,0.0097159614774087,0.0458809662156169,-0.036165004738208203,0.9903775300697512,0.9561317514156212,0.03424577865412992
vanderpol_mu2,16,0.05,2,tv_diff,1.0,1.0,0.0,0.0258227810690487,0.0317477277399884,-0.0059249466709397,0.9748272493596428,0.9692291760026156,0.005598073357027222
vanderpol_mu2,16,0.05,3,tv_diff,1.0,1.0,0.0,0.0090730960705286,0.053472477282595,-0.0443993812120664,0.9910084848106042,0.949241695026978,0.041766789783626246
vanderpol_mu2,16,0.1,0,tv_diff,1.0,1.0,0.0,0.0410971101383308,0.0884411408583425,-0.0473440307200117,0.9605251904571416,0.9187451323379802,0.04178005811916141
vanderpol_mu2,16,0.05,4,tv_diff,1.0,1.0,0.0,0.0165367004892659,0.0563902439314959,-0.03985354344223,0.983732313372152,0.9466198743736668,0.03711243899848515
vanderpol_mu2,16,0.1,1,tv_diff,1.0,1.0,0.0,0.0428890787437891,0.0565876745005487,-0.0136985957567596,0.9588747455333876,0.9464429920334838,0.012431753499903775
vanderpol_mu2,16,0.1,2,tv_diff,1.0,1.0,0.0,0.0509755407600339,0.0550014823120635,-0.004025941552029601,0.9514969294878453,0.947865966793216,0.0036309626946292584
vanderpol_mu2,16,0.2,0,tv_diff,1.0,1.0,0.0,0.1207441369251569,0.2178539903388653,-0.0971098534137084,0.8922643153356775,0.8211164950256081,0.07114782031006939
vanderpol_mu2,16,0.1,3,tv_diff,1.0,1.0,0.0,0.0278047874692188,0.0415308806264618,-0.013726093157242998,0.9729474042072882,0.960125156729408,0.012822247477880189
vanderpol_mu2,16,0.1,4,tv_diff,1.0,1.0,0.0,0.0325969395159921,0.0757940871293192,-0.0431971476133271,0.968432078124044,0.9295459158624207,0.038886162261623225
vanderpol_mu2,16,0.2,1,tv_diff,1.0,1.0,0.0,0.0605292174860981,0.1673220556674884,-0.10679283818139029,0.9429254597722656,0.8566616171988529,0.08626384257341269
vanderpol_mu2,16,0.2,3,tv_diff,1.0,1.0,0.0,0.1124245854932805,0.125537464154519,-0.013112878661238503,0.8989373419471591,0.8884644286373709,0.010472913309788279
vanderpol_mu2,16,0.2,2,tv_diff,1.0,1.0,0.0,0.0365815496759602,0.1545204957100176,-0.11793894603405741,0.9647094339201814,0.8661604568440431,0.0985489770761383
vanderpol_mu2,16,0.2,4,tv_diff,0.8571428571428571,0.75,0.1071428571428571,0.3275798127336947,0.4344392484745126,-0.10685943574081791,0.6456431838759779,0.5228523974072827,0.12279078646869512
vanderpol_mu2,16,0.5,0,tv_diff,0.4210526315789473,0.75,-0.3289473684210527,2.851061565976486,0.5159496688696451,2.335111897106841,0.1093341730235839,0.494739380469822,-0.38540520744623813
vanderpol_mu2,16,0.5,1,tv_diff,0.5,1.0,-0.5,1.0757996046315546,0.354097802750103,0.7217018018814516,0.2408710353756656,0.7384990936172051,-0.49762805824153955
vanderpol_mu2,16,0.5,3,tv_diff,0.3636363636363636,1.0,-0.6363636363636365,1.7460872759370345,0.3341554041911621,1.4119318717458724,0.1324198130273488,0.7495378700701323,-0.6171180570427834
vanderpol_mu2,16,0.5,2,tv_diff,0.4444444444444444,1.0,-0.5555555555555556,1.5991641667162706,0.2574148385342594,1.3417493281820112,0.1709951414904069,0.7952824870157233,-0.6242873455253164
vanderpol_mu2,64,0.05,0,tv_diff,1.0,0.8571428571428571,0.1428571428571429,0.0220439629495215,0.4700179399349203,-0.4479739769853988,0.97843149243218,0.5830832630388197,0.39534822939336023
vanderpol_mu2,64,0.05,1,tv_diff,1.0,1.0,0.0,0.0197448028249711,0.3090083918040013,-0.2892635889790302,0.9806375058051068,0.7639370429259484,0.21670046287915834
vanderpol_mu2,64,0.05,2,tv_diff,1.0,1.0,0.0,0.0600784939112562,0.2882369828021219,-0.2281584888908657,0.9433263722862718,0.7762546902083496,0.16707168207792222
vanderpol_mu2,16,0.5,4,tv_diff,0.6666666666666666,0.8,-0.13333333333333341,0.9080461466945186,0.3834013882523447,0.5246447584421738,0.3493975592894301,0.5782848035237571,-0.228887244234327
vanderpol_mu2,64,0.05,3,tv_diff,1.0,1.0,0.0,0.0298711890667042,0.3146326482328853,-0.28476145916618106,0.9709952182527076,0.7606687703551172,0.21032644789759047
vanderpol_mu2,64,0.05,4,tv_diff,1.0,1.0,0.0,0.0411745841196345,0.3056699972642151,-0.26449541314458064,0.960453717611202,0.7658903107946963,0.19456340681650575
vanderpol_mu2,64,0.1,0,tv_diff,1.0,1.0,0.0,0.1476604628962254,0.4231250390607898,-0.27546457616456443,0.8713378497647372,0.7026789442619625,0.16865890550277463
vanderpol_mu2,64,0.1,1,tv_diff,1.0,1.0,0.0,0.0346103264075028,0.3378910197428654,-0.3032806933353626,0.9665474763550052,0.7474450349417802,0.219102441413225
vanderpol_mu2,64,0.1,2,tv_diff,1.0,0.8571428571428571,0.1428571428571429,0.084492068387962,0.4855575954105175,-0.4010655270225555,0.9220906534488954,0.5769839283181714,0.34510672513072405
vanderpol_mu2,64,0.1,3,tv_diff,1.0,1.0,0.0,0.0796847194835601,0.3815222716907459,-0.3018375522071858,0.9261963070833537,0.7238392174280128,0.20235708965534083
vanderpol_mu2,64,0.1,4,tv_diff,1.0,1.0,0.0,0.1019252430487044,0.330506872895706,-0.22858162984700162,0.9075025790618,0.7515932614640365,0.1559093175977635
vanderpol_mu2,64,0.2,0,tv_diff,0.5,1.0,-0.5,0.7608165720890046,0.4286801507049775,0.33213642138402705,0.2839591629960684,0.6999467302086847,-0.4159875672126163
vanderpol_mu2,64,0.2,1,tv_diff,0.6666666666666666,1.0,-0.33333333333333337,0.4914401638962984,0.5558036567015593,-0.06436349280526088,0.4469952484885748,0.6427546276116152,-0.19575937912304037
vanderpol_mu2,64,0.2,2,tv_diff,0.8571428571428571,0.8888888888888888,-0.031746031746031744,0.7480080165706325,0.4742117773436437,0.2737962392269888,0.4903540767647402,0.6029587489055082,-0.11260467214076797
vanderpol_mu2,64,0.2,4,tv_diff,0.8888888888888888,1.0,-0.11111111111111116,0.1404324901276867,0.3897170058886904,-0.24928451576100372,0.779431396933777,0.7195709599599553,0.05986043697382171
vanderpol_mu2,64,0.2,3,tv_diff,1.0,1.0,0.0,0.2011588024509994,0.474446848180985,-0.27328804572998555,0.8325293857560474,0.6782204466940895,0.15430893906195786
vanderpol_mu2,64,0.5,1,tv_diff,0.4,0.8,-0.4,0.9489912786032464,0.7651545876164878,0.1838366909867586,0.2052343714368295,0.4532180952379082,-0.2479837238010787
vanderpol_mu2,64,0.5,0,tv_diff,0.4,0.6666666666666666,-0.2666666666666666,0.8889658052429059,0.9002791177123285,-0.011313312469422576,0.2117560830851372,0.3508256552696535,-0.1390695721845163
vanderpol_mu2,64,0.5,2,tv_diff,0.3478260869565217,0.8,-0.45217391304347837,0.9628749175678406,0.7941858200005698,0.1686890975672708,0.1772023697707168,0.4458846966028,-0.2686823268320832
vanderpol_mu2,64,0.5,3,tv_diff,0.3809523809523809,0.5714285714285714,-0.19047619047619052,1.291031066703995,0.8952869754580907,0.3957440912459044,0.1662798844104895,0.3014997616867267,-0.13521987727623722
vanderpol_mu2,64,0.5,4,tv_diff,0.6666666666666666,1.0,-0.33333333333333337,0.898563484678219,0.7891200125407032,0.10944347213751582,0.3511426781599866,0.5589339971553471,-0.20779131899536046
burgers,8,0.05,0,tv_diff,0.6666666666666666,0.6666666666666666,0.0,0.2666425867276,0.2182918141857015,0.048350772541898485,0.526325795178745,0.5472142707552069,-0.020888475576461896
burgers,8,0.05,2,tv_diff,0.6666666666666666,0.6666666666666666,0.0,0.2706115120118508,0.2225841904998464,0.048027321512004395,0.5246817460445367,0.5452930537193548,-0.020611307674818113
burgers,8,0.05,1,tv_diff,0.6666666666666666,0.6666666666666666,0.0,0.2606855318459842,0.2242073071650455,0.0364782246809387,0.5288128163813275,0.54457007629737,-0.015757259916042488
burgers,8,0.05,3,tv_diff,0.6666666666666666,0.6666666666666666,0.0,0.3071767843864741,0.2209532123811575,0.0862235720053166,0.5100049776201984,0.5460214690508112,-0.03601649143061281
burgers,8,0.05,4,tv_diff,0.6666666666666666,0.6666666666666666,0.0,0.2599770473416677,0.2216354053923712,0.03834164194929651,0.5291101675806057,0.5457165564488066,-0.016606388868200872
burgers,8,0.1,0,tv_diff,0.6666666666666666,0.6666666666666666,0.0,0.7149838813176542,0.3408174652164065,0.37416641610124773,0.3887305728812181,0.4972091160515031,-0.10847854317028499
burgers,8,0.1,1,tv_diff,0.6666666666666666,0.6666666666666666,0.0,0.5795599586576884,0.3296140997805442,0.2499458588771442,0.422058474585036,0.5013986139111352,-0.07934013932609918
burgers,8,0.1,2,tv_diff,0.6666666666666666,0.6666666666666666,0.0,0.5639191583408755,0.3314845016362991,0.23243465670457636,0.4262794934834851,0.5006942745840309,-0.07441478110054583
burgers,8,0.2,0,tv_diff,0.6666666666666666,0.6666666666666666,0.0,0.8241134502519766,0.6028294139780235,0.2212840362739531,0.3654743440297398,0.4159311408018666,-0.05045679677212683
burgers,8,0.1,3,tv_diff,0.6666666666666666,0.6666666666666666,0.0,0.5755185130099744,0.3103719434814157,0.26514656952855864,0.4231411190421512,0.5087614016639098,-0.08562028262175864
burgers,8,0.2,1,tv_diff,0.5,0.6666666666666666,-0.16666666666666663,0.8178463382782452,0.59154052825735,0.22630581002089512,0.2750507506996273,0.4188813635783628,-0.1438306128787355
burgers,8,0.1,4,tv_diff,0.6666666666666666,0.6666666666666666,0.0,0.6559864310452584,0.3258371652192838,0.33014926582597465,0.4025797881966138,0.502826956548925,-0.10024716835231118
burgers,8,0.5,0,tv_diff,0.6666666666666666,0.6666666666666666,0.0,0.8601379518145706,0.8490523638957622,0.011085587918808426,0.3583963576552648,0.3605450444151126,-0.0021486867598478065
burgers,8,0.2,3,tv_diff,0.6666666666666666,0.6666666666666666,0.0,0.7921948609549534,0.6133153053738816,0.17887955558107183,0.3719833602867491,0.4132277580495453,-0.0412443977627962
burgers,8,0.2,4,tv_diff,0.6666666666666666,0.6666666666666666,0.0,0.7515779680555014,0.5783199583022092,0.1732580097532922,0.3806091871586857,0.4223900630286628,-0.041780875869977085
burgers,8,0.2,2,tv_diff,0.5,0.6666666666666666,-0.16666666666666663,0.7397576064576584,0.5609452074943522,0.17881239896330625,0.2873963580582102,0.4270916515620737,-0.1396952935038635
burgers,8,0.5,2,tv_diff,0.4,0.6666666666666666,-0.2666666666666666,1.0025575286217383,0.8408606762313598,0.16169685239037845,0.1997445737677759,0.3621494419835603,-0.1624048682157844
burgers,8,0.5,1,tv_diff,0.4444444444444444,0.6666666666666666,-0.2222222222222222,1.0416770352678515,0.8641099845432962,0.17756705072455525,0.2176859693120547,0.3576326891623826,-0.13994671985032792
burgers,8,0.5,3,tv_diff,0.4444444444444444,0.6666666666666666,-0.2222222222222222,0.9363104068833834,0.8609689368064325,0.07534147007695091,0.2295316096347416,0.3582363216716118,-0.1287047120368702
burgers,32,0.05,0,tv_diff,0.6666666666666666,0.6666666666666666,0.0,0.3692679992664052,0.4125827960830888,-0.0433147968166836,0.4868781473194714,0.4719487371042943,0.014929410215177075
burgers,8,0.5,4,tv_diff,0.4444444444444444,0.5,-0.05555555555555558,1.0104853326656007,0.8701378620432947,0.14034747062230601,0.2210632613047606,0.2673599685606626,-0.04629670725590199
burgers,32,0.05,1,tv_diff,0.6666666666666666,0.6666666666666666,0.0,0.3853679645719829,0.3685711675038624,0.01679679706812054,0.4812199240312569,0.4871260497783248,-0.005906125747067892
burgers,32,0.05,2,tv_diff,0.6666666666666666,0.6666666666666666,0.0,0.4643523382328587,0.3702617473559595,0.0940905908768992,0.4552638386682143,0.4865250511101682,-0.0312612124419539
burgers,32,0.05,3,tv_diff,0.6666666666666666,0.6666666666666666,0.0,0.3755593633842509,0.4290521860236241,-0.053492822639373216,0.4846513239722966,0.4665096720657098,0.018141651906586787
burgers,32,0.05,4,tv_diff,0.6666666666666666,0.6666666666666666,0.0,0.4273200668589886,0.401730895757486,0.025589171101502606,0.467075803210528,0.4756024631292759,-0.008526659918747903
burgers,32,0.1,0,tv_diff,0.6666666666666666,0.6666666666666666,0.0,0.6966949999699988,0.7210062831012586,-0.024311283131259742,0.3929207469099954,0.387370268901826,0.005550478008169379
burgers,32,0.1,2,tv_diff,0.6666666666666666,0.6666666666666666,0.0,0.7657695409479004,0.5353931661217141,0.23037637482618634,0.3775502132111683,0.4341993186999885,-0.05664910548882024
burgers,32,0.1,1,tv_diff,0.6666666666666666,0.6666666666666666,0.0,0.7201890280520127,0.7428923472412688,-0.022703319189256166,0.3875543069947478,0.3825059348742323,0.00504837212051551
burgers,32,0.1,3,tv_diff,0.6666666666666666,0.6666666666666666,0.0,0.8257237852408883,0.5395094357494022,0.28621434949148605,0.3651519863278255,0.4330383765021529,-0.0678863901743274
burgers,32,0.1,4,tv_diff,0.4,0.6666666666666666,-0.2666666666666666,1.0666251701115428,0.548904397857268,0.5177207722542748,0.1935522734286695,0.4304117591692061,-0.23685948574053658
burgers,32,0.2,0,tv_diff,0.6666666666666666,0.6666666666666666,0.0,0.8898204963759662,0.8190703446797144,0.07075015169625176,0.3527671902940553,0.3664875680132355,-0.013720377719180221
burgers,32,0.2,1,tv_diff,0.4444444444444444,0.5,-0.05555555555555558,0.9626978448123412,0.9334981219489634,0.029199722863377797,0.2264456781359226,0.2585986478724896,-0.032152969736567005
burgers,32,0.2,2,tv_diff,0.5,0.6666666666666666,-0.16666666666666663,0.9183599681360356,0.7493202280196063,0.1690397401164293,0.2606393003946086,0.381100416029257,-0.1204611156346484
burgers,32,0.2,3,tv_diff,0.5,0.6666666666666666,-0.16666666666666663,0.9454670517005704,0.8014516677321445,0.14401538396842595,0.2570076936347703,0.3700719140058507,-0.11306422037108044
burgers,32,0.2,4,tv_diff,0.4,0.6666666666666666,-0.2666666666666666,0.9321562281251544,0.8493868112811883,0.0827694168439661,0.2070225969191608,0.3604798426159555,-0.1534572456967947
burgers,32,0.5,0,tv_diff,0.4,0.4,0.0,1.0090751952630954,0.983392538491102,0.02568265677199344,0.19909657983091,0.2016746520102906,-0.0025780721793806083
burgers,32,0.5,1,tv_diff,0.4,0.4,0.0,1.014584614045943,0.930908388370069,0.08367622567587396,0.1985520971475452,0.2071563842226873,-0.008604287075142103
burgers,32,0.5,3,tv_diff,0.4,0.4,0.0,1.028457831552131,0.9685341168965615,0.05992371465556956,0.1971941411737057,0.2031968847106439,-0.006002743536938193
burgers,32,0.5,2,tv_diff,0.4,0.5,-0.09999999999999998,0.9986377068401986,0.9550951991783452,0.043542507661853413,0.2001363221713609,0.2557420222862455,-0.05560570011488458
burgers,32,0.5,4,tv_diff,0.4444444444444444,0.4444444444444444,0.0,1.0339841384578532,0.990449177115127,0.043534961342726164,0.2185092971184218,0.2232885167601231,-0.004779219641701304
fisher_kpp,8,0.05,0,tv_diff,0.8,0.8,0.0,0.0305086936614158,0.0215531084029758,0.00895558525844,0.7763156244297035,0.7831213016919538,-0.0068056772622503425
fisher_kpp,8,0.05,3,tv_diff,0.8,0.8,0.0,0.0270138781584578,0.0222153451931043,0.0047985329653535,0.7789573412917095,0.7826139607098872,-0.0036566194181777423
fisher_kpp,8,0.05,1,tv_diff,0.8,0.8,0.0,0.0412601375801396,0.022592369587138,0.0186677679930016,0.7682998427839353,0.7823254150849889,-0.014025572301053613
fisher_kpp,8,0.05,2,tv_diff,0.8,0.8,0.0,0.0421984383081373,0.0222677292411362,0.019930709067001097,0.7676081354513327,0.7825738572358799,-0.014965721784547248
fisher_kpp,8,0.1,0,tv_diff,0.5714285714285714,0.8,-0.22857142857142865,0.8513231747433201,0.0336832734886888,0.8176399012546313,0.3086595464391559,0.7739314551351827,-0.4652719086960268
fisher_kpp,8,0.1,1,tv_diff,0.8,0.8,0.0,0.0326007262760119,0.0256277047099909,0.006973021566020997,0.7747428213469625,0.7800101306996285,-0.005267309352666061
fisher_kpp,8,0.05,4,tv_diff,0.8,0.8,0.0,0.0363250333815421,0.023003673333067,0.013321360048475103,0.771958578853962,0.7820108772371319,-0.0100522983831699
fisher_kpp,8,0.1,2,tv_diff,0.8,0.8,0.0,0.0254271146333872,0.0231112957873111,0.0023158188460761023,0.7801627132573119,0.7819286164604202,-0.001765903203108321
fisher_kpp,8,0.1,3,tv_diff,0.5714285714285714,0.8,-0.22857142857142865,0.5000711006402374,0.0260279070947617,0.4740431935454757,0.3809343245028072,0.7797058875964021,-0.39877156309359496
fisher_kpp,8,0.2,0,tv_diff,0.8,0.8,0.0,0.0948744104797303,0.0603470675941582,0.034527342885572104,0.7306774113475462,0.7544699508766836,-0.023792539529137402
fisher_kpp,8,0.2,1,tv_diff,0.8,0.8,0.0,0.1053814217057284,0.0705856352565661,0.0347957864491623,0.7237320840488793,0.7472545620400369,-0.023522477991157587
fisher_kpp,8,0.1,4,tv_diff,0.8,0.8,0.0,0.0530936260218168,0.0349003353247959,0.0181932906970209,0.7596665483790769,0.773021297503905,-0.013354749124828147
fisher_kpp,8,0.2,2,tv_diff,0.8,0.6666666666666666,0.13333333333333341,0.0219590349943389,0.7114043472804908,-0.6894453122861519,0.7828102424912086,0.3895436328218016,0.39326660966940696
fisher_kpp,8,0.2,3,tv_diff,0.8,0.8,0.0,0.0661028441940214,0.0700943139721767,-0.003991469778155302,0.7503966473373436,0.7475976552294816,0.0027989921078619417
fisher_kpp,8,0.2,4,tv_diff,0.8,0.6666666666666666,0.13333333333333341,0.0480130896960943,0.7279196272875781,-0.6799065375914838,0.7633492442656286,0.385820414409653,0.3775288298559756
fisher_kpp,8,0.5,0,tv_diff,0.8,0.8,0.0,0.059665410699677,0.0564690635595624,0.0031963471401145957,0.7549552829810451,0.7572394001813543,-0.002284117200309188
fisher_kpp,8,0.5,1,tv_diff,0.8,0.5454545454545454,0.25454545454545463,0.0292601875735041,0.8900360978187459,-0.8607759102452418,0.7772573054496664,0.2885947766204275,0.48866252882923894
fisher_kpp,32,0.05,0,tv_diff,0.8,0.8,0.0,0.0557365207991575,0.0388217800474237,0.016914740751733805,0.7577648250667947,0.7701032220979029,-0.012338397031108284
fisher_kpp,8,0.5,3,tv_diff,0.6666666666666666,0.6666666666666666,0.0,0.6648421071616337,0.9183078068280812,-0.2534656996664475,0.4004383741850795,0.3475285166925316,0.052909857492547896
fisher_kpp,32,0.05,1,tv_diff,0.8,0.8,0.0,0.0591148586532526,0.0243334708859732,0.0347813877672794,0.7553477259466104,0.780995664730216,-0.025647938783605606
fisher_kpp,8,0.5,2,tv_diff,0.8,0.8,0.0,0.0748660867338184,0.0269924906569231,0.04787359607689529,0.7442787616743493,0.7789735633687781,-0.034694801694428845
fisher_kpp,32,0.05,2,tv_diff,0.8,0.8,0.0,0.0497625759158294,0.0315568438680726,0.0182057320477568,0.7620770813839189,0.7755268211882594,-0.0134497398043405
fisher_kpp,8,0.5,4,tv_diff,0.8,0.6666666666666666,0.13333333333333341,0.1402974196262371,0.879426459421338,-0.7391290397951009,0.701571349922217,0.3547181446364911,0.34685320528572594
fisher_kpp,32,0.05,3,tv_diff,0.8,0.8,0.0,0.0456297879309877,0.0542354317324728,-0.008605643801485097,0.7650891445843169,0.7588437799755259,0.006245364608790993
fisher_kpp,32,0.05,4,tv_diff,0.8,0.8,0.0,0.0298885419395108,0.0212787603439695,0.0086097815955413,0.7767830861516536,0.7833316730591341,-0.0065485869074805025
fisher_kpp,32,0.1,0,tv_diff,0.8,0.8,0.0,0.0522257871823086,0.0293436054998717,0.0228821816824369,0.7602930946429961,0.7771943165776044,-0.0169012219346083
fisher_kpp,32,0.1,2,tv_diff,0.8,0.6666666666666666,0.13333333333333341,0.1685145122695321,0.7949434126389817,-0.6264289003694496,0.6846299225212106,0.3714137515268587,0.3132161709943519
fisher_kpp,32,0.1,1,tv_diff,0.8,0.8,0.0,0.6866130801988295,0.0481379221591781,0.6384751580396514,0.4743233699490167,0.7632583299266468,-0.2889349599776301
fisher_kpp,32,0.1,3,tv_diff,0.8,0.8,0.0,0.0236909808794226,0.0272268972057079,-0.0035359163262852975,0.7814858340480286,0.7787958066286844,0.0026900274193442097
fisher_kpp,32,0.2,0,tv_diff,0.6666666666666666,0.6666666666666666,0.0,0.1417218550814483,0.8340331390874531,-0.6923112840060048,0.5839133793397586,0.3634976121524038,0.22041576718735484
fisher_kpp,32,0.1,4,tv_diff,0.8,0.8,0.0,0.028336577723158,0.0295343161293719,-0.0011977384062138996,0.7779554061679703,0.7770503493343213,0.0009050568336490539
fisher_kpp,32,0.2,1,tv_diff,0.8,0.6666666666666666,0.13333333333333341,0.0283264945052548,0.7889992325026373,-0.7606727379973824,0.7779630343813067,0.372647821505247,0.40531521287605965
fisher_kpp,32,0.2,2,tv_diff,0.8,0.6666666666666666,0.13333333333333341,0.0961151242662882,0.8128648794599117,-0.7167497551936235,0.7298503435353104,0.3677420607680809,0.3621082827672295
fisher_kpp,32,0.2,3,tv_diff,0.8,0.8,0.0,0.2119540177438077,0.0241469743898464,0.1878070433539613,0.6600910498974972,0.7811378835314279,-0.12104683363393065
fisher_kpp,32,0.2,4,tv_diff,0.8,0.8,0.0,0.0445962562285726,0.0446354706545027,-3.921442593009944e-05,0.765846129765325,0.7658173807737646,2.8748991560356707e-05
fisher_kpp,32,0.5,0,tv_diff,0.6666666666666666,0.5454545454545454,0.12121212121212122,1.2668565096280264,0.9767828435500407,0.2900736660779857,0.2940930155195669,0.275930432740392,0.01816258277917493
fisher_kpp,32,0.5,1,tv_diff,0.5,0.8,-0.30000000000000004,1.3069559450875252,0.0755152333859357,1.2314407117015895,0.2167358250012139,0.7438295387796983,-0.5270937137784844
fisher_kpp,32,0.5,2,tv_diff,0.8,0.6666666666666666,0.13333333333333341,0.1534202803189776,0.902760276814536,-0.7493399964955584,0.6935893304899758,0.3503681860453551,0.34322114444462076
fisher_kpp,32,0.5,3,tv_diff,0.8,0.6666666666666666,0.13333333333333341,0.5853580841714497,0.8984722758009352,-0.3131141916294855,0.5046178576230627,0.3511595482137923,0.15345830940927035
fisher_kpp,32,0.5,4,tv_diff,0.5,0.5454545454545454,-0.045454545454545414,1.3571523434414612,0.8425088325737632,0.514643510867698,0.2121203584448835,0.2960390397112024,-0.08391868126631888
advection_diffusion,4,0.05,0,tv_diff,0.6666666666666666,0.6666666666666666,0.0,0.0319842199850432,0.0509698152546292,-0.018985595269586,0.6460047099134216,0.6343347420545532,0.011669967858868424
advection_diffusion,4,0.05,2,tv_diff,0.6666666666666666,0.6666666666666666,0.0,0.043202160155031,0.0549987916693003,-0.011796631514269303,0.6390579814056296,0.6319122561380522,0.007145725267577396
advection_diffusion,4,0.05,1,tv_diff,0.6666666666666666,0.6666666666666666,0.0,0.039576791496349,0.0549400871897086,-0.015363295693359605,0.6412866005858768,0.6319474202962777,0.009339180289599125
advection_diffusion,4,0.05,3,tv_diff,0.6666666666666666,0.6666666666666666,0.0,0.0392106183027107,0.0561822640766479,-0.0169716457739372,0.6415125624442705,0.6312041863811171,0.01030837606315338
advection_diffusion,4,0.05,4,tv_diff,0.6666666666666666,0.6666666666666666,0.0,0.0403324711629917,0.0575874413730429,-0.0172549702100512,0.6408207809964802,0.6303655287369407,0.010455252259539471
advection_diffusion,4,0.1,1,tv_diff,0.6666666666666666,0.6666666666666666,0.0,0.1062511832360999,0.1156818760140527,-0.009430692777952804,0.6026358902654247,0.5975418988147743,0.005093991450650481
advection_diffusion,4,0.1,0,tv_diff,0.6666666666666666,0.6666666666666666,0.0,0.0875753971994326,0.1074241807527481,-0.0198487835533155,0.6129843212556761,0.6019975708075239,0.010986750448152227
advection_diffusion,4,0.1,2,tv_diff,0.6666666666666666,0.6666666666666666,0.0,0.1141878581902518,0.1320617647552386,-0.01787390656498679,0.5983431445299692,0.5888960191238378,0.009447125406131351
advection_diffusion,4,0.1,3,tv_diff,0.6666666666666666,0.6666666666666666,0.0,0.1205139633212026,0.127744354955002,-0.0072303916337994045,0.5949650682537387,0.5911505242633355,0.003814543990403263
advection_diffusion,4,0.1,4,tv_diff,0.6666666666666666,0.6666666666666666,0.0,0.123810271238793,0.1256241687868804,-0.0018138975480874037,0.5932199444411465,0.5922639946378849,0.0009559498032615243
advection_diffusion,4,0.2,0,tv_diff,0.4,0.4,0.0,0.7108937202333542,0.6724741049194091,0.03841961531394511,0.2337959367490359,0.239166632728986,-0.005370695979950102
advection_diffusion,4,0.2,1,tv_diff,0.6666666666666666,0.6666666666666666,0.0,0.3905051875036615,0.3363496378046318,0.05415554969902969,0.4794420564971183,0.4988714388862132,-0.019429382389094918
advection_diffusion,4,0.2,2,tv_diff,0.6666666666666666,0.5,0.16666666666666663,0.4795808020557829,0.3763711682791684,0.10320963377661452,0.4505780730193146,0.3632741018726318,0.08730397114668276
advection_diffusion,4,0.2,3,tv_diff,0.6666666666666666,0.6666666666666666,0.0,0.4737985707362009,0.3423936943132715,0.13140487642292942,0.4523458496323885,0.4966252966553999,-0.0442794470230114
advection_diffusion,4,0.5,0,tv_diff,0.4,0.4,0.0,0.808141574591923,0.7009526773621606,0.10718889722976244,0.2212216153982718,0.2351623330405173,-0.013940717642245526
advection_diffusion,4,0.2,4,tv_diff,0.6666666666666666,0.5,0.16666666666666663,0.3179416778720083,0.3479362638718655,-0.029994585999857215,0.5058392779133356,0.3709374199665644,0.13490185794677123
advection_diffusion,4,0.5,2,tv_diff,0.4,0.4444444444444444,-0.0444444444444444,0.9100077836199516,0.674308273791208,0.23569950982874366,0.2094232303294063,0.2654495897807814,-0.05602635945137513
advection_diffusion,4,0.5,1,tv_diff,0.4444444444444444,0.4,0.0444444444444444,0.9231377166734014,0.7247956324223941,0.1983420842510073,0.2311038053027393,0.2319115334482955,-0.0008077281455561858
advection_diffusion,4,0.5,3,tv_diff,0.5,0.4444444444444444,0.05555555555555558,0.7891721254240811,0.68741970210793,0.10175242331615109,0.2794588585944389,0.2633870185877544,0.016071840006684546
advection_diffusion,16,0.05,0,tv_diff,0.6666666666666666,0.6666666666666666,0.0,0.0883138749357883,0.1551370087897228,-0.06682313385393451,0.6125683794171977,0.5771321164449198,0.035436262972277865
advection_diffusion,16,0.05,1,tv_diff,0.6666666666666666,0.6666666666666666,0.0,0.0915274336839159,0.1536048645458597,-0.0620774308619438,0.6107649208748331,0.5778986264322955,0.032866294442537636
advection_diffusion,4,0.5,4,tv_diff,0.6666666666666666,0.5,0.16666666666666663,0.7859880621151616,0.5756260765469907,0.21036198556817087,0.3732761045878029,0.3173341742958189,0.05594193029198402
advection_diffusion,16,0.05,2,tv_diff,0.6666666666666666,0.6666666666666666,0.0,0.0983353760821582,0.1788911715741103,-0.0805557954919521,0.6069791442434596,0.5655031462967886,0.041475997946671006
advection_diffusion,16,0.05,3,tv_diff,0.6666666666666666,0.6666666666666666,0.0,0.1199769115326191,0.1759866606599482,-0.0560097491273291,0.5952503661476152,0.5668998543678565,0.02835051177975867
advection_diffusion,16,0.05,4,tv_diff,0.6666666666666666,0.6666666666666666,0.0,0.1248575355077877,0.1733855448448362,-0.0485280093370485,0.5926676451215819,0.5681565360981363,0.024511109023445554
advection_diffusion,16,0.1,1,tv_diff,0.6666666666666666,0.6666666666666666,0.0,0.313250823089962,0.2986500782007394,0.014600744889222583,0.5076461060942338,0.5133535798883742,-0.005707473794140383
advection_diffusion,16,0.1,0,tv_diff,0.4,0.6666666666666666,-0.2666666666666666,0.6322835028599302,0.4902243520893407,0.1420591507705895,0.2450554694078317,0.4473599332422526,-0.20230446383442088
advection_diffusion,16,0.1,2,tv_diff,0.4444444444444444,0.6666666666666666,-0.2222222222222222,0.6689501397858234,0.4576007645163025,0.2113493752695209,0.2663018108506704,0.4573726104540681,-0.19107079960339768
advection_diffusion,16,0.1,3,tv_diff,0.6666666666666666,0.5,0.16666666666666663,0.2751489062447045,0.3670520750237602,-0.09190316877905569,0.5228147578701146,0.3657505146549078,0.15706424321520673
advection_diffusion,16,0.1,4,tv_diff,0.4,0.5,-0.09999999999999998,0.68635708703342,0.5115281266068072,0.17482896042661278,0.2371976867032746,0.3307910658086382,-0.09359337910536361
advection_diffusion,16,0.2,0,tv_diff,0.4,0.4,0.0,0.6931050728452495,0.7074673943985139,-0.014362321553264445,0.2362523191356359,0.234265088347943,0.0019872307876929174
advection_diffusion,16,0.2,2,tv_diff,0.6666666666666666,0.6666666666666666,0.0,0.6960389555575056,0.6205688366025213,0.07547011895498434,0.3930727324877549,0.4113781849984942,-0.01830545251073934
advection_diffusion,16,0.2,1,tv_diff,0.6666666666666666,0.5,0.16666666666666663,0.6458378594651828,0.5441124237388707,0.1017254357263121,0.4050621771960579,0.323810619170665,0.08125155802539291
advection_diffusion,16,0.2,3,tv_diff,0.6666666666666666,0.5,0.16666666666666663,0.6830924826371567,0.5633166526197158,0.11977583001744097,0.3960962772658212,0.3198328369125531,0.0762634403532681
advection_diffusion,16,0.2,4,tv_diff,0.4,0.5,-0.09999999999999998,0.6590255188839007,0.609332614637556,0.04969290424634476,0.2411053931642339,0.3106877940907243,-0.06958240092649037
advection_diffusion,16,0.5,2,tv_diff,0.6666666666666666,0.4,0.2666666666666666,0.8935398348849044,0.7949654699607948,0.09857436492410965,0.3520742761174543,0.22284551245921,0.1292287636582443
advection_diffusion,16,0.5,0,tv_diff,0.4444444444444444,0.4,0.0444444444444444,0.907398053463466,0.8354516056665023,0.07194644779696369,0.2330108514252802,0.2179300172039944,0.015080834221285783
advection_diffusion,16,0.5,3,tv_diff,0.4,0.6666666666666666,-0.2666666666666666,0.927908602984092,0.8854606459034794,0.04244795708061255,0.2074787152154746,0.3535829125445425,-0.1461041973290679
advection_diffusion,16,0.5,1,tv_diff,0.4,0.4,0.0,0.8968621645309791,0.7519588013893377,0.14490336314164143,0.2108745735349224,0.2283158711739067,-0.017441297638984304
advection_diffusion,16,0.5,4,tv_diff,0.4444444444444444,0.5,-0.05555555555555558,0.9942041311632616,0.8963623410204395,0.09784179014282202,0.2228680792999814,0.2636626920839127,-0.04079461278393129
burgers,8,0.05,0,pod_tv_diff,0.6666666666666666,0.6666666666666666,0.0,0.2666425867276,0.2024083953050696,0.0642341914225304,0.526325795178745,0.5544427910431571,-0.028116995864412075
burgers,8,0.05,2,pod_tv_diff,0.6666666666666666,0.6666666666666666,0.0,0.2706115120118508,0.2162092348519052,0.05440227715994558,0.5246817460445367,0.5481512946642318,-0.02346954861969519
burgers,8,0.05,1,pod_tv_diff,0.6666666666666666,0.6666666666666666,0.0,0.2606855318459842,0.2185770785962157,0.0421084532497685,0.5288128163813275,0.547086169907822,-0.018273353526494507
burgers,8,0.05,3,pod_tv_diff,0.6666666666666666,0.6666666666666666,0.0,0.3071767843864741,0.2148889559737583,0.09228782841271582,0.5100049776201984,0.5487469973190428,-0.03874201969884439
burgers,8,0.05,4,pod_tv_diff,0.6666666666666666,0.6666666666666666,0.0,0.2599770473416677,0.214838312790052,0.04513873455161571,0.5291101675806057,0.5487698730340256,-0.019659705453419885
burgers,8,0.1,0,pod_tv_diff,0.6666666666666666,0.6666666666666666,0.0,0.7149838813176542,0.3363252656397303,0.3786586156779239,0.3887305728812181,0.4988805374023349,-0.1101499645211168
burgers,8,0.1,1,pod_tv_diff,0.6666666666666666,0.6666666666666666,0.0,0.5795599586576884,0.3320565777732475,0.2475033808844409,0.422058474585036,0.5004792422414294,-0.07842076765639339
burgers,8,0.1,2,pod_tv_diff,0.6666666666666666,0.6666666666666666,0.0,0.5639191583408755,0.3202433606460479,0.24367579769482756,0.4262794934834851,0.504957409019228,-0.07867791553574294
burgers,8,0.2,0,pod_tv_diff,0.6666666666666666,0.6666666666666666,0.0,0.8241134502519766,0.5909926636221343,0.23312078662984226,0.3654743440297398,0.4190256070376211,-0.05355126300788132
burgers,8,0.1,3,pod_tv_diff,0.6666666666666666,0.6666666666666666,0.0,0.5755185130099744,0.3096043391964122,0.26591417381356214,0.4231411190421512,0.5090596042738684,-0.08591848523171725
burgers,8,0.2,1,pod_tv_diff,0.5,0.6666666666666666,-0.16666666666666663,0.8178463382782452,0.588566532336288,0.22927980594195718,0.2750507506996273,0.4196655620625514,-0.1446148113629241
burgers,8,0.1,4,pod_tv_diff,0.6666666666666666,0.6666666666666666,0.0,0.6559864310452584,0.3136915047751194,0.342294926270139,0.4025797881966138,0.5074758147125173,-0.10489602651590357
burgers,8,0.5,0,pod_tv_diff,0.6666666666666666,0.5,0.16666666666666663,0.8601379518145706,0.8566043550452245,0.00353359676934617,0.3583963576552648,0.2693088587459554,0.08908749890930939
burgers,8,0.2,3,pod_tv_diff,0.6666666666666666,0.6666666666666666,0.0,0.7921948609549534,0.6096490882747096,0.18254577268024375,0.3719833602867491,0.4141689462149966,-0.042185585928247504
burgers,8,0.2,4,pod_tv_diff,0.6666666666666666,0.6666666666666666,0.0,0.7515779680555014,0.5913531962418243,0.1602247718136771,0.3806091871586857,0.4189306737442584,-0.03832148658557272
burgers,8,0.2,2,pod_tv_diff,0.5,0.6666666666666666,-0.16666666666666663,0.7397576064576584,0.564404291076546,0.17535331538111243,0.2873963580582102,0.4261473012247361,-0.13875094316652592
burgers,8,0.5,2,pod_tv_diff,0.4,0.6666666666666666,-0.2666666666666666,1.0025575286217383,0.8493455076348301,0.15321202098690823,0.1997445737677759,0.3604878936436717,-0.16074331987589577
burgers,8,0.5,1,pod_tv_diff,0.4444444444444444,0.6666666666666666,-0.2222222222222222,1.0416770352678515,0.8560472544693122,0.1856297807985393,0.2176859693120547,0.3591862572794691,-0.14150028796741443
burgers,8,0.5,3,pod_tv_diff,0.4444444444444444,0.6666666666666666,-0.2222222222222222,0.9363104068833834,0.8695837794758784,0.06672662740750501,0.2295316096347416,0.3565856069063461,-0.12705399727160452
burgers,32,0.05,0,pod_tv_diff,0.6666666666666666,0.6666666666666666,0.0,0.3692679992664052,0.353269160548835,0.015998838717570185,0.4868781473194714,0.4926341973213161,-0.005756050001844704
burgers,8,0.5,4,pod_tv_diff,0.4444444444444444,0.5,-0.05555555555555558,1.0104853326656007,0.8665528533387085,0.14393247932689224,0.2210632613047606,0.2678734754848482,-0.0468102141800876
burgers,32,0.05,1,pod_tv_diff,0.6666666666666666,0.6666666666666666,0.0,0.3853679645719829,0.3699978453425864,0.015370119229396517,0.4812199240312569,0.4866187701922682,-0.005398846161011273
burgers,32,0.05,2,pod_tv_diff,0.6666666666666666,0.6666666666666666,0.0,0.4643523382328587,0.3883250306296832,0.0760273076031755,0.4552638386682143,0.4801949485591972,-0.024931109890982905
burgers,32,0.05,3,pod_tv_diff,0.6666666666666666,0.6666666666666666,0.0,0.3755593633842509,0.3412701950605011,0.034289168323749786,0.4846513239722966,0.4970412890123119,-0.012389965040015327
burgers,32,0.05,4,pod_tv_diff,0.6666666666666666,0.6666666666666666,0.0,0.4273200668589886,0.4005038896245465,0.026816177234442073,0.467075803210528,0.4760191468267822,-0.008943343616254207
burgers,32,0.1,0,pod_tv_diff,0.6666666666666666,0.6666666666666666,0.0,0.6966949999699988,0.4922652761850393,0.20442972378495955,0.3929207469099954,0.4467480931882253,-0.05382734627822988
burgers,32,0.1,2,pod_tv_diff,0.6666666666666666,0.6666666666666666,0.0,0.7657695409479004,0.553446609317947,0.21232293162995342,0.3775502132111683,0.4291532535896885,-0.051603040378520204
burgers,32,0.1,1,pod_tv_diff,0.6666666666666666,0.6666666666666666,0.0,0.7201890280520127,0.5492488753034929,0.1709401527485198,0.3875543069947478,0.4303160565703614,-0.04276174957561363
burgers,32,0.1,3,pod_tv_diff,0.6666666666666666,0.6666666666666666,0.0,0.8257237852408883,0.5725137660900844,0.2532100191508039,0.3651519863278255,0.4239496537599629,-0.058797667432137435
burgers,32,0.1,4,pod_tv_diff,0.4,0.6666666666666666,-0.2666666666666666,1.0666251701115428,0.5712277902915692,0.49539737981997356,0.1935522734286695,0.4242966365449498,-0.2307443631162803
burgers,32,0.2,0,pod_tv_diff,0.6666666666666666,0.6666666666666666,0.0,0.8898204963759662,0.7702658554858679,0.11955464089009826,0.3527671902940553,0.376591269950068,-0.023824079656012687
burgers,32,0.2,1,pod_tv_diff,0.4444444444444444,0.6666666666666666,-0.2222222222222222,0.9626978448123412,0.8701937487181974,0.09250409609414378,0.2264456781359226,0.3564693054522238,-0.13002362731630118
burgers,32,0.2,2,pod_tv_diff,0.5,0.5,0.0,0.9183599681360356,0.7315575774062179,0.18680239072981775,0.2606393003946086,0.2887573630378342,-0.02811806264322564
burgers,32,0.2,3,pod_tv_diff,0.5,0.6666666666666666,-0.16666666666666663,0.9454670517005704,0.8475789499499382,0.09788810175063223,0.2570076936347703,0.3608325731816389,-0.10382487954686864
burgers,32,0.2,4,pod_tv_diff,0.4,0.6666666666666666,-0.2666666666666666,0.9321562281251544,0.8121531643033922,0.12000306382176218,0.2070225969191608,0.3678864898392511,-0.1608638929200903
burgers,32,0.5,0,pod_tv_diff,0.4,0.4,0.0,1.0090751952630954,0.9837062455867548,0.025368949676340624,0.19909657983091,0.2016427587955116,-0.002546178964601603
burgers,32,0.5,1,pod_tv_diff,0.4,0.4,0.0,1.014584614045943,0.9483563228872992,0.0662282911586437,0.1985520971475452,0.2053012558848752,-0.00674915873732998
burgers,32,0.5,3,pod_tv_diff,0.4,0.4,0.0,1.028457831552131,0.9672235825709188,0.061234248981212325,0.1971941411737057,0.2033322513739131,-0.006138110200207381
burgers,32,0.5,2,pod_tv_diff,0.4,0.5,-0.09999999999999998,0.9986377068401986,0.9545964020022776,0.044041304837921014,0.2001363221713609,0.255807285579674,-0.05567096340831312
burgers,32,0.5,4,pod_tv_diff,0.4444444444444444,0.4,0.0444444444444444,1.0339841384578532,0.9814857603155248,0.052498378142328384,0.2185092971184218,0.201868722960848,0.01664057415757378
fisher_kpp,8,0.05,0,pod_tv_diff,0.8,0.8,0.0,0.0305086936614158,0.0309399350591942,-0.00043124139777839937,0.7763156244297035,0.7759908921891419,0.0003247322405616204
fisher_kpp,8,0.05,3,pod_tv_diff,0.8,0.8,0.0,0.0270138781584578,0.0227188561309054,0.0042950220275524,0.7789573412917095,0.7822286596206084,-0.003271318328898931
fisher_kpp,8,0.05,1,pod_tv_diff,0.8,0.8,0.0,0.0412601375801396,0.0412598138151395,3.2376500010145026e-07,0.7682998427839353,0.7683000816758961,-2.388919608797835e-07
fisher_kpp,8,0.05,2,pod_tv_diff,0.8,0.8,0.0,0.0421984383081373,0.0383100793273855,0.0038883589807518007,0.7676081354513327,0.7704827449216691,-0.0028746094703364644
fisher_kpp,8,0.1,0,pod_tv_diff,0.5714285714285714,0.8,-0.22857142857142865,0.8513231747433201,0.0299102784050415,0.8214128963382786,0.3086595464391559,0.7767666919869084,-0.4681071455477525
fisher_kpp,8,0.1,1,pod_tv_diff,0.8,0.8,0.0,0.0326007262760119,0.0228705689752167,0.009730157300795197,0.7747428213469625,0.782112638944628,-0.007369817597665529
fisher_kpp,8,0.05,4,pod_tv_diff,0.8,0.8,0.0,0.0363250333815421,0.036791482103867,-0.0004664487223248956,0.771958578853962,0.7716112774929752,0.0003473013609868181
fisher_kpp,8,0.1,2,pod_tv_diff,0.8,0.8,0.0,0.0254271146333872,0.0230996629972418,0.0023274516361454015,0.7801627132573119,0.7819375071010621,-0.001774793843750233
fisher_kpp,8,0.1,3,pod_tv_diff,0.5714285714285714,0.8,-0.22857142857142865,0.5000711006402374,0.0243896965530467,0.47568140408719073,0.3809343245028072,0.7809527982289434,-0.4000184737261362
fisher_kpp,8,0.2,0,pod_tv_diff,0.8,0.8,0.0,0.0948744104797303,0.0282693670634872,0.0666050434162431,0.7306774113475462,0.7780062555832284,-0.04732884423568229
fisher_kpp,8,0.2,1,pod_tv_diff,0.8,0.8,0.0,0.1053814217057284,0.0222024665593953,0.0831789551463331,0.7237320840488793,0.7826238207903168,-0.05889173674143744
fisher_kpp,8,0.1,4,pod_tv_diff,0.8,0.8,0.0,0.0530936260218168,0.0335854575370595,0.019508168484757303,0.7596665483790769,0.7740046980791773,-0.014338149700100389
fisher_kpp,8,0.2,2,pod_tv_diff,0.8,0.8,0.0,0.0219590349943389,0.0242977887090008,-0.002338753714661898,0.7828102424912086,0.7810228712963444,0.0017873711948641624
fisher_kpp,8,0.2,3,pod_tv_diff,0.8,0.8,0.0,0.0661028441940214,0.0310210595441503,0.035081784649871106,0.7503966473373436,0.7759298344048445,-0.025533187067500962
fisher_kpp,8,0.2,4,pod_tv_diff,0.8,0.8,0.0,0.0480130896960943,0.0328830716529054,0.015130018043188899,0.7633492442656286,0.7745310403042752,-0.011181796038646663
fisher_kpp,8,0.5,0,pod_tv_diff,0.8,0.6666666666666666,0.13333333333333341,0.059665410699677,0.8859039342193554,-0.8262385235196784,0.7549552829810451,0.3534998016442573,0.40145548133678777
fisher_kpp,8,0.5,1,pod_tv_diff,0.8,0.5454545454545454,0.25454545454545463,0.0292601875735041,0.8886856724922447,-0.8594254849187406,0.7772573054496664,0.2888011241885381,0.48845618126112833
fisher_kpp,32,0.05,0,pod_tv_diff,0.8,0.8,0.0,0.0557365207991575,0.0396731242926389,0.0160633965065186,0.7577648250667947,0.7694726172173538,-0.011707792150559171
fisher_kpp,8,0.5,3,pod_tv_diff,0.6666666666666666,0.6666666666666666,0.0,0.6648421071616337,0.9206431554738674,-0.2558010483122337,0.4004383741850795,0.3471059497786742,0.05333242440640529
fisher_kpp,32,0.05,1,pod_tv_diff,0.8,0.8,0.0,0.0591148586532526,0.0296982532925418,0.029416605360710796,0.7553477259466104,0.7769266359750894,-0.021578910028479004
fisher_kpp,8,0.5,2,pod_tv_diff,0.8,0.6666666666666666,0.13333333333333341,0.0748660867338184,0.9528903100009348,-0.8780242232671165,0.7442787616743493,0.3413743533124231,0.40290440836192615
fisher_kpp,32,0.05,2,pod_tv_diff,0.8,0.8,0.0,0.0497625759158294,0.0358046615573492,0.013957914358480199,0.7620770813839189,0.7723463985933283,-0.010269317209409379
fisher_kpp,8,0.5,4,pod_tv_diff,0.8,0.6666666666666666,0.13333333333333341,0.1402974196262371,0.8847082779204555,-0.7444108582942184,0.701571349922217,0.3537240614246421,0.34784728849757496
fisher_kpp,32,0.05,3,pod_tv_diff,0.8,0.8,0.0,0.0456297879309877,0.037125582031019,0.008504205899968705,0.7650891445843169,0.7713627104186821,-0.0062735658343652245
fisher_kpp,32,0.05,4,pod_tv_diff,0.8,0.8,0.0,0.0298885419395108,0.022344414879521,0.007544127059989799,0.7767830861516536,0.7825151566894182,-0.005732070537764589
fisher_kpp,32,0.1,0,pod_tv_diff,0.8,0.8,0.0,0.0522257871823086,0.0249966726992588,0.0272291144830498,0.7602930946429961,0.7804903384644698,-0.020197243821473698
fisher_kpp,32,0.1,2,pod_tv_diff,0.8,0.8,0.0,0.1685145122695321,0.0432974355310781,0.125217076738454,0.6846299225212106,0.766799546087995,-0.08216962356678448
fisher_kpp,32,0.1,1,pod_tv_diff,0.8,0.8,0.0,0.6866130801988295,0.0419265809425521,0.6446864992562774,0.4743233699490167,0.7678084182057248,-0.29348504825670807
fisher_kpp,32,0.1,3,pod_tv_diff,0.8,0.8,0.0,0.0236909808794226,0.0227521472364626,0.0009388336429600012,0.7814858340480286,0.7822031976776072,-0.0007173636295785268
fisher_kpp,32,0.2,0,pod_tv_diff,0.6666666666666666,0.6666666666666666,0.0,0.1417218550814483,0.8323391520551179,-0.6906172969736696,0.5839133793397586,0.3638336636091334,0.22007971573062524
fisher_kpp,32,0.1,4,pod_tv_diff,0.8,0.8,0.0,0.028336577723158,0.0222454819058782,0.006091095817279801,0.7779554061679703,0.7825908885490764,-0.004635482381106115
fisher_kpp,32,0.2,1,pod_tv_diff,0.8,0.8,0.0,0.0283264945052548,0.033331389613219,-0.005004895107964199,0.7779630343813067,0.7741950046629706,0.003768029718336008
fisher_kpp,32,0.2,2,pod_tv_diff,0.8,0.8,0.0,0.0961151242662882,0.0256096546869294,0.0705054695793588,0.7298503435353104,0.7800238583403377,-0.0501735148050273
fisher_kpp,32,0.2,3,pod_tv_diff,0.8,0.8,0.0,0.2119540177438077,0.0509829162074641,0.1609711015363436,0.6600910498974972,0.7611922017598999,-0.10110115186240265
fisher_kpp,32,0.2,4,pod_tv_diff,0.8,0.8,0.0,0.0445962562285726,0.0287896616048584,0.0158065946237142,0.765846129765325,0.7776127908906487,-0.011766661125323763
fisher_kpp,32,0.5,0,pod_tv_diff,0.6666666666666666,0.5454545454545454,0.12121212121212122,1.2668565096280264,0.9773258690846685,0.289530640543358,0.2940930155195669,0.2758546550078991,0.018238360511667828
fisher_kpp,32,0.5,1,pod_tv_diff,0.5,0.5454545454545454,-0.045454545454545414,1.3069559450875252,0.7418240552715444,0.5651318898159808,0.2167358250012139,0.3131513448811056,-0.09641551987989166
fisher_kpp,32,0.5,2,pod_tv_diff,0.8,0.6666666666666666,0.13333333333333341,0.1534202803189776,0.905588674615424,-0.7521683942964464,0.6935893304899758,0.349848146951865,0.34374118353811084
fisher_kpp,32,0.5,3,pod_tv_diff,0.8,0.6666666666666666,0.13333333333333341,0.5853580841714497,0.8963312612443698,-0.31097317707292005,0.5046178576230627,0.3515560178179001,0.15306183980516258
fisher_kpp,32,0.5,4,pod_tv_diff,0.5,0.5454545454545454,-0.045454545454545414,1.3571523434414612,0.8456669606725189,0.5114853827689423,0.2121203584448835,0.2955324861294555,-0.08341212768457199
advection_diffusion,4,0.05,0,pod_tv_diff,0.6666666666666666,0.6666666666666666,0.0,0.0319842199850432,0.0314438634231873,0.0005403565618559009,0.6460047099134216,0.6463431412099472,-0.00033843129652555426
advection_diffusion,4,0.05,2,pod_tv_diff,0.6666666666666666,0.6666666666666666,0.0,0.043202160155031,0.0377283949985595,0.005473765156471501,0.6390579814056296,0.642428856991614,-0.0033708755859843675
advection_diffusion,4,0.05,1,pod_tv_diff,0.6666666666666666,0.6666666666666666,0.0,0.039576791496349,0.0361800239147584,0.003396767581590597,0.6412866005858768,0.6433888429425175,-0.0021022423566406934
advection_diffusion,4,0.05,3,pod_tv_diff,0.6666666666666666,0.6666666666666666,0.0,0.0392106183027107,0.0386439786918075,0.0005666396109031968,0.6415125624442705,0.6418625441860707,-0.00034998174180023156
advection_diffusion,4,0.05,4,pod_tv_diff,0.6666666666666666,0.6666666666666666,0.0,0.0403324711629917,0.0378790820380474,0.0024533891249442982,0.6408207809964802,0.6423355843703452,-0.0015148033738650035
advection_diffusion,4,0.1,1,pod_tv_diff,0.6666666666666666,0.6666666666666666,0.0,0.1062511832360999,0.0943875915098243,0.011863591726275602,0.6026358902654247,0.6091687002288915,-0.006532809963466724
advection_diffusion,4,0.1,0,pod_tv_diff,0.6666666666666666,0.6666666666666666,0.0,0.0875753971994326,0.0907719510710157,-0.003196553871583102,0.6129843212556761,0.6111879444755384,0.0017963767801377761
advection_diffusion,4,0.1,2,pod_tv_diff,0.6666666666666666,0.6666666666666666,0.0,0.1141878581902518,0.1115125709577615,0.002675287232490303,0.5983431445299692,0.5997832899831418,-0.0014401454531726143
advection_diffusion,4,0.1,3,pod_tv_diff,0.6666666666666666,0.6666666666666666,0.0,0.1205139633212026,0.1087160889832168,0.011797874337985792,0.5949650682537387,0.6012961057307776,-0.006331037477038892
advection_diffusion,4,0.1,4,pod_tv_diff,0.6666666666666666,0.6666666666666666,0.0,0.123810271238793,0.1073409250740089,0.0164693461647841,0.5932199444411465,0.6020428321314956,-0.008822887690349113
advection_diffusion,4,0.2,0,pod_tv_diff,0.4,0.6666666666666666,-0.2666666666666666,0.7108937202333542,0.25522446669308,0.45566925354027416,0.2337959367490359,0.5311135054776429,-0.29731756872860704
advection_diffusion,4,0.2,1,pod_tv_diff,0.6666666666666666,0.6666666666666666,0.0,0.3905051875036615,0.3023808871376288,0.08812430036603269,0.4794420564971183,0.5118830238148425,-0.03244096731772422
advection_diffusion,4,0.2,2,pod_tv_diff,0.6666666666666666,0.6666666666666666,0.0,0.4795808020557829,0.297757168335386,0.1818236337203969,0.4505780730193146,0.5137067880902481,-0.06312871507093348
advection_diffusion,4,0.2,3,pod_tv_diff,0.6666666666666666,0.6666666666666666,0.0,0.4737985707362009,0.30809283890665,0.1657057318295509,0.4523458496323885,0.5096478222630513,-0.05730197263066278
advection_diffusion,4,0.5,0,pod_tv_diff,0.4,0.6666666666666666,-0.2666666666666666,0.808141574591923,0.6840904476344011,0.12405112695752196,0.2212216153982718,0.3958615569627607,-0.17463994156448892
advection_diffusion,4,0.2,4,pod_tv_diff,0.6666666666666666,0.6666666666666666,0.0,0.3179416778720083,0.2408036511236531,0.07713802674835518,0.5058392779133356,0.5372861903355485,-0.03144691242221287
advection_diffusion,4,0.5,2,pod_tv_diff,0.4,0.6666666666666666,-0.2666666666666666,0.9100077836199516,0.6522365878678745,0.2577711957520771,0.2094232303294063,0.4034934655011878,-0.1940702351717815
advection_diffusion,4,0.5,1,pod_tv_diff,0.4444444444444444,0.4,0.0444444444444444,0.9231377166734014,0.7253246899320785,0.19781302674132284,0.2311038053027393,0.23184041956517,-0.0007366142624306848
advection_diffusion,4,0.5,3,pod_tv_diff,0.5,0.5,0.0,0.7891721254240811,0.6916977831327342,0.09747434229134688,0.2794588585944389,0.2955610659216481,-0.016102207327209184
advection_diffusion,16,0.05,0,pod_tv_diff,0.6666666666666666,0.6666666666666666,0.0,0.0883138749357883,0.0905267318697593,-0.002212856933971011,0.6125683794171977,0.611325378080036,0.0012430013371617088
advection_diffusion,16,0.05,1,pod_tv_diff,0.6666666666666666,0.6666666666666666,0.0,0.0915274336839159,0.0993549423954845,-0.007827508711568593,0.6107649208748331,0.6064162182361286,0.004348702638704571
advection_diffusion,4,0.5,4,pod_tv_diff,0.6666666666666666,0.5,0.16666666666666663,0.7859880621151616,0.5436169665644409,0.24237109555072067,0.3732761045878029,0.3239145531762504,0.04936155141155252
advection_diffusion,16,0.05,2,pod_tv_diff,0.6666666666666666,0.6666666666666666,0.0,0.0983353760821582,0.1051471440188795,-0.006811767936721294,0.6069791442434596,0.6032379220040565,0.003741222239403097
advection_diffusion,16,0.05,3,pod_tv_diff,0.6666666666666666,0.6666666666666666,0.0,0.1199769115326191,0.125609902674457,-0.00563299114183792,0.5952503661476152,0.5922715010614796,0.0029788650861355404
advection_diffusion,16,0.05,4,pod_tv_diff,0.6666666666666666,0.6666666666666666,0.0,0.1248575355077877,0.1212419294278974,0.00361560607989031,0.5926676451215819,0.5945787872977839,-0.0019111421762020298
advection_diffusion,16,0.1,1,pod_tv_diff,0.6666666666666666,0.6666666666666666,0.0,0.313250823089962,0.2979276275976941,0.015323195492267905,0.5076461060942338,0.5136393220171955,-0.005993215922961759
advection_diffusion,16,0.1,0,pod_tv_diff,0.4,0.5,-0.09999999999999998,0.6322835028599302,0.3680882461509027,0.2641952567090275,0.2450554694078317,0.3654735002707194,-0.12041803086288769
advection_diffusion,16,0.1,2,pod_tv_diff,0.4444444444444444,0.6666666666666666,-0.2222222222222222,0.6689501397858234,0.2926291937650558,0.3763209460207676,0.2663018108506704,0.5157447084456286,-0.2494428975949582
advection_diffusion,16,0.1,3,pod_tv_diff,0.6666666666666666,0.6666666666666666,0.0,0.2751489062447045,0.2081970135707749,0.06695189267392959,0.5228147578701146,0.551786388460241,-0.028971630590126418
advection_diffusion,16,0.1,4,pod_tv_diff,0.4,0.5,-0.09999999999999998,0.68635708703342,0.4076057837787337,0.27875130325468633,0.2371976867032746,0.3552130900298976,-0.118015403326623
advection_diffusion,16,0.2,0,pod_tv_diff,0.4,0.4,0.0,0.6931050728452495,0.7185327979328955,-0.025427725087646014,0.2362523191356359,0.2327566866812972,0.003495632454338704
advection_diffusion,16,0.2,2,pod_tv_diff,0.6666666666666666,0.6666666666666666,0.0,0.6960389555575056,0.5793121047547062,0.11672685080279943,0.3930727324877549,0.4221247115497866,-0.02905197906203172
advection_diffusion,16,0.2,1,pod_tv_diff,0.6666666666666666,0.5,0.16666666666666663,0.6458378594651828,0.5159152385180561,0.1299226209471267,0.4050621771960579,0.3298337448529082,0.07522843234314974
advection_diffusion,16,0.2,3,pod_tv_diff,0.6666666666666666,0.4444444444444444,0.2222222222222222,0.6830924826371567,0.7340768735234494,-0.050984390886292696,0.3960962772658212,0.2563003124200504,0.13979596484577078
advection_diffusion,16,0.2,4,pod_tv_diff,0.4,0.5,-0.09999999999999998,0.6590255188839007,0.5779296481731968,0.0810958707107039,0.2411053931642339,0.3168709077612305,-0.0757655145969966
advection_diffusion,16,0.5,2,pod_tv_diff,0.6666666666666666,0.4,0.2666666666666666,0.8935398348849044,0.7858442426443762,0.10769559224052816,0.3520742761174543,0.2239836993889808,0.1280905767284735
advection_diffusion,16,0.5,0,pod_tv_diff,0.4444444444444444,0.4,0.0444444444444444,0.907398053463466,0.8300505144857794,0.07734753897768665,0.2330108514252802,0.2185732015776596,0.014437649847620582
advection_diffusion,16,0.5,3,pod_tv_diff,0.4,0.6666666666666666,-0.2666666666666666,0.927908602984092,0.8658713797682169,0.062037223215875015,0.2074787152154746,0.3572950814806332,-0.14981636626515862
advection_diffusion,16,0.5,1,pod_tv_diff,0.4,0.4,0.0,0.8968621645309791,0.7554445695731127,0.14141759495786643,0.2108745735349224,0.2278625067023743,-0.016987933167451896
advection_diffusion,16,0.5,4,pod_tv_diff,0.4444444444444444,0.5,-0.05555555555555558,0.9942041311632616,0.8056031291991436,0.188601001964118,0.2228680792999814,0.2769157806133011,-0.05404770131331968
