system,method,sparse_factor,noise,seed,feature,equation,coef,true_coef
lorenz63,baseline,64,0.1,0,1,0,0.0,0.0
lorenz63,baseline,64,0.1,0,1,1,0.0,0.0
lorenz63,baseline,64,0.1,0,1,2,-1.2303874022600134,0.0
lorenz63,baseline,64,0.1,0,x,0,-1.377115884347286,-10.0
lorenz63,baseline,64,0.1,0,x,1,-1.8527874545011658,28.0
lorenz63,baseline,64,0.1,0,x,2,0.0,0.0
lorenz63,baseline,64,0.1,0,y,0,1.9290491713960451,10.0
lorenz63,baseline,64,0.1,0,y,1,1.208876197643142,-1.0
lorenz63,baseline,64,0.1,0,y,2,0.0,0.0
lorenz63,baseline,64,0.1,0,z,0,0.0,0.0
lorenz63,baseline,64,0.1,0,z,1,0.0,0.0
lorenz63,baseline,64,0.1,0,z,2,0.0,-2.6666666666666665
lorenz63,baseline,64,0.1,0,x*x,0,0.0,0.0
lorenz63,baseline,64,0.1,0,x*x,1,0.0,0.0
lorenz63,baseline,64,0.1,0,x*x,2,0.0,0.0
lorenz63,baseline,64,0.1,0,x*y,0,0.0,0.0
lorenz63,baseline,64,0.1,0,x*y,1,0.0,0.0
lorenz63,baseline,64,0.1,0,x*y,2,0.0,1.0
lorenz63,baseline,64,0.1,0,x*z,0,0.0,0.0
lorenz63,baseline,64,0.1,0,x*z,1,0.0,-1.0
lorenz63,baseline,64,0.1,0,x*z,2,0.0,0.0
lorenz63,baseline,64,0.1,0,y*y,0,0.0,0.0
lorenz63,baseline,64,0.1,0,y*y,1,0.0,0.0
lorenz63,baseline,64,0.1,0,y*y,2,0.0,0.0
lorenz63,baseline,64,0.1,0,y*z,0,0.0,0.0
lorenz63,baseline,64,0.1,0,y*z,1,0.0,0.0
lorenz63,baseline,64,0.1,0,y*z,2,0.0,0.0
lorenz63,baseline,64,0.1,0,z*z,0,0.0,0.0
lorenz63,baseline,64,0.1,0,z*z,1,0.0,0.0
lorenz63,baseline,64,0.1,0,z*z,2,0.0,0.0
lorenz63,baseline,64,0.1,0,x*x*x,0,0.0,0.0
lorenz63,baseline,64,0.1,0,x*x*x,1,0.0,0.0
lorenz63,baseline,64,0.1,0,x*x*x,2,0.0,0.0
lorenz63,baseline,64,0.1,0,x*x*y,0,0.0,0.0
lorenz63,baseline,64,0.1,0,x*x*y,1,0.0,0.0
lorenz63,baseline,64,0.1,0,x*x*y,2,0.0,0.0
lorenz63,baseline,64,0.1,0,x*x*z,0,0.0,0.0
lorenz63,baseline,64,0.1,0,x*x*z,1,0.0,0.0
lorenz63,baseline,64,0.1,0,x*x*z,2,0.0,0.0
lorenz63,baseline,64,0.1,0,x*y*y,0,0.0,0.0
lorenz63,baseline,64,0.1,0,x*y*y,1,0.0,0.0
lorenz63,baseline,64,0.1,0,x*y*y,2,0.0,0.0
lorenz63,baseline,64,0.1,0,x*y*z,0,0.0,0.0
lorenz63,baseline,64,0.1,0,x*y*z,1,0.0,0.0
lorenz63,baseline,64,0.1,0,x*y*z,2,0.0,0.0
lorenz63,baseline,64,0.1,0,x*z*z,0,0.0,0.0
lorenz63,baseline,64,0.1,0,x*z*z,1,0.0,0.0
lorenz63,baseline,64,0.1,0,x*z*z,2,0.0,0.0
lorenz63,baseline,64,0.1,0,y*y*y,0,0.0,0.0
lorenz63,baseline,64,0.1,0,y*y*y,1,0.0,0.0
lorenz63,baseline,64,0.1,0,y*y*y,2,0.0,0.0
lorenz63,baseline,64,0.1,0,y*y*z,0,0.0,0.0
lorenz63,baseline,64,0.1,0,y*y*z,1,0.0,0.0
lorenz63,baseline,64,0.1,0,y*y*z,2,0.0,0.0
lorenz63,baseline,64,0.1,0,y*z*z,0,0.0,0.0
lorenz63,baseline,64,0.1,0,y*z*z,1,0.0,0.0
lorenz63,baseline,64,0.1,0,y*z*z,2,0.0,0.0
lorenz63,baseline,64,0.1,0,z*z*z,0,0.0,0.0
lorenz63,baseline,64,0.1,0,z*z*z,1,0.0,0.0
lorenz63,baseline,64,0.1,0,z*z*z,2,0.0,0.0
lorenz63,edmd_poly3,64,0.1,0,1,0,-6.2783660341073375,0.0
lorenz63,edmd_poly3,64,0.1,0,1,1,2.2926641401670587,0.0
lorenz63,edmd_poly3,64,0.1,0,1,2,0.0,0.0
lorenz63,edmd_poly3,64,0.1,0,x,0,-3.7716078856076938,-10.0
lorenz63,edmd_poly3,64,0.1,0,x,1,-1.4171923624052014,28.0
lorenz63,edmd_poly3,64,0.1,0,x,2,0.0,0.0
lorenz63,edmd_poly3,64,0.1,0,y,0,8.057961279806623,10.0
lorenz63,edmd_poly3,64,0.1,0,y,1,0.0,-1.0
lorenz63,edmd_poly3,64,0.1,0,y,2,0.0,0.0
lorenz63,edmd_poly3,64,0.1,0,z,0,0.0,0.0
lorenz63,edmd_poly3,64,0.1,0,z,1,0.0,0.0
lorenz63,edmd_poly3,64,0.1,0,z,2,0.0,-2.6666666666666665
lorenz63,edmd_poly3,64,0.1,0,x*x,0,0.0,0.0
lorenz63,edmd_poly3,64,0.1,0,x*x,1,0.0,0.0
lorenz63,edmd_poly3,64,0.1,0,x*x,2,0.0,0.0
lorenz63,edmd_poly3,64,0.1,0,x*y,0,0.0,0.0
lorenz63,edmd_poly3,64,0.1,0,x*y,1,0.0,0.0
lorenz63,edmd_poly3,64,0.1,0,x*y,2,0.0,1.0
lorenz63,edmd_poly3,64,0.1,0,x*z,0,0.0,0.0
lorenz63,edmd_poly3,64,0.1,0,x*z,1,0.0,-1.0
lorenz63,edmd_poly3,64,0.1,0,x*z,2,0.0,0.0
lorenz63,edmd_poly3,64,0.1,0,y*y,0,0.0,0.0
lorenz63,edmd_poly3,64,0.1,0,y*y,1,0.0,0.0
lorenz63,edmd_poly3,64,0.1,0,y*y,2,0.0,0.0
lorenz63,edmd_poly3,64,0.1,0,y*z,0,0.0,0.0
lorenz63,edmd_poly3,64,0.1,0,y*z,1,0.0,0.0
lorenz63,edmd_poly3,64,0.1,0,y*z,2,0.0,0.0
lorenz63,edmd_poly3,64,0.1,0,z*z,0,0.0,0.0
lorenz63,edmd_poly3,64,0.1,0,z*z,1,0.0,0.0
lorenz63,edmd_poly3,64,0.1,0,z*z,2,0.0,0.0
lorenz63,edmd_poly3,64,0.1,0,x*x*x,0,0.0,0.0
lorenz63,edmd_poly3,64,0.1,0,x*x*x,1,0.0,0.0
lorenz63,edmd_poly3,64,0.1,0,x*x*x,2,0.0,0.0
lorenz63,edmd_poly3,64,0.1,0,x*x*y,0,0.0,0.0
lorenz63,edmd_poly3,64,0.1,0,x*x*y,1,0.0,0.0
lorenz63,edmd_poly3,64,0.1,0,x*x*y,2,0.0,0.0
lorenz63,edmd_poly3,64,0.1,0,x*x*z,0,0.0,0.0
lorenz63,edmd_poly3,64,0.1,0,x*x*z,1,0.0,0.0
lorenz63,edmd_poly3,64,0.1,0,x*x*z,2,0.0,0.0
lorenz63,edmd_poly3,64,0.1,0,x*y*y,0,0.0,0.0
lorenz63,edmd_poly3,64,0.1,0,x*y*y,1,0.0,0.0
lorenz63,edmd_poly3,64,0.1,0,x*y*y,2,0.0,0.0
lorenz63,edmd_poly3,64,0.1,0,x*y*z,0,0.0,0.0
lorenz63,edmd_poly3,64,0.1,0,x*y*z,1,0.0,0.0
lorenz63,edmd_poly3,64,0.1,0,x*y*z,2,0.0,0.0
lorenz63,edmd_poly3,64,0.1,0,x*z*z,0,0.0,0.0
lorenz63,edmd_poly3,64,0.1,0,x*z*z,1,0.0,0.0
lorenz63,edmd_poly3,64,0.1,0,x*z*z,2,0.0,0.0
lorenz63,edmd_poly3,64,0.1,0,y*y*y,0,0.0,0.0
lorenz63,edmd_poly3,64,0.1,0,y*y*y,1,0.0,0.0
lorenz63,edmd_poly3,64,0.1,0,y*y*y,2,0.0,0.0
lorenz63,edmd_poly3,64,0.1,0,y*y*z,0,0.0,0.0
lorenz63,edmd_poly3,64,0.1,0,y*y*z,1,0.0,0.0
lorenz63,edmd_poly3,64,0.1,0,y*y*z,2,0.0,0.0
lorenz63,edmd_poly3,64,0.1,0,y*z*z,0,0.0,0.0
lorenz63,edmd_poly3,64,0.1,0,y*z*z,1,0.0,0.0
lorenz63,edmd_poly3,64,0.1,0,y*z*z,2,0.0,0.0
lorenz63,edmd_poly3,64,0.1,0,z*z*z,0,0.0,0.0
lorenz63,edmd_poly3,64,0.1,0,z*z*z,1,0.0,0.0
lorenz63,edmd_poly3,64,0.1,0,z*z*z,2,0.0,0.0
lorenz63,tv_diff,64,0.1,0,1,0,-0.06609954827655228,0.0
lorenz63,tv_diff,64,0.1,0,1,1,-0.1941071595873329,0.0
lorenz63,tv_diff,64,0.1,0,1,2,0.04445337535302835,0.0
lorenz63,tv_diff,64,0.1,0,x,0,-0.0189283100005693,-10.0
lorenz63,tv_diff,64,0.1,0,x,1,-0.04788888661737806,28.0
lorenz63,tv_diff,64,0.1,0,x,2,0.0,0.0
lorenz63,tv_diff,64,0.1,0,y,0,0.005245159340637981,10.0
lorenz63,tv_diff,64,0.1,0,y,1,0.0320709383804824,-1.0
lorenz63,tv_diff,64,0.1,0,y,2,0.0,0.0
lorenz63,tv_diff,64,0.1,0,z,0,-0.0028874538206803946,0.0
lorenz63,tv_diff,64,0.1,0,z,1,-0.00849706956472647,0.0
lorenz63,tv_diff,64,0.1,0,z,2,0.0,-2.6666666666666665
lorenz63,tv_diff,64,0.1,0,x*x,0,0.0,0.0
lorenz63,tv_diff,64,0.1,0,x*x,1,-0.011355864179156133,0.0
lorenz63,tv_diff,64,0.1,0,x*x,2,0.0,0.0
lorenz63,tv_diff,64,0.1,0,x*y,0,0.0,0.0
lorenz63,tv_diff,64,0.1,0,x*y,1,0.0031171564158215953,0.0
lorenz63,tv_diff,64,0.1,0,x*y,2,0.0,1.0
lorenz63,tv_diff,64,0.1,0,x*z,0,0.0,0.0
lorenz63,tv_diff,64,0.1,0,x*z,1,-0.0021024494840187016,-1.0
lorenz63,tv_diff,64,0.1,0,x*z,2,0.0,0.0
lorenz63,tv_diff,64,0.1,0,y*y,0,0.0,0.0
lorenz63,tv_diff,64,0.1,0,y*y,1,0.0,0.0
lorenz63,tv_diff,64,0.1,0,y*y,2,0.0,0.0
lorenz63,tv_diff,64,0.1,0,y*z,0,0.0,0.0
lorenz63,tv_diff,64,0.1,0,y*z,1,0.0,0.0
lorenz63,tv_diff,64,0.1,0,y*z,2,0.0,0.0
lorenz63,tv_diff,64,0.1,0,z*z,0,0.0,0.0
lorenz63,tv_diff,64,0.1,0,z*z,1,0.0,0.0
lorenz63,tv_diff,64,0.1,0,z*z,2,0.0,0.0
lorenz63,tv_diff,64,0.1,0,x*x*x,0,0.0,0.0
lorenz63,tv_diff,64,0.1,0,x*x*x,1,0.0,0.0
lorenz63,tv_diff,64,0.1,0,x*x*x,2,0.0,0.0
lorenz63,tv_diff,64,0.1,0,x*x*y,0,0.0,0.0
lorenz63,tv_diff,64,0.1,0,x*x*y,1,0.0,0.0
lorenz63,tv_diff,64,0.1,0,x*x*y,2,0.0,0.0
lorenz63,tv_diff,64,0.1,0,x*x*z,0,0.0,0.0
lorenz63,tv_diff,64,0.1,0,x*x*z,1,0.0,0.0
lorenz63,tv_diff,64,0.1,0,x*x*z,2,0.0,0.0
lorenz63,tv_diff,64,0.1,0,x*y*y,0,0.0,0.0
lorenz63,tv_diff,64,0.1,0,x*y*y,1,0.0,0.0
lorenz63,tv_diff,64,0.1,0,x*y*y,2,0.0,0.0
lorenz63,tv_diff,64,0.1,0,x*y*z,0,0.0,0.0
lorenz63,tv_diff,64,0.1,0,x*y*z,1,0.0,0.0
lorenz63,tv_diff,64,0.1,0,x*y*z,2,0.0,0.0
lorenz63,tv_diff,64,0.1,0,x*z*z,0,0.0,0.0
lorenz63,tv_diff,64,0.1,0,x*z*z,1,0.0,0.0
lorenz63,tv_diff,64,0.1,0,x*z*z,2,0.0,0.0
lorenz63,tv_diff,64,0.1,0,y*y*y,0,0.0,0.0
lorenz63,tv_diff,64,0.1,0,y*y*y,1,0.0,0.0
lorenz63,tv_diff,64,0.1,0,y*y*y,2,0.0,0.0
lorenz63,tv_diff,64,0.1,0,y*y*z,0,0.0,0.0
lorenz63,tv_diff,64,0.1,0,y*y*z,1,0.0,0.0
lorenz63,tv_diff,64,0.1,0,y*y*z,2,0.0,0.0
lorenz63,tv_diff,64,0.1,0,y*z*z,0,0.0,0.0
lorenz63,tv_diff,64,0.1,0,y*z*z,1,0.0,0.0
lorenz63,tv_diff,64,0.1,0,y*z*z,2,0.0,0.0
lorenz63,tv_diff,64,0.1,0,z*z*z,0,0.0,0.0
lorenz63,tv_diff,64,0.1,0,z*z*z,1,0.0,0.0
lorenz63,tv_diff,64,0.1,0,z*z*z,2,0.0,0.0
lorenz63,baseline,16,0.1,0,1,0,-1.4674973605146198,0.0
lorenz63,baseline,16,0.1,0,1,1,2.671010172090953,0.0
lorenz63,baseline,16,0.1,0,1,2,23.40125749368509,0.0
lorenz63,baseline,16,0.1,0,x,0,-8.040000831643761,-10.0
lorenz63,baseline,16,0.1,0,x,1,11.445178430463535,28.0
lorenz63,baseline,16,0.1,0,x,2,0.0,0.0
lorenz63,baseline,16,0.1,0,y,0,8.315538829206911,10.0
lorenz63,baseline,16,0.1,0,y,1,4.860910948918537,-1.0
lorenz63,baseline,16,0.1,0,y,2,0.2429718978663244,0.0
lorenz63,baseline,16,0.1,0,z,0,0.0,0.0
lorenz63,baseline,16,0.1,0,z,1,0.0,0.0
lorenz63,baseline,16,0.1,0,z,2,-3.7823869281636813,-2.6666666666666665
lorenz63,baseline,16,0.1,0,x*x,0,0.0,0.0
lorenz63,baseline,16,0.1,0,x*x,1,0.0,0.0
lorenz63,baseline,16,0.1,0,x*x,2,0.6222222739970203,0.0
lorenz63,baseline,16,0.1,0,x*y,0,0.0,0.0
lorenz63,baseline,16,0.1,0,x*y,1,0.0,0.0
lorenz63,baseline,16,0.1,0,x*y,2,0.0,1.0
lorenz63,baseline,16,0.1,0,x*z,0,0.0,0.0
lorenz63,baseline,16,0.1,0,x*z,1,-0.5223789007386752,-1.0
lorenz63,baseline,16,0.1,0,x*z,2,0.0,0.0
lorenz63,baseline,16,0.1,0,y*y,0,0.0,0.0
lorenz63,baseline,16,0.1,0,y*y,1,0.0,0.0
lorenz63,baseline,16,0.1,0,y*y,2,0.2904794608050388,0.0
lorenz63,baseline,16,0.1,0,y*z,0,0.0,0.0
lorenz63,baseline,16,0.1,0,y*z,1,-0.1284435640520742,0.0
lorenz63,baseline,16,0.1,0,y*z,2,0.0,0.0
lorenz63,baseline,16,0.1,0,z*z,0,0.0,0.0
lorenz63,baseline,16,0.1,0,z*z,1,0.0,0.0
lorenz63,baseline,16,0.1,0,z*z,2,0.0,0.0
lorenz63,baseline,16,0.1,0,x*x*x,0,0.0,0.0
lorenz63,baseline,16,0.1,0,x*x*x,1,0.0,0.0
lorenz63,baseline,16,0.1,0,x*x*x,2,0.0,0.0
lorenz63,baseline,16,0.1,0,x*x*y,0,0.0,0.0
lorenz63,baseline,16,0.1,0,x*x*y,1,0.0,0.0
lorenz63,baseline,16,0.1,0,x*x*y,2,0.0,0.0
lorenz63,baseline,16,0.1,0,x*x*z,0,0.0,0.0
lorenz63,baseline,16,0.1,0,x*x*z,1,0.0,0.0
lorenz63,baseline,16,0.1,0,x*x*z,2,0.0,0.0
lorenz63,baseline,16,0.1,0,x*y*y,0,0.0,0.0
lorenz63,baseline,16,0.1,0,x*y*y,1,0.0,0.0
lorenz63,baseline,16,0.1,0,x*y*y,2,0.0,0.0
lorenz63,baseline,16,0.1,0,x*y*z,0,0.0,0.0
lorenz63,baseline,16,0.1,0,x*y*z,1,0.0,0.0
lorenz63,baseline,16,0.1,0,x*y*z,2,0.0,0.0
lorenz63,baseline,16,0.1,0,x*z*z,0,0.0,0.0
lorenz63,baseline,16,0.1,0,x*z*z,1,0.0,0.0
lorenz63,baseline,16,0.1,0,x*z*z,2,0.0,0.0
lorenz63,baseline,16,0.1,0,y*y*y,0,0.0,0.0
lorenz63,baseline,16,0.1,0,y*y*y,1,0.0,0.0
lorenz63,baseline,16,0.1,0,y*y*y,2,0.0,0.0
lorenz63,baseline,16,0.1,0,y*y*z,0,0.0,0.0
lorenz63,baseline,16,0.1,0,y*y*z,1,0.0,0.0
lorenz63,baseline,16,0.1,0,y*y*z,2,0.0,0.0
lorenz63,baseline,16,0.1,0,y*z*z,0,0.0,0.0
lorenz63,baseline,16,0.1,0,y*z*z,1,0.0,0.0
lorenz63,baseline,16,0.1,0,y*z*z,2,0.0,0.0
lorenz63,baseline,16,0.1,0,z*z*z,0,0.0,0.0
lorenz63,baseline,16,0.1,0,z*z*z,1,0.0,0.0
lorenz63,baseline,16,0.1,0,z*z*z,2,0.0,0.0
lorenz63,edmd_poly3,16,0.1,0,1,0,-1.6443732937780486,0.0
lorenz63,edmd_poly3,16,0.1,0,1,1,1.7904871888866551,0.0
lorenz63,edmd_poly3,16,0.1,0,1,2,-1.6576747021627807,0.0
lorenz63,edmd_poly3,16,0.1,0,x,0,-9.533827516384822,-10.0
lorenz63,edmd_poly3,16,0.1,0,x,1,26.949449804487216,28.0
lorenz63,edmd_poly3,16,0.1,0,x,2,-0.522254530795071,0.0
lorenz63,edmd_poly3,16,0.1,0,y,0,9.825992608278622,10.0
lorenz63,edmd_poly3,16,0.1,0,y,1,-0.8743567074764734,-1.0
lorenz63,edmd_poly3,16,0.1,0,y,2,0.40806578713384173,0.0
lorenz63,edmd_poly3,16,0.1,0,z,0,0.0,0.0
lorenz63,edmd_poly3,16,0.1,0,z,1,0.0,0.0
lorenz63,edmd_poly3,16,0.1,0,z,2,-2.4898807354796784,-2.6666666666666665
lorenz63,edmd_poly3,16,0.1,0,x*x,0,0.0,0.0
lorenz63,edmd_poly3,16,0.1,0,x*x,1,0.0,0.0
lorenz63,edmd_poly3,16,0.1,0,x*x,2,0.0,0.0
lorenz63,edmd_poly3,16,0.1,0,x*y,0,0.0,0.0
lorenz63,edmd_poly3,16,0.1,0,x*y,1,0.0,0.0
lorenz63,edmd_poly3,16,0.1,0,x*y,2,0.956045227205449,1.0
lorenz63,edmd_poly3,16,0.1,0,x*z,0,0.0,0.0
lorenz63,edmd_poly3,16,0.1,0,x*z,1,-0.9745480990491397,-1.0
lorenz63,edmd_poly3,16,0.1,0,x*z,2,0.0,0.0
lorenz63,edmd_poly3,16,0.1,0,y*y,0,0.0,0.0
lorenz63,edmd_poly3,16,0.1,0,y*y,1,0.0,0.0
lorenz63,edmd_poly3,16,0.1,0,y*y,2,0.0,0.0
lorenz63,edmd_poly3,16,0.1,0,y*z,0,0.0,0.0
lorenz63,edmd_poly3,16,0.1,0,y*z,1,0.0,0.0
lorenz63,edmd_poly3,16,0.1,0,y*z,2,0.0,0.0
lorenz63,edmd_poly3,16,0.1,0,z*z,0,0.0,0.0
lorenz63,edmd_poly3,16,0.1,0,z*z,1,0.0,0.0
lorenz63,edmd_poly3,16,0.1,0,z*z,2,0.0,0.0
lorenz63,edmd_poly3,16,0.1,0,x*x*x,0,0.0,0.0
lorenz63,edmd_poly3,16,0.1,0,x*x*x,1,0.0,0.0
lorenz63,edmd_poly3,16,0.1,0,x*x*x,2,0.0,0.0
lorenz63,edmd_poly3,16,0.1,0,x*x*y,0,0.0,0.0
lorenz63,edmd_poly3,16,0.1,0,x*x*y,1,0.0,0.0
lorenz63,edmd_poly3,16,0.1,0,x*x*y,2,0.0,0.0
lorenz63,edmd_poly3,16,0.1,0,x*x*z,0,0.0,0.0
lorenz63,edmd_poly3,16,0.1,0,x*x*z,1,0.0,0.0
lorenz63,edmd_poly3,16,0.1,0,x*x*z,2,0.0,0.0
lorenz63,edmd_poly3,16,0.1,0,x*y*y,0,0.0,0.0
lorenz63,edmd_poly3,16,0.1,0,x*y*y,1,0.0,0.0
lorenz63,edmd_poly3,16,0.1,0,x*y*y,2,0.0,0.0
lorenz63,edmd_poly3,16,0.1,0,x*y*z,0,0.0,0.0
lorenz63,edmd_poly3,16,0.1,0,x*y*z,1,0.0,0.0
lorenz63,edmd_poly3,16,0.1,0,x*y*z,2,0.0,0.0
lorenz63,edmd_poly3,16,0.1,0,x*z*z,0,0.0,0.0
lorenz63,edmd_poly3,16,0.1,0,x*z*z,1,0.0,0.0
lorenz63,edmd_poly3,16,0.1,0,x*z*z,2,0.0,0.0
lorenz63,edmd_poly3,16,0.1,0,y*y*y,0,0.0,0.0
lorenz63,edmd_poly3,16,0.1,0,y*y*y,1,0.0,0.0
lorenz63,edmd_poly3,16,0.1,0,y*y*y,2,0.0,0.0
lorenz63,edmd_poly3,16,0.1,0,y*y*z,0,0.0,0.0
lorenz63,edmd_poly3,16,0.1,0,y*y*z,1,0.0,0.0
lorenz63,edmd_poly3,16,0.1,0,y*y*z,2,0.0,0.0
lorenz63,edmd_poly3,16,0.1,0,y*z*z,0,0.0,0.0
lorenz63,edmd_poly3,16,0.1,0,y*z*z,1,0.0,0.0
lorenz63,edmd_poly3,16,0.1,0,y*z*z,2,0.0,0.0
lorenz63,edmd_poly3,16,0.1,0,z*z*z,0,0.0,0.0
lorenz63,edmd_poly3,16,0.1,0,z*z*z,1,0.0,0.0
lorenz63,edmd_poly3,16,0.1,0,z*z*z,2,0.0,0.0
lorenz63,tv_diff,16,0.1,0,1,0,-1.4669716319681567,0.0
lorenz63,tv_diff,16,0.1,0,1,1,2.670294218666448,0.0
lorenz63,tv_diff,16,0.1,0,1,2,23.400506988688203,0.0
lorenz63,tv_diff,16,0.1,0,x,0,-8.041160749974269,-10.0
lorenz63,tv_diff,16,0.1,0,x,1,11.449313968219778,28.0
lorenz63,tv_diff,16,0.1,0,x,2,0.0,0.0
lorenz63,tv_diff,16,0.1,0,y,0,8.31647447683081,10.0
lorenz63,tv_diff,16,0.1,0,y,1,4.85794602501452,-1.0
lorenz63,tv_diff,16,0.1,0,y,2,0.2429900317059472,0.0
lorenz63,tv_diff,16,0.1,0,z,0,0.0,0.0
lorenz63,tv_diff,16,0.1,0,z,1,0.0,0.0
lorenz63,tv_diff,16,0.1,0,z,2,-3.7824109673771997,-2.6666666666666665
lorenz63,tv_diff,16,0.1,0,x*x,0,0.0,0.0
lorenz63,tv_diff,16,0.1,0,x*x,1,0.0,0.0
lorenz63,tv_diff,16,0.1,0,x*x,2,0.6222768722389002,0.0
lorenz63,tv_diff,16,0.1,0,x*y,0,0.0,0.0
lorenz63,tv_diff,16,0.1,0,x*y,1,0.0,0.0
lorenz63,tv_diff,16,0.1,0,x*y,2,0.0,1.0
lorenz63,tv_diff,16,0.1,0,x*z,0,0.0,0.0
lorenz63,tv_diff,16,0.1,0,x*z,1,-0.5225089307375758,-1.0
lorenz63,tv_diff,16,0.1,0,x*z,2,0.0,0.0
lorenz63,tv_diff,16,0.1,0,y*y,0,0.0,0.0
lorenz63,tv_diff,16,0.1,0,y*y,1,0.0,0.0
lorenz63,tv_diff,16,0.1,0,y*y,2,0.290504186619139,0.0
lorenz63,tv_diff,16,0.1,0,y*z,0,0.0,0.0
lorenz63,tv_diff,16,0.1,0,y*z,1,-0.12834330837294414,0.0
lorenz63,tv_diff,16,0.1,0,y*z,2,0.0,0.0
lorenz63,tv_diff,16,0.1,0,z*z,0,0.0,0.0
lorenz63,tv_diff,16,0.1,0,z*z,1,0.0,0.0
lorenz63,tv_diff,16,0.1,0,z*z,2,0.0,0.0
lorenz63,tv_diff,16,0.1,0,x*x*x,0,0.0,0.0
lorenz63,tv_diff,16,0.1,0,x*x*x,1,0.0,0.0
lorenz63,tv_diff,16,0.1,0,x*x*x,2,0.0,0.0
lorenz63,tv_diff,16,0.1,0,x*x*y,0,0.0,0.0
lorenz63,tv_diff,16,0.1,0,x*x*y,1,0.0,0.0
lorenz63,tv_diff,16,0.1,0,x*x*y,2,0.0,0.0
lorenz63,tv_diff,16,0.1,0,x*x*z,0,0.0,0.0
lorenz63,tv_diff,16,0.1,0,x*x*z,1,0.0,0.0
lorenz63,tv_diff,16,0.1,0,x*x*z,2,0.0,0.0
lorenz63,tv_diff,16,0.1,0,x*y*y,0,0.0,0.0
lorenz63,tv_diff,16,0.1,0,x*y*y,1,0.0,0.0
lorenz63,tv_diff,16,0.1,0,x*y*y,2,0.0,0.0
lorenz63,tv_diff,16,0.1,0,x*y*z,0,0.0,0.0
lorenz63,tv_diff,16,0.1,0,x*y*z,1,0.0,0.0
lorenz63,tv_diff,16,0.1,0,x*y*z,2,0.0,0.0
lorenz63,tv_diff,16,0.1,0,x*z*z,0,0.0,0.0
lorenz63,tv_diff,16,0.1,0,x*z*z,1,0.0,0.0
lorenz63,tv_diff,16,0.1,0,x*z*z,2,0.0,0.0
lorenz63,tv_diff,16,0.1,0,y*y*y,0,0.0,0.0
lorenz63,tv_diff,16,0.1,0,y*y*y,1,0.0,0.0
lorenz63,tv_diff,16,0.1,0,y*y*y,2,0.0,0.0
lorenz63,tv_diff,16,0.1,0,y*y*z,0,0.0,0.0
lorenz63,tv_diff,16,0.1,0,y*y*z,1,0.0,0.0
lorenz63,tv_diff,16,0.1,0,y*y*z,2,0.0,0.0
lorenz63,tv_diff,16,0.1,0,y*z*z,0,0.0,0.0
lorenz63,tv_diff,16,0.1,0,y*z*z,1,0.0,0.0
lorenz63,tv_diff,16,0.1,0,y*z*z,2,0.0,0.0
lorenz63,tv_diff,16,0.1,0,z*z*z,0,0.0,0.0
lorenz63,tv_diff,16,0.1,0,z*z*z,1,0.0,0.0
lorenz63,tv_diff,16,0.1,0,z*z*z,2,0.0,0.0
burgers,baseline,32,0.1,0,1,0,0.0,0.0
burgers,baseline,32,0.1,0,u,0,0.0,0.0
burgers,baseline,32,0.1,0,u^2,0,0.0,0.0
burgers,baseline,32,0.1,0,u_x,0,0.0,0.0
burgers,baseline,32,0.1,0,u*u_x,0,-0.28322126930519126,-1.0
burgers,baseline,32,0.1,0,u^2*u_x,0,0.0,0.0
burgers,baseline,32,0.1,0,u_xx,0,0.0,0.05
burgers,baseline,32,0.1,0,u*u_xx,0,0.0,0.0
burgers,pod_edmd_rbf,32,0.1,0,1,0,0.00532877563270446,0.0
burgers,pod_edmd_rbf,32,0.1,0,u,0,-0.10784072625831315,0.0
burgers,pod_edmd_rbf,32,0.1,0,u^2,0,0.012977906517641807,0.0
burgers,pod_edmd_rbf,32,0.1,0,u_x,0,0.0029208763724386344,0.0
burgers,pod_edmd_rbf,32,0.1,0,u*u_x,0,-0.00627691521537862,-1.0
burgers,pod_edmd_rbf,32,0.1,0,u^2*u_x,0,0.0,0.0
burgers,pod_edmd_rbf,32,0.1,0,u_xx,0,-0.00014176406915337753,0.05
burgers,pod_edmd_rbf,32,0.1,0,u*u_xx,0,0.0,0.0
burgers,tv_diff,32,0.1,0,1,0,0.0,0.0
burgers,tv_diff,32,0.1,0,u,0,0.0,0.0
burgers,tv_diff,32,0.1,0,u^2,0,0.0,0.0
burgers,tv_diff,32,0.1,0,u_x,0,0.0,0.0
burgers,tv_diff,32,0.1,0,u*u_x,0,-0.3526222934235746,-1.0
burgers,tv_diff,32,0.1,0,u^2*u_x,0,0.0,0.0
burgers,tv_diff,32,0.1,0,u_xx,0,0.0,0.05
burgers,tv_diff,32,0.1,0,u*u_xx,0,0.0,0.0
burgers,pod_tv_diff,32,0.1,0,1,0,0.0,0.0
burgers,pod_tv_diff,32,0.1,0,u,0,0.0,0.0
burgers,pod_tv_diff,32,0.1,0,u^2,0,0.0,0.0
burgers,pod_tv_diff,32,0.1,0,u_x,0,0.0,0.0
burgers,pod_tv_diff,32,0.1,0,u*u_x,0,-0.49352438003544347,-1.0
burgers,pod_tv_diff,32,0.1,0,u^2*u_x,0,0.0,0.0
burgers,pod_tv_diff,32,0.1,0,u_xx,0,0.0,0.05
burgers,pod_tv_diff,32,0.1,0,u*u_xx,0,0.0,0.0
burgers,baseline,8,0.1,0,1,0,0.0,0.0
burgers,baseline,8,0.1,0,u,0,-0.10253554185901598,0.0
burgers,baseline,8,0.1,0,u^2,0,0.0,0.0
burgers,baseline,8,0.1,0,u_x,0,0.0,0.0
burgers,baseline,8,0.1,0,u*u_x,0,-0.2832671224282398,-1.0
burgers,baseline,8,0.1,0,u^2*u_x,0,0.0,0.0
burgers,baseline,8,0.1,0,u_xx,0,0.0,0.05
burgers,baseline,8,0.1,0,u*u_xx,0,0.0,0.0
burgers,pod_edmd_rbf,8,0.1,0,1,0,0.0,0.0
burgers,pod_edmd_rbf,8,0.1,0,u,0,0.0,0.0
burgers,pod_edmd_rbf,8,0.1,0,u^2,0,0.0,0.0
burgers,pod_edmd_rbf,8,0.1,0,u_x,0,0.0,0.0
burgers,pod_edmd_rbf,8,0.1,0,u*u_x,0,-0.2469923110030362,-1.0
burgers,pod_edmd_rbf,8,0.1,0,u^2*u_x,0,0.0,0.0
burgers,pod_edmd_rbf,8,0.1,0,u_xx,0,0.0,0.05
burgers,pod_edmd_rbf,8,0.1,0,u*u_xx,0,0.0,0.0
burgers,tv_diff,8,0.1,0,1,0,0.0,0.0
burgers,tv_diff,8,0.1,0,u,0,0.0,0.0
burgers,tv_diff,8,0.1,0,u^2,0,0.0,0.0
burgers,tv_diff,8,0.1,0,u_x,0,0.0,0.0
burgers,tv_diff,8,0.1,0,u*u_x,0,-0.6624368772021754,-1.0
burgers,tv_diff,8,0.1,0,u^2*u_x,0,0.0,0.0
burgers,tv_diff,8,0.1,0,u_xx,0,0.0,0.05
burgers,tv_diff,8,0.1,0,u*u_xx,0,0.0,0.0
burgers,pod_tv_diff,8,0.1,0,1,0,0.0,0.0
burgers,pod_tv_diff,8,0.1,0,u,0,0.0,0.0
burgers,pod_tv_diff,8,0.1,0,u^2,0,0.0,0.0
burgers,pod_tv_diff,8,0.1,0,u_x,0,0.0,0.0
burgers,pod_tv_diff,8,0.1,0,u*u_x,0,-0.6670693655944758,-1.0
burgers,pod_tv_diff,8,0.1,0,u^2*u_x,0,0.0,0.0
burgers,pod_tv_diff,8,0.1,0,u_xx,0,0.0,0.05
burgers,pod_tv_diff,8,0.1,0,u*u_xx,0,0.0,0.0
