support_f1,coef_error,practical_score,threshold,status,setting,system,system_label,method,method_label,q,pod_rank,sparse_factor,noise,seed
0.4,0.9119870727364746,0.20920643539054473,1.0,ok,ODE,lorenz63,Lorenz-63,baseline,Baseline,1,0,16,0.03,0
0.6666666666666666,1.1852962869498682,0.30506923507254385,1.0,ok,ODE,lorenz63,Lorenz-63,baseline,Baseline,1,0,16,0.03,1
0.6666666666666666,1.1963289000181345,0.3035368093827669,1.0,ok,ODE,lorenz63,Lorenz-63,baseline,Baseline,1,0,16,0.03,2
0.4,0.9115967260465908,0.2092491551956398,1.0,ok,ODE,lorenz63,Lorenz-63,baseline,Baseline,1,0,16,0.03,3
0.6666666666666666,1.1868753221139776,0.3048489595749897,1.0,ok,ODE,lorenz63,Lorenz-63,baseline,Baseline,1,0,16,0.03,4
0.4,0.9119870727364746,0.20920643539054473,1.0,ok,ODE,lorenz63,Lorenz-63,edmd_poly3,EDMD-polynomial,1,0,16,0.03,0
0.6666666666666666,1.1852962869498682,0.30506923507254385,1.0,ok,ODE,lorenz63,Lorenz-63,edmd_poly3,EDMD-polynomial,1,0,16,0.03,1
0.6666666666666666,1.1963289000181345,0.3035368093827669,1.0,ok,ODE,lorenz63,Lorenz-63,edmd_poly3,EDMD-polynomial,1,0,16,0.03,2
0.4,0.9115967260465908,0.2092491551956398,1.0,ok,ODE,lorenz63,Lorenz-63,edmd_poly3,EDMD-polynomial,1,0,16,0.03,3
0.6666666666666666,1.1868753221139776,0.3048489595749897,1.0,ok,ODE,lorenz63,Lorenz-63,edmd_poly3,EDMD-polynomial,1,0,16,0.03,4
0.5714285714285714,0.8351227392549001,0.3113843881966085,0.3,ok,ODE,lorenz63,Lorenz-63,edmd_poly3,EDMD-polynomial,3,0,16,0.03,0
0.5714285714285714,1.2969711958598205,0.24877480939183902,1.0,ok,ODE,lorenz63,Lorenz-63,edmd_poly3,EDMD-polynomial,3,0,16,0.03,1
0.631578947368421,0.4538569343592287,0.4344161605191108,0.3,ok,ODE,lorenz63,Lorenz-63,edmd_poly3,EDMD-polynomial,3,0,16,0.03,2
0.5714285714285714,1.261358004623554,0.2526926608967856,1.0,ok,ODE,lorenz63,Lorenz-63,edmd_poly3,EDMD-polynomial,3,0,16,0.03,3
0.5185185185185185,1.5807827023931968,0.2009152177119324,0.1,ok,ODE,lorenz63,Lorenz-63,edmd_poly3,EDMD-polynomial,3,0,16,0.03,4
0.5454545454545454,0.8117089939103841,0.301071831783116,0.3,ok,ODE,lorenz63,Lorenz-63,edmd_poly3,EDMD-polynomial,5,0,16,0.03,0
0.6,1.2990264338083908,0.26098003536483316,0.3,ok,ODE,lorenz63,Lorenz-63,edmd_poly3,EDMD-polynomial,5,0,16,0.03,1
0.631578947368421,0.42429452517702015,0.4434328267111217,0.3,ok,ODE,lorenz63,Lorenz-63,edmd_poly3,EDMD-polynomial,5,0,16,0.03,2
0.42857142857142855,1.0298618533449821,0.2111332984878707,0.1,ok,ODE,lorenz63,Lorenz-63,edmd_poly3,EDMD-polynomial,5,0,16,0.03,3
0.48,1.6375602316258442,0.18198636537074206,0.1,ok,ODE,lorenz63,Lorenz-63,edmd_poly3,EDMD-polynomial,5,0,16,0.03,4
0.4827586206896552,2.342207736036662,0.14444303251542698,0.1,ok,ODE,lorenz63,Lorenz-63,edmd_poly3,EDMD-polynomial,7,0,16,0.03,0
0.631578947368421,1.3000007113772956,0.2745994574020007,0.3,ok,ODE,lorenz63,Lorenz-63,edmd_poly3,EDMD-polynomial,7,0,16,0.03,1
0.6,0.5486799789953762,0.38742671703499265,0.3,ok,ODE,lorenz63,Lorenz-63,edmd_poly3,EDMD-polynomial,7,0,16,0.03,2
0.7058823529411765,2.1338510576720333,0.2252443846088646,0.3,ok,ODE,lorenz63,Lorenz-63,edmd_poly3,EDMD-polynomial,7,0,16,0.03,3
0.631578947368421,2.710779342031751,0.17020115969024843,0.3,ok,ODE,lorenz63,Lorenz-63,edmd_poly3,EDMD-polynomial,7,0,16,0.03,4
1.0,0.11574155372589526,0.8962649071020173,0.3,ok,ODE,vanderpol_mu2,Van der Pol,baseline,Baseline,1,0,16,0.03,0
1.0,0.1184271299022766,0.8941127886332441,0.3,ok,ODE,vanderpol_mu2,Van der Pol,baseline,Baseline,1,0,16,0.03,1
1.0,0.09548250973461052,0.9128397679687812,0.1,ok,ODE,vanderpol_mu2,Van der Pol,baseline,Baseline,1,0,16,0.03,2
1.0,0.12261565487233812,0.8907768172124041,0.3,ok,ODE,vanderpol_mu2,Van der Pol,baseline,Baseline,1,0,16,0.03,3
1.0,0.10673103874356817,0.903561899858943,0.3,ok,ODE,vanderpol_mu2,Van der Pol,baseline,Baseline,1,0,16,0.03,4
1.0,0.11574155372589526,0.8962649071020173,0.3,ok,ODE,vanderpol_mu2,Van der Pol,edmd_poly3,EDMD-polynomial,1,0,16,0.03,0
1.0,0.1184271299022766,0.8941127886332441,0.3,ok,ODE,vanderpol_mu2,Van der Pol,edmd_poly3,EDMD-polynomial,1,0,16,0.03,1
1.0,0.09548250973461052,0.9128397679687812,0.1,ok,ODE,vanderpol_mu2,Van der Pol,edmd_poly3,EDMD-polynomial,1,0,16,0.03,2
1.0,0.12261565487233812,0.8907768172124041,0.3,ok,ODE,vanderpol_mu2,Van der Pol,edmd_poly3,EDMD-polynomial,1,0,16,0.03,3
1.0,0.10673103874356817,0.903561899858943,0.3,ok,ODE,vanderpol_mu2,Van der Pol,edmd_poly3,EDMD-polynomial,1,0,16,0.03,4
1.0,0.010207823455465531,0.989895323300359,0.1,ok,ODE,vanderpol_mu2,Van der Pol,edmd_poly3,EDMD-polynomial,3,0,16,0.03,0
1.0,0.01682548836767103,0.9834529242626664,0.1,ok,ODE,vanderpol_mu2,Van der Pol,edmd_poly3,EDMD-polynomial,3,0,16,0.03,1
1.0,0.009539851409011578,0.9905502973501277,0.1,ok,ODE,vanderpol_mu2,Van der Pol,edmd_poly3,EDMD-polynomial,3,0,16,0.03,2
1.0,0.022103998432404286,0.9783740221481326,0.1,ok,ODE,vanderpol_mu2,Van der Pol,edmd_poly3,EDMD-polynomial,3,0,16,0.03,3
1.0,0.00873859458173313,0.9913371069287217,0.1,ok,ODE,vanderpol_mu2,Van der Pol,edmd_poly3,EDMD-polynomial,3,0,16,0.03,4
1.0,0.003309667466583495,0.9967012502979856,0.1,ok,ODE,vanderpol_mu2,Van der Pol,edmd_poly3,EDMD-polynomial,5,0,16,0.03,0
1.0,0.009337639308953243,0.9907487455680873,0.1,ok,ODE,vanderpol_mu2,Van der Pol,edmd_poly3,EDMD-polynomial,5,0,16,0.03,1
1.0,0.01567383286309226,0.9845680450200147,0.1,ok,ODE,vanderpol_mu2,Van der Pol,edmd_poly3,EDMD-polynomial,5,0,16,0.03,2
1.0,0.0129042613077257,0.9872601372107316,0.1,ok,ODE,vanderpol_mu2,Van der Pol,edmd_poly3,EDMD-polynomial,5,0,16,0.03,3
1.0,0.007491611832338771,0.9925640950809371,0.1,ok,ODE,vanderpol_mu2,Van der Pol,edmd_poly3,EDMD-polynomial,5,0,16,0.03,4
1.0,0.00448451854241277,0.9955355025790541,0.1,ok,ODE,vanderpol_mu2,Van der Pol,edmd_poly3,EDMD-polynomial,7,0,16,0.03,0
1.0,0.007930136470954405,0.992132255814158,0.1,ok,ODE,vanderpol_mu2,Van der Pol,edmd_poly3,EDMD-polynomial,7,0,16,0.03,1
1.0,0.01799470035375138,0.9823233850357982,0.1,ok,ODE,vanderpol_mu2,Van der Pol,edmd_poly3,EDMD-polynomial,7,0,16,0.03,2
1.0,0.0101766469499893,0.9899258738749154,0.1,ok,ODE,vanderpol_mu2,Van der Pol,edmd_poly3,EDMD-polynomial,7,0,16,0.03,3
1.0,0.009147733419810686,0.9909351890542223,0.1,ok,ODE,vanderpol_mu2,Van der Pol,edmd_poly3,EDMD-polynomial,7,0,16,0.03,4
0.6666666666666666,0.30397425628215674,0.5112575370678267,0.1,ok,PDE,burgers,Burgers,baseline,Baseline,1,0,8,0.03,0
0.6666666666666666,0.29415671751848044,0.5151359627796752,0.1,ok,PDE,burgers,Burgers,baseline,Baseline,1,0,8,0.03,1
0.6666666666666666,0.2899029358310213,0.5168347541105223,0.1,ok,PDE,burgers,Burgers,baseline,Baseline,1,0,8,0.03,2
0.6666666666666666,0.28632388301809125,0.5182727892002379,0.1,ok,PDE,burgers,Burgers,baseline,Baseline,1,0,8,0.03,3
0.6666666666666666,0.28113499579036294,0.5203719115138089,0.1,ok,PDE,burgers,Burgers,baseline,Baseline,1,0,8,0.03,4
0.6666666666666666,0.5579764486271108,0.4279054842286823,0.1,ok,PDE,burgers,Burgers,pod_edmd_rbf,POD-EDMD-RBF,1,1,8,0.03,0
0.6666666666666666,0.5571539322929435,0.4281315114973799,0.07,ok,PDE,burgers,Burgers,pod_edmd_rbf,POD-EDMD-RBF,1,1,8,0.03,1
0.6666666666666666,0.5673683944923973,0.4253413996411297,0.07,ok,PDE,burgers,Burgers,pod_edmd_rbf,POD-EDMD-RBF,1,1,8,0.03,2
0.6666666666666666,0.5557287158391276,0.4285237264564346,0.1,ok,PDE,burgers,Burgers,pod_edmd_rbf,POD-EDMD-RBF,1,1,8,0.03,3
0.6666666666666666,0.5527890299772499,0.4293349925819827,0.07,ok,PDE,burgers,Burgers,pod_edmd_rbf,POD-EDMD-RBF,1,1,8,0.03,4
0.6666666666666666,0.2908167523395423,0.516468867837643,0.07,ok,PDE,burgers,Burgers,pod_edmd_rbf,POD-EDMD-RBF,1,2,8,0.03,0
0.6666666666666666,0.28459747393359847,0.5189693115503721,0.07,ok,PDE,burgers,Burgers,pod_edmd_rbf,POD-EDMD-RBF,1,2,8,0.03,1
0.6666666666666666,0.2885083675068909,0.5173941306695483,0.05,ok,PDE,burgers,Burgers,pod_edmd_rbf,POD-EDMD-RBF,1,2,8,0.03,2
0.6666666666666666,0.2870201003127759,0.5179924280161988,0.07,ok,PDE,burgers,Burgers,pod_edmd_rbf,POD-EDMD-RBF,1,2,8,0.03,3
0.6666666666666666,0.28585539277197086,0.5184616173903553,0.07,ok,PDE,burgers,Burgers,pod_edmd_rbf,POD-EDMD-RBF,1,2,8,0.03,4
0.6666666666666666,0.19883939539986525,0.5560933926802633,0.07,ok,PDE,burgers,Burgers,pod_edmd_rbf,POD-EDMD-RBF,1,4,8,0.03,0
0.6666666666666666,0.19893671069294694,0.5560482556926251,0.07,ok,PDE,burgers,Burgers,pod_edmd_rbf,POD-EDMD-RBF,1,4,8,0.03,1
0.6666666666666666,0.2074322732508936,0.5521358683512175,0.07,ok,PDE,burgers,Burgers,pod_edmd_rbf,POD-EDMD-RBF,1,4,8,0.03,2
0.6666666666666666,0.18747474368509723,0.5614154492227734,0.07,ok,PDE,burgers,Burgers,pod_edmd_rbf,POD-EDMD-RBF,1,4,8,0.03,3
0.6666666666666666,0.19618847709599888,0.5573257721769243,0.07,ok,PDE,burgers,Burgers,pod_edmd_rbf,POD-EDMD-RBF,1,4,8,0.03,4
0.6666666666666666,0.19402796940186157,0.558334213059203,0.07,ok,PDE,burgers,Burgers,pod_edmd_rbf,POD-EDMD-RBF,1,5,8,0.03,0
0.6666666666666666,0.19527082940792925,0.5577536490176843,0.07,ok,PDE,burgers,Burgers,pod_edmd_rbf,POD-EDMD-RBF,1,5,8,0.03,1
0.6666666666666666,0.2015921701845369,0.5548194164450007,0.07,ok,PDE,burgers,Burgers,pod_edmd_rbf,POD-EDMD-RBF,1,5,8,0.03,2
0.6666666666666666,0.1854677729051609,0.5623659131896123,0.07,ok,PDE,burgers,Burgers,pod_edmd_rbf,POD-EDMD-RBF,1,5,8,0.03,3
0.6666666666666666,0.1868528813064539,0.5617096079615351,0.07,ok,PDE,burgers,Burgers,pod_edmd_rbf,POD-EDMD-RBF,1,5,8,0.03,4
0.6666666666666666,0.19809884703222405,0.5564371156170022,0.1,ok,PDE,burgers,Burgers,pod_edmd_rbf,POD-EDMD-RBF,1,6,8,0.03,0
0.6666666666666666,0.19732062127875327,0.5567987845683793,0.07,ok,PDE,burgers,Burgers,pod_edmd_rbf,POD-EDMD-RBF,1,6,8,0.03,1
0.6666666666666666,0.19866150140124506,0.5561759227999964,0.07,ok,PDE,burgers,Burgers,pod_edmd_rbf,POD-EDMD-RBF,1,6,8,0.03,2
0.6666666666666666,0.19962415792837773,0.5557296110291147,0.1,ok,PDE,burgers,Burgers,pod_edmd_rbf,POD-EDMD-RBF,1,6,8,0.03,3
0.6666666666666666,0.18727432693953466,0.5615102184388583,0.07,ok,PDE,burgers,Burgers,pod_edmd_rbf,POD-EDMD-RBF,1,6,8,0.03,4
0.6666666666666666,0.22560419838482412,0.5439493986274203,0.1,ok,PDE,burgers,Burgers,pod_edmd_rbf,POD-EDMD-RBF,1,8,8,0.03,0
0.6666666666666666,0.2229276664840064,0.5451399006969685,0.1,ok,PDE,burgers,Burgers,pod_edmd_rbf,POD-EDMD-RBF,1,8,8,0.03,1
0.6666666666666666,0.21789235362976872,0.547393753380382,0.1,ok,PDE,burgers,Burgers,pod_edmd_rbf,POD-EDMD-RBF,1,8,8,0.03,2
0.6666666666666666,0.21722220548262844,0.5476951239172747,0.1,ok,PDE,burgers,Burgers,pod_edmd_rbf,POD-EDMD-RBF,1,8,8,0.03,3
0.6666666666666666,0.20581380301176097,0.5528769574552335,0.1,ok,PDE,burgers,Burgers,pod_edmd_rbf,POD-EDMD-RBF,1,8,8,0.03,4
0.6666666666666666,0.25204043637456475,0.5324641659314782,0.1,ok,PDE,burgers,Burgers,pod_edmd_rbf,POD-EDMD-RBF,1,10,8,0.03,0
0.6666666666666666,0.24220892508283054,0.5366783744708752,0.1,ok,PDE,burgers,Burgers,pod_edmd_rbf,POD-EDMD-RBF,1,10,8,0.03,1
0.6666666666666666,0.2339762987732004,0.5402588909766387,0.1,ok,PDE,burgers,Burgers,pod_edmd_rbf,POD-EDMD-RBF,1,10,8,0.03,2
0.6666666666666666,0.23165443905095073,0.5412773628131974,0.1,ok,PDE,burgers,Burgers,pod_edmd_rbf,POD-EDMD-RBF,1,10,8,0.03,3
0.6666666666666666,0.22311091709186337,0.545058225996192,0.1,ok,PDE,burgers,Burgers,pod_edmd_rbf,POD-EDMD-RBF,1,10,8,0.03,4
0.6666666666666666,0.2663049329349231,0.5264661372845868,0.1,ok,PDE,burgers,Burgers,pod_edmd_rbf,POD-EDMD-RBF,1,12,8,0.03,0
0.6666666666666666,0.2527701433518753,0.5321540189990103,0.1,ok,PDE,burgers,Burgers,pod_edmd_rbf,POD-EDMD-RBF,1,12,8,0.03,1
0.6666666666666666,0.24401662555885079,0.5358985185324026,0.1,ok,PDE,burgers,Burgers,pod_edmd_rbf,POD-EDMD-RBF,1,12,8,0.03,2
0.6666666666666666,0.24231877682174946,0.5366309188147459,0.1,ok,PDE,burgers,Burgers,pod_edmd_rbf,POD-EDMD-RBF,1,12,8,0.03,3
0.6666666666666666,0.2350742741085846,0.539778603313419,0.1,ok,PDE,burgers,Burgers,pod_edmd_rbf,POD-EDMD-RBF,1,12,8,0.03,4
0.6666666666666666,0.5745888388896162,0.42339095146691946,0.07,ok,PDE,burgers,Burgers,pod_edmd_rbf,POD-EDMD-RBF,3,1,8,0.03,0
0.6666666666666666,0.5740294097889942,0.423541429734808,0.07,ok,PDE,burgers,Burgers,pod_edmd_rbf,POD-EDMD-RBF,3,1,8,0.03,1
0.6666666666666666,0.5830500248144875,0.4211279847235347,0.07,ok,PDE,burgers,Burgers,pod_edmd_rbf,POD-EDMD-RBF,3,1,8,0.03,2
0.6666666666666666,0.5718817630136152,0.4241201102737726,0.1,ok,PDE,burgers,Burgers,pod_edmd_rbf,POD-EDMD-RBF,3,1,8,0.03,3
0.6666666666666666,0.5690493147385648,0.424885732019039,0.07,ok,PDE,burgers,Burgers,pod_edmd_rbf,POD-EDMD-RBF,3,1,8,0.03,4
0.6666666666666666,0.30712507677298256,0.5100251525374502,0.07,ok,PDE,burgers,Burgers,pod_edmd_rbf,POD-EDMD-RBF,3,2,8,0.03,0
0.6666666666666666,0.30212322416950016,0.5119843147655012,0.07,ok,PDE,burgers,Burgers,pod_edmd_rbf,POD-EDMD-RBF,3,2,8,0.03,1
0.6666666666666666,0.30549057911860045,0.5106637131895394,0.05,ok,PDE,burgers,Burgers,pod_edmd_rbf,POD-EDMD-RBF,3,2,8,0.03,2
0.6666666666666666,0.3025665179144063,0.5118100745703908,0.07,ok,PDE,burgers,Burgers,pod_edmd_rbf,POD-EDMD-RBF,3,2,8,0.03,3
0.6666666666666666,0.3009981653821061,0.5124270613178499,0.07,ok,PDE,burgers,Burgers,pod_edmd_rbf,POD-EDMD-RBF,3,2,8,0.03,4
0.6666666666666666,0.20806790227332927,0.5518453601922049,0.07,ok,PDE,burgers,Burgers,pod_edmd_rbf,POD-EDMD-RBF,3,4,8,0.03,0
0.6666666666666666,0.20276545122546977,0.5542781977877861,0.07,ok,PDE,burgers,Burgers,pod_edmd_rbf,POD-EDMD-RBF,3,4,8,0.03,1
0.6666666666666666,0.21561780844093323,0.5484179830515044,0.07,ok,PDE,burgers,Burgers,pod_edmd_rbf,POD-EDMD-RBF,3,4,8,0.03,2
0.6666666666666666,0.19384776556088573,0.5584184901108038,0.07,ok,PDE,burgers,Burgers,pod_edmd_rbf,POD-EDMD-RBF,3,4,8,0.03,3
0.6666666666666666,0.20202367976890218,0.554620244082744,0.07,ok,PDE,burgers,Burgers,pod_edmd_rbf,POD-EDMD-RBF,3,4,8,0.03,4
0.6666666666666666,0.19625252481305058,0.5572959327888171,0.07,ok,PDE,burgers,Burgers,pod_edmd_rbf,POD-EDMD-RBF,3,5,8,0.03,0
0.6666666666666666,0.19885812909239461,0.5560847030093312,0.07,ok,PDE,burgers,Burgers,pod_edmd_rbf,POD-EDMD-RBF,3,5,8,0.03,1
0.6666666666666666,0.20616492350049473,0.5527160122778957,0.07,ok,PDE,burgers,Burgers,pod_edmd_rbf,POD-EDMD-RBF,3,5,8,0.03,2
0.6666666666666666,0.18794576263137125,0.5611928487290193,0.07,ok,PDE,burgers,Burgers,pod_edmd_rbf,POD-EDMD-RBF,3,5,8,0.03,3
0.6666666666666666,0.1889231532268386,0.5607315030052838,0.07,ok,PDE,burgers,Burgers,pod_edmd_rbf,POD-EDMD-RBF,3,5,8,0.03,4
0.6666666666666666,0.19878845263107298,0.5561170239865776,0.1,ok,PDE,burgers,Burgers,pod_edmd_rbf,POD-EDMD-RBF,3,6,8,0.03,0
0.6666666666666666,0.19533229312405506,0.5577249694512169,0.07,ok,PDE,burgers,Burgers,pod_edmd_rbf,POD-EDMD-RBF,3,6,8,0.03,1
0.6666666666666666,0.19898603065693887,0.5560253827989905,0.07,ok,PDE,burgers,Burgers,pod_edmd_rbf,POD-EDMD-RBF,3,6,8,0.03,2
0.6666666666666666,0.20303148573509677,0.5541556264916114,0.1,ok,PDE,burgers,Burgers,pod_edmd_rbf,POD-EDMD-RBF,3,6,8,0.03,3
0.6666666666666666,0.18664667904783025,0.561807215608274,0.07,ok,PDE,burgers,Burgers,pod_edmd_rbf,POD-EDMD-RBF,3,6,8,0.03,4
0.6666666666666666,0.22194524726744977,0.5455781821300802,0.1,ok,PDE,burgers,Burgers,pod_edmd_rbf,POD-EDMD-RBF,3,8,8,0.03,0
0.6666666666666666,0.23365809310607236,0.5403982435588378,0.1,ok,PDE,burgers,Burgers,pod_edmd_rbf,POD-EDMD-RBF,3,8,8,0.03,1
0.6666666666666666,0.2236589909668542,0.5448140957473052,0.1,ok,PDE,burgers,Burgers,pod_edmd_rbf,POD-EDMD-RBF,3,8,8,0.03,2
0.6666666666666666,0.3055513100527706,0.5106399584093864,0.1,ok,PDE,burgers,Burgers,pod_edmd_rbf,POD-EDMD-RBF,3,8,8,0.03,3
0.6666666666666666,0.20731054880026567,0.5521915362448789,0.1,ok,PDE,burgers,Burgers,pod_edmd_rbf,POD-EDMD-RBF,3,8,8,0.03,4
0.6666666666666666,0.2627409377559134,0.5279520499679347,0.1,ok,PDE,burgers,Burgers,pod_edmd_rbf,POD-EDMD-RBF,3,10,8,0.03,0
0.6666666666666666,0.258903386214282,0.5295614214458798,0.1,ok,PDE,burgers,Burgers,pod_edmd_rbf,POD-EDMD-RBF,3,10,8,0.03,1
0.6666666666666666,0.23836042338332597,0.5383462310958436,0.1,ok,PDE,burgers,Burgers,pod_edmd_rbf,POD-EDMD-RBF,3,10,8,0.03,2
0.6666666666666666,0.2503885009199251,0.5331676244432769,0.1,ok,PDE,burgers,Burgers,pod_edmd_rbf,POD-EDMD-RBF,3,10,8,0.03,3
0.6666666666666666,0.24531727551611032,0.5353388086504884,0.1,ok,PDE,burgers,Burgers,pod_edmd_rbf,POD-EDMD-RBF,3,10,8,0.03,4
0.6666666666666666,0.26512576414793665,0.5269568335094869,0.1,ok,PDE,burgers,Burgers,pod_edmd_rbf,POD-EDMD-RBF,3,12,8,0.03,0
0.6666666666666666,0.24816281546735036,0.5341183525140077,0.1,ok,PDE,burgers,Burgers,pod_edmd_rbf,POD-EDMD-RBF,3,12,8,0.03,1
0.6666666666666666,0.2575279713293617,0.5301406265833737,0.1,ok,PDE,burgers,Burgers,pod_edmd_rbf,POD-EDMD-RBF,3,12,8,0.03,2
0.6666666666666666,0.24356046516366303,0.5360950957691692,0.1,ok,PDE,burgers,Burgers,pod_edmd_rbf,POD-EDMD-RBF,3,12,8,0.03,3
0.6666666666666666,0.2487276802830632,0.5338767428584156,0.1,ok,PDE,burgers,Burgers,pod_edmd_rbf,POD-EDMD-RBF,3,12,8,0.03,4
0.6666666666666666,0.5776854033197493,0.422559950966063,0.07,ok,PDE,burgers,Burgers,pod_edmd_rbf,POD-EDMD-RBF,5,1,8,0.03,0
0.6666666666666666,0.577154858230087,0.42270209750665355,0.07,ok,PDE,burgers,Burgers,pod_edmd_rbf,POD-EDMD-RBF,5,1,8,0.03,1
0.6666666666666666,0.5861645154832107,0.4203010848868805,0.07,ok,PDE,burgers,Burgers,pod_edmd_rbf,POD-EDMD-RBF,5,1,8,0.03,2
0.6666666666666666,0.5750978398115543,0.4232541305157444,0.1,ok,PDE,burgers,Burgers,pod_edmd_rbf,POD-EDMD-RBF,5,1,8,0.03,3
0.6666666666666666,0.5721736752755925,0.42404136206504284,0.07,ok,PDE,burgers,Burgers,pod_edmd_rbf,POD-EDMD-RBF,5,1,8,0.03,4
0.6666666666666666,0.3103938424354797,0.5087528993784107,0.07,ok,PDE,burgers,Burgers,pod_edmd_rbf,POD-EDMD-RBF,5,2,8,0.03,0
0.6666666666666666,0.30558596124508247,0.5106264056568858,0.07,ok,PDE,burgers,Burgers,pod_edmd_rbf,POD-EDMD-RBF,5,2,8,0.03,1
0.6666666666666666,0.3088831726591572,0.5093400851905302,0.05,ok,PDE,burgers,Burgers,pod_edmd_rbf,POD-EDMD-RBF,5,2,8,0.03,2
0.6666666666666666,0.3060121966302909,0.5104597555725494,0.07,ok,PDE,burgers,Burgers,pod_edmd_rbf,POD-EDMD-RBF,5,2,8,0.03,3
0.6666666666666666,0.3042402237210143,0.511153278776097,0.07,ok,PDE,burgers,Burgers,pod_edmd_rbf,POD-EDMD-RBF,5,2,8,0.03,4
0.6666666666666666,0.20999236615296615,0.5509676633632474,0.07,ok,PDE,burgers,Burgers,pod_edmd_rbf,POD-EDMD-RBF,5,4,8,0.03,0
0.6666666666666666,0.20442450048570354,0.5535147005045336,0.07,ok,PDE,burgers,Burgers,pod_edmd_rbf,POD-EDMD-RBF,5,4,8,0.03,1
0.6666666666666666,0.21835191405855492,0.5471872773161878,0.07,ok,PDE,burgers,Burgers,pod_edmd_rbf,POD-EDMD-RBF,5,4,8,0.03,2
0.6666666666666666,0.19566109753539265,0.557571596199677,0.07,ok,PDE,burgers,Burgers,pod_edmd_rbf,POD-EDMD-RBF,5,4,8,0.03,3
0.6666666666666666,0.19867926941221292,0.5561676786097877,0.07,ok,PDE,burgers,Burgers,pod_edmd_rbf,POD-EDMD-RBF,5,4,8,0.03,4
0.6666666666666666,0.1983487522837515,0.5563210754767071,0.07,ok,PDE,burgers,Burgers,pod_edmd_rbf,POD-EDMD-RBF,5,5,8,0.03,0
0.6666666666666666,0.20003342936137808,0.5555400794304928,0.07,ok,PDE,burgers,Burgers,pod_edmd_rbf,POD-EDMD-RBF,5,5,8,0.03,1
0.6666666666666666,0.2083376541590609,0.5517221650521446,0.07,ok,PDE,burgers,Burgers,pod_edmd_rbf,POD-EDMD-RBF,5,5,8,0.03,2
0.6666666666666666,0.18966582585353806,0.5603814551774317,0.07,ok,PDE,burgers,Burgers,pod_edmd_rbf,POD-EDMD-RBF,5,5,8,0.03,3
0.6666666666666666,0.19029672535988312,0.5600844331190625,0.07,ok,PDE,burgers,Burgers,pod_edmd_rbf,POD-EDMD-RBF,5,5,8,0.03,4
0.6666666666666666,0.19999300015315136,0.5555587962442965,0.1,ok,PDE,burgers,Burgers,pod_edmd_rbf,POD-EDMD-RBF,5,6,8,0.03,0
0.6666666666666666,0.19678306881097382,0.5570488788156173,0.07,ok,PDE,burgers,Burgers,pod_edmd_rbf,POD-EDMD-RBF,5,6,8,0.03,1
0.6666666666666666,0.2009520529857935,0.5551151397003797,0.07,ok,PDE,burgers,Burgers,pod_edmd_rbf,POD-EDMD-RBF,5,6,8,0.03,2
0.6666666666666666,0.20479424391134254,0.5533448304852,0.1,ok,PDE,burgers,Burgers,pod_edmd_rbf,POD-EDMD-RBF,5,6,8,0.03,3
0.6666666666666666,0.1874783242786714,0.5614137563914107,0.07,ok,PDE,burgers,Burgers,pod_edmd_rbf,POD-EDMD-RBF,5,6,8,0.03,4
0.6666666666666666,0.22402379101678355,0.5446517229153477,0.1,ok,PDE,burgers,Burgers,pod_edmd_rbf,POD-EDMD-RBF,5,8,8,0.03,0
0.6666666666666666,0.23434432819746184,0.540097808558989,0.1,ok,PDE,burgers,Burgers,pod_edmd_rbf,POD-EDMD-RBF,5,8,8,0.03,1
0.6666666666666666,0.22542390808900845,0.5440294270953978,0.1,ok,PDE,burgers,Burgers,pod_edmd_rbf,POD-EDMD-RBF,5,8,8,0.03,2
0.6666666666666666,0.2961583684707039,0.5143404408623659,0.1,ok,PDE,burgers,Burgers,pod_edmd_rbf,POD-EDMD-RBF,5,8,8,0.03,3
0.6666666666666666,0.20936037701806598,0.5512555887687295,0.1,ok,PDE,burgers,Burgers,pod_edmd_rbf,POD-EDMD-RBF,5,8,8,0.03,4
0.6666666666666666,0.2633625919034788,0.5276922642312969,0.1,ok,PDE,burgers,Burgers,pod_edmd_rbf,POD-EDMD-RBF,5,10,8,0.03,0
0.6666666666666666,0.26408208420817436,0.5273919114867205,0.1,ok,PDE,burgers,Burgers,pod_edmd_rbf,POD-EDMD-RBF,5,10,8,0.03,1
0.6666666666666666,0.24163523408922355,0.5369263438756121,0.1,ok,PDE,burgers,Burgers,pod_edmd_rbf,POD-EDMD-RBF,5,10,8,0.03,2
0.6666666666666666,0.25623301315184194,0.5306871095466793,0.1,ok,PDE,burgers,Burgers,pod_edmd_rbf,POD-EDMD-RBF,5,10,8,0.03,3
0.6666666666666666,0.2515724497189924,0.5326632643730286,0.1,ok,PDE,burgers,Burgers,pod_edmd_rbf,POD-EDMD-RBF,5,10,8,0.03,4
0.6666666666666666,0.2668639841647326,0.5262338143634359,0.1,ok,PDE,burgers,Burgers,pod_edmd_rbf,POD-EDMD-RBF,5,12,8,0.03,0
0.6666666666666666,0.24975739261401916,0.5334368659122332,0.1,ok,PDE,burgers,Burgers,pod_edmd_rbf,POD-EDMD-RBF,5,12,8,0.03,1
0.6666666666666666,0.2727096521504309,0.5238167759160425,0.1,ok,PDE,burgers,Burgers,pod_edmd_rbf,POD-EDMD-RBF,5,12,8,0.03,2
0.6666666666666666,0.24517509014133335,0.53539993848656,0.1,ok,PDE,burgers,Burgers,pod_edmd_rbf,POD-EDMD-RBF,5,12,8,0.03,3
0.6666666666666666,0.2501572510034756,0.5332662480112378,0.1,ok,PDE,burgers,Burgers,pod_edmd_rbf,POD-EDMD-RBF,5,12,8,0.03,4
0.6666666666666666,0.5759376588103491,0.4230285779006785,0.07,ok,PDE,burgers,Burgers,pod_edmd_rbf,POD-EDMD-RBF,7,1,8,0.03,0
0.6666666666666666,0.5810401014580262,0.42166335063346616,0.07,ok,PDE,burgers,Burgers,pod_edmd_rbf,POD-EDMD-RBF,7,1,8,0.03,1
0.6666666666666666,0.5865919047955318,0.4201878659859806,0.07,ok,PDE,burgers,Burgers,pod_edmd_rbf,POD-EDMD-RBF,7,1,8,0.03,2
0.6666666666666666,0.5767307613970645,0.42281579264424685,0.1,ok,PDE,burgers,Burgers,pod_edmd_rbf,POD-EDMD-RBF,7,1,8,0.03,3
0.6666666666666666,0.5720334153528711,0.42407919587194104,0.07,ok,PDE,burgers,Burgers,pod_edmd_rbf,POD-EDMD-RBF,7,1,8,0.03,4
0.6666666666666666,0.31338952421390787,0.507592495886307,0.07,ok,PDE,burgers,Burgers,pod_edmd_rbf,POD-EDMD-RBF,7,2,8,0.03,0
0.6666666666666666,0.30808557828866057,0.5096506510979594,0.07,ok,PDE,burgers,Burgers,pod_edmd_rbf,POD-EDMD-RBF,7,2,8,0.03,1
0.6666666666666666,0.3096316253760261,0.5090489980151869,0.05,ok,PDE,burgers,Burgers,pod_edmd_rbf,POD-EDMD-RBF,7,2,8,0.03,2
0.6666666666666666,0.30973204752380407,0.5090099672884045,0.07,ok,PDE,burgers,Burgers,pod_edmd_rbf,POD-EDMD-RBF,7,2,8,0.03,3
0.6666666666666666,0.3038045526399192,0.5113240825220409,0.07,ok,PDE,burgers,Burgers,pod_edmd_rbf,POD-EDMD-RBF,7,2,8,0.03,4
0.6666666666666666,0.21289308653258812,0.5496499848742064,0.07,ok,PDE,burgers,Burgers,pod_edmd_rbf,POD-EDMD-RBF,7,4,8,0.03,0
0.6666666666666666,0.20414590627216106,0.5536427630523262,0.07,ok,PDE,burgers,Burgers,pod_edmd_rbf,POD-EDMD-RBF,7,4,8,0.03,1
0.6666666666666666,0.21541469005289568,0.5485096338910078,0.07,ok,PDE,burgers,Burgers,pod_edmd_rbf,POD-EDMD-RBF,7,4,8,0.03,2
0.6666666666666666,0.19917540499779665,0.5559375750104644,0.07,ok,PDE,burgers,Burgers,pod_edmd_rbf,POD-EDMD-RBF,7,4,8,0.03,3
0.6666666666666666,0.19489059662396477,0.5579311349091388,0.07,ok,PDE,burgers,Burgers,pod_edmd_rbf,POD-EDMD-RBF,7,4,8,0.03,4
0.6666666666666666,0.19905832002138701,0.5559918608919503,0.07,ok,PDE,burgers,Burgers,pod_edmd_rbf,POD-EDMD-RBF,7,5,8,0.03,0
0.6666666666666666,0.19966533792873356,0.5557105349210899,0.07,ok,PDE,burgers,Burgers,pod_edmd_rbf,POD-EDMD-RBF,7,5,8,0.03,1
0.6666666666666666,0.2037470454794236,0.5538262122181569,0.07,ok,PDE,burgers,Burgers,pod_edmd_rbf,POD-EDMD-RBF,7,5,8,0.03,2
0.6666666666666666,0.1901638019843976,0.5601469861166272,0.07,ok,PDE,burgers,Burgers,pod_edmd_rbf,POD-EDMD-RBF,7,5,8,0.03,3
0.6666666666666666,0.18893822333899746,0.5607243955824798,0.07,ok,PDE,burgers,Burgers,pod_edmd_rbf,POD-EDMD-RBF,7,5,8,0.03,4
0.6666666666666666,0.20162001162007964,0.5548065613253526,0.1,ok,PDE,burgers,Burgers,pod_edmd_rbf,POD-EDMD-RBF,7,6,8,0.03,0
0.6666666666666666,0.1965187203118252,0.5571719483778126,0.07,ok,PDE,burgers,Burgers,pod_edmd_rbf,POD-EDMD-RBF,7,6,8,0.03,1
0.6666666666666666,0.19575752088292409,0.5575266348100516,0.07,ok,PDE,burgers,Burgers,pod_edmd_rbf,POD-EDMD-RBF,7,6,8,0.03,2
0.6666666666666666,0.2054414260438219,0.5530477485369173,0.1,ok,PDE,burgers,Burgers,pod_edmd_rbf,POD-EDMD-RBF,7,6,8,0.03,3
0.6666666666666666,0.18577987696248313,0.5622178952592896,0.07,ok,PDE,burgers,Burgers,pod_edmd_rbf,POD-EDMD-RBF,7,6,8,0.03,4
0.6666666666666666,0.2300993268498975,0.5419616547339323,0.1,ok,PDE,burgers,Burgers,pod_edmd_rbf,POD-EDMD-RBF,7,8,8,0.03,0
0.6666666666666666,0.2322961509645173,0.5409954953968387,0.1,ok,PDE,burgers,Burgers,pod_edmd_rbf,POD-EDMD-RBF,7,8,8,0.03,1
0.6666666666666666,0.21860870033395496,0.5470719735416046,0.1,ok,PDE,burgers,Burgers,pod_edmd_rbf,POD-EDMD-RBF,7,8,8,0.03,2
0.6666666666666666,0.288017252006152,0.5175914108512907,0.1,ok,PDE,burgers,Burgers,pod_edmd_rbf,POD-EDMD-RBF,7,8,8,0.03,3
0.6666666666666666,0.20922087603851158,0.5513191840110395,0.1,ok,PDE,burgers,Burgers,pod_edmd_rbf,POD-EDMD-RBF,7,8,8,0.03,4
0.6666666666666666,0.2645326811316062,0.5272039834273633,0.1,ok,PDE,burgers,Burgers,pod_edmd_rbf,POD-EDMD-RBF,7,10,8,0.03,0
0.6666666666666666,0.26586254915289775,0.5266501225688311,0.1,ok,PDE,burgers,Burgers,pod_edmd_rbf,POD-EDMD-RBF,7,10,8,0.03,1
0.6666666666666666,0.2349275916749141,0.539842717225612,0.1,ok,PDE,burgers,Burgers,pod_edmd_rbf,POD-EDMD-RBF,7,10,8,0.03,2
0.6666666666666666,0.25892121309863414,0.5295539226206004,0.1,ok,PDE,burgers,Burgers,pod_edmd_rbf,POD-EDMD-RBF,7,10,8,0.03,3
0.6666666666666666,0.2542499139735721,0.5315261808985173,0.1,ok,PDE,burgers,Burgers,pod_edmd_rbf,POD-EDMD-RBF,7,10,8,0.03,4
0.6666666666666666,0.2707127318651579,0.5246399520119156,0.1,ok,PDE,burgers,Burgers,pod_edmd_rbf,POD-EDMD-RBF,7,12,8,0.03,0
0.6666666666666666,0.25114026081802987,0.5328472654463071,0.1,ok,PDE,burgers,Burgers,pod_edmd_rbf,POD-EDMD-RBF,7,12,8,0.03,1
0.6666666666666666,0.2687751963479257,0.5254411250989274,0.1,ok,PDE,burgers,Burgers,pod_edmd_rbf,POD-EDMD-RBF,7,12,8,0.03,2
0.6666666666666666,0.24726492268398054,0.5345028586485632,0.1,ok,PDE,burgers,Burgers,pod_edmd_rbf,POD-EDMD-RBF,7,12,8,0.03,3
0.6666666666666666,0.24803938757981614,0.5341711754462005,0.1,ok,PDE,burgers,Burgers,pod_edmd_rbf,POD-EDMD-RBF,7,12,8,0.03,4
0.8,0.03674184105445333,0.7716482236178807,0.03,ok,PDE,fisher_kpp,Fisher--KPP,baseline,Baseline,1,0,8,0.03,0
0.8,0.03605958750377279,0.7721563601640691,0.05,ok,PDE,fisher_kpp,Fisher--KPP,baseline,Baseline,1,0,8,0.03,1
0.8,0.045962279800405806,0.764845937037671,0.03,ok,PDE,fisher_kpp,Fisher--KPP,baseline,Baseline,1,0,8,0.03,2
0.8,0.035389014048977256,0.7726564500346895,0.1,ok,PDE,fisher_kpp,Fisher--KPP,baseline,Baseline,1,0,8,0.03,3
0.8,0.050347870525197645,0.7616524224493186,0.03,ok,PDE,fisher_kpp,Fisher--KPP,baseline,Baseline,1,0,8,0.03,4
0.8,0.11098482677757755,0.7200818415499048,0.2,ok,PDE,fisher_kpp,Fisher--KPP,pod_edmd_rbf,POD-EDMD-RBF,1,1,8,0.03,0
0.8,0.10752256013183904,0.7223329156426108,0.2,ok,PDE,fisher_kpp,Fisher--KPP,pod_edmd_rbf,POD-EDMD-RBF,1,1,8,0.03,1
0.8,0.10174836927406372,0.7261186150219726,0.2,ok,PDE,fisher_kpp,Fisher--KPP,pod_edmd_rbf,POD-EDMD-RBF,1,1,8,0.03,2
0.8,0.10936451497142997,0.72113357620836,0.2,ok,PDE,fisher_kpp,Fisher--KPP,pod_edmd_rbf,POD-EDMD-RBF,1,1,8,0.03,3
0.8,0.0963621199659582,0.7296859180293824,0.2,ok,PDE,fisher_kpp,Fisher--KPP,pod_edmd_rbf,POD-EDMD-RBF,1,1,8,0.03,4
0.8,0.03706201586700861,0.7714099906852543,0.02,ok,PDE,fisher_kpp,Fisher--KPP,pod_edmd_rbf,POD-EDMD-RBF,1,2,8,0.03,0
0.8,0.03627819458897568,0.7719934706503288,0.03,ok,PDE,fisher_kpp,Fisher--KPP,pod_edmd_rbf,POD-EDMD-RBF,1,2,8,0.03,1
0.8,0.046264235172321054,0.7646251999316779,0.05,ok,PDE,fisher_kpp,Fisher--KPP,pod_edmd_rbf,POD-EDMD-RBF,1,2,8,0.03,2
0.8,0.03545324504877753,0.7726085207858073,0.05,ok,PDE,fisher_kpp,Fisher--KPP,pod_edmd_rbf,POD-EDMD-RBF,1,2,8,0.03,3
0.8,0.05015474215692053,0.7617924938917803,0.03,ok,PDE,fisher_kpp,Fisher--KPP,pod_edmd_rbf,POD-EDMD-RBF,1,2,8,0.03,4
0.8,0.03716494324249668,0.7713334366074444,0.02,ok,PDE,fisher_kpp,Fisher--KPP,pod_edmd_rbf,POD-EDMD-RBF,1,4,8,0.03,0
0.8,0.036446081964746115,0.771868420288178,0.03,ok,PDE,fisher_kpp,Fisher--KPP,pod_edmd_rbf,POD-EDMD-RBF,1,4,8,0.03,1
0.8,0.04627926071305681,0.7646142192045234,0.05,ok,PDE,fisher_kpp,Fisher--KPP,pod_edmd_rbf,POD-EDMD-RBF,1,4,8,0.03,2
0.8,0.035460989956353633,0.7726027419282318,0.05,ok,PDE,fisher_kpp,Fisher--KPP,pod_edmd_rbf,POD-EDMD-RBF,1,4,8,0.03,3
0.8,0.05022970720277978,0.7617381173979065,0.03,ok,PDE,fisher_kpp,Fisher--KPP,pod_edmd_rbf,POD-EDMD-RBF,1,4,8,0.03,4
0.8,0.037132037864257006,0.7713579089191211,0.02,ok,PDE,fisher_kpp,Fisher--KPP,pod_edmd_rbf,POD-EDMD-RBF,1,5,8,0.03,0
0.8,0.03646415885619148,0.7718549581905989,0.03,ok,PDE,fisher_kpp,Fisher--KPP,pod_edmd_rbf,POD-EDMD-RBF,1,5,8,0.03,1
0.8,0.04601950478826531,0.7648040943193843,0.03,ok,PDE,fisher_kpp,Fisher--KPP,pod_edmd_rbf,POD-EDMD-RBF,1,5,8,0.03,2
0.8,0.035331017958196334,0.772699731896086,0.05,ok,PDE,fisher_kpp,Fisher--KPP,pod_edmd_rbf,POD-EDMD-RBF,1,5,8,0.03,3
0.8,0.050328668285497626,0.7616663470738915,0.03,ok,PDE,fisher_kpp,Fisher--KPP,pod_edmd_rbf,POD-EDMD-RBF,1,5,8,0.03,4
0.8,0.03710726524496189,0.7713763337787843,0.02,ok,PDE,fisher_kpp,Fisher--KPP,pod_edmd_rbf,POD-EDMD-RBF,1,6,8,0.03,0
0.8,0.03642442418753203,0.7718845497365923,0.03,ok,PDE,fisher_kpp,Fisher--KPP,pod_edmd_rbf,POD-EDMD-RBF,1,6,8,0.03,1
0.8,0.04590370054733235,0.7648887747326563,0.03,ok,PDE,fisher_kpp,Fisher--KPP,pod_edmd_rbf,POD-EDMD-RBF,1,6,8,0.03,2
0.8,0.0353199947847246,0.772707958920802,0.07,ok,PDE,fisher_kpp,Fisher--KPP,pod_edmd_rbf,POD-EDMD-RBF,1,6,8,0.03,3
0.8,0.050340574706310905,0.7616577129981774,0.05,ok,PDE,fisher_kpp,Fisher--KPP,pod_edmd_rbf,POD-EDMD-RBF,1,6,8,0.03,4
0.8,0.036992071255646304,0.7714620219143205,0.03,ok,PDE,fisher_kpp,Fisher--KPP,pod_edmd_rbf,POD-EDMD-RBF,1,8,8,0.03,0
0.8,0.03645567071546712,0.7718612793615753,0.03,ok,PDE,fisher_kpp,Fisher--KPP,pod_edmd_rbf,POD-EDMD-RBF,1,8,8,0.03,1
0.8,0.045877818525267795,0.7649077032038352,0.03,ok,PDE,fisher_kpp,Fisher--KPP,pod_edmd_rbf,POD-EDMD-RBF,1,8,8,0.03,2
0.8,0.03529510634477068,0.7727265347795305,0.05,ok,PDE,fisher_kpp,Fisher--KPP,pod_edmd_rbf,POD-EDMD-RBF,1,8,8,0.03,3
0.8,0.05032878909362615,0.7616662594675278,0.03,ok,PDE,fisher_kpp,Fisher--KPP,pod_edmd_rbf,POD-EDMD-RBF,1,8,8,0.03,4
0.8,0.03689491818940368,0.7715343049389588,0.03,ok,PDE,fisher_kpp,Fisher--KPP,pod_edmd_rbf,POD-EDMD-RBF,1,10,8,0.03,0
0.8,0.03635981301951379,0.7719326723690093,0.03,ok,PDE,fisher_kpp,Fisher--KPP,pod_edmd_rbf,POD-EDMD-RBF,1,10,8,0.03,1
0.8,0.04592347981825423,0.7648743100585262,0.03,ok,PDE,fisher_kpp,Fisher--KPP,pod_edmd_rbf,POD-EDMD-RBF,1,10,8,0.03,2
0.8,0.03547130650060105,0.7725950443799532,0.07,ok,PDE,fisher_kpp,Fisher--KPP,pod_edmd_rbf,POD-EDMD-RBF,1,10,8,0.03,3
0.8,0.050267225615439476,0.7617109060327129,0.03,ok,PDE,fisher_kpp,Fisher--KPP,pod_edmd_rbf,POD-EDMD-RBF,1,10,8,0.03,4
0.8,0.036901297983308115,0.7715295578816783,0.03,ok,PDE,fisher_kpp,Fisher--KPP,pod_edmd_rbf,POD-EDMD-RBF,1,12,8,0.03,0
0.8,0.03639194455202621,0.7719087399369887,0.05,ok,PDE,fisher_kpp,Fisher--KPP,pod_edmd_rbf,POD-EDMD-RBF,1,12,8,0.03,1
0.8,0.04603060102755804,0.7647959813165388,0.05,ok,PDE,fisher_kpp,Fisher--KPP,pod_edmd_rbf,POD-EDMD-RBF,1,12,8,0.03,2
0.8,0.03541980311961434,0.7726334744513111,0.07,ok,PDE,fisher_kpp,Fisher--KPP,pod_edmd_rbf,POD-EDMD-RBF,1,12,8,0.03,3
0.8,0.050438294358826796,0.7615868578823177,0.03,ok,PDE,fisher_kpp,Fisher--KPP,pod_edmd_rbf,POD-EDMD-RBF,1,12,8,0.03,4
0.8,0.11279413713953017,0.7189110485937887,0.2,ok,PDE,fisher_kpp,Fisher--KPP,pod_edmd_rbf,POD-EDMD-RBF,3,1,8,0.03,0
0.8,0.11477158101522217,0.7176358041630737,0.2,ok,PDE,fisher_kpp,Fisher--KPP,pod_edmd_rbf,POD-EDMD-RBF,3,1,8,0.03,1
0.8,0.10663292048990126,0.7229136104552571,0.2,ok,PDE,fisher_kpp,Fisher--KPP,pod_edmd_rbf,POD-EDMD-RBF,3,1,8,0.03,2
0.8,0.11757157472115315,0.7158378202305379,0.2,ok,PDE,fisher_kpp,Fisher--KPP,pod_edmd_rbf,POD-EDMD-RBF,3,1,8,0.03,3
0.8,0.10035178705665553,0.7270402151478573,0.2,ok,PDE,fisher_kpp,Fisher--KPP,pod_edmd_rbf,POD-EDMD-RBF,3,1,8,0.03,4
0.8,0.037092595370552144,0.7713872450455216,0.02,ok,PDE,fisher_kpp,Fisher--KPP,pod_edmd_rbf,POD-EDMD-RBF,3,2,8,0.03,0
0.8,0.03328697037681213,0.7742282859797036,0.03,ok,PDE,fisher_kpp,Fisher--KPP,pod_edmd_rbf,POD-EDMD-RBF,3,2,8,0.03,1
0.8,0.04618502832207725,0.7646830898383999,0.05,ok,PDE,fisher_kpp,Fisher--KPP,pod_edmd_rbf,POD-EDMD-RBF,3,2,8,0.03,2
0.8,0.031884830431758174,0.7752803185073147,0.05,ok,PDE,fisher_kpp,Fisher--KPP,pod_edmd_rbf,POD-EDMD-RBF,3,2,8,0.03,3
0.8,0.04843285358786484,0.7630436200680879,0.03,ok,PDE,fisher_kpp,Fisher--KPP,pod_edmd_rbf,POD-EDMD-RBF,3,2,8,0.03,4
0.8,0.03147131381616969,0.7755911282110335,0.05,ok,PDE,fisher_kpp,Fisher--KPP,pod_edmd_rbf,POD-EDMD-RBF,3,4,8,0.03,0
0.8,0.028556788453583146,0.7777888483948328,0.03,ok,PDE,fisher_kpp,Fisher--KPP,pod_edmd_rbf,POD-EDMD-RBF,3,4,8,0.03,1
0.8,0.045612787946189656,0.7651015837051626,0.05,ok,PDE,fisher_kpp,Fisher--KPP,pod_edmd_rbf,POD-EDMD-RBF,3,4,8,0.03,2
0.8,0.03076999066161713,0.7761188308232629,0.05,ok,PDE,fisher_kpp,Fisher--KPP,pod_edmd_rbf,POD-EDMD-RBF,3,4,8,0.03,3
0.8,0.05024758387879054,0.7617251515546722,0.03,ok,PDE,fisher_kpp,Fisher--KPP,pod_edmd_rbf,POD-EDMD-RBF,3,4,8,0.03,4
0.8,0.03829175109424941,0.7704963457110056,0.03,ok,PDE,fisher_kpp,Fisher--KPP,pod_edmd_rbf,POD-EDMD-RBF,3,5,8,0.03,0
0.8,0.03713373982201123,0.7713566431049604,0.03,ok,PDE,fisher_kpp,Fisher--KPP,pod_edmd_rbf,POD-EDMD-RBF,3,5,8,0.03,1
0.8,0.04541536104506728,0.7652460732930749,0.02,ok,PDE,fisher_kpp,Fisher--KPP,pod_edmd_rbf,POD-EDMD-RBF,3,5,8,0.03,2
0.8,0.026498845903374996,0.7793481728622464,0.07,ok,PDE,fisher_kpp,Fisher--KPP,pod_edmd_rbf,POD-EDMD-RBF,3,5,8,0.03,3
0.8,0.051674767477709514,0.7606914463857346,0.05,ok,PDE,fisher_kpp,Fisher--KPP,pod_edmd_rbf,POD-EDMD-RBF,3,5,8,0.03,4
0.8,0.04536988288346327,0.7652793648439011,0.1,ok,PDE,fisher_kpp,Fisher--KPP,pod_edmd_rbf,POD-EDMD-RBF,3,6,8,0.03,0
0.8,0.03275650014117682,0.7746259644849882,0.03,ok,PDE,fisher_kpp,Fisher--KPP,pod_edmd_rbf,POD-EDMD-RBF,3,6,8,0.03,1
0.8,0.044250282674765086,0.7660998644413702,0.03,ok,PDE,fisher_kpp,Fisher--KPP,pod_edmd_rbf,POD-EDMD-RBF,3,6,8,0.03,2
0.8,0.03531427334288475,0.77271222912528,0.07,ok,PDE,fisher_kpp,Fisher--KPP,pod_edmd_rbf,POD-EDMD-RBF,3,6,8,0.03,3
0.8,0.04612003856660018,0.7647305954450169,0.03,ok,PDE,fisher_kpp,Fisher--KPP,pod_edmd_rbf,POD-EDMD-RBF,3,6,8,0.03,4
0.8,0.02339703230889982,0.7817102988808842,0.05,ok,PDE,fisher_kpp,Fisher--KPP,pod_edmd_rbf,POD-EDMD-RBF,3,8,8,0.03,0
0.8,0.030880646868750177,0.776035521114846,0.1,ok,PDE,fisher_kpp,Fisher--KPP,pod_edmd_rbf,POD-EDMD-RBF,3,8,8,0.03,1
0.8,0.045806224784744165,0.7649600672100246,0.05,ok,PDE,fisher_kpp,Fisher--KPP,pod_edmd_rbf,POD-EDMD-RBF,3,8,8,0.03,2
0.8,0.03050188143762018,0.7763207563327742,0.1,ok,PDE,fisher_kpp,Fisher--KPP,pod_edmd_rbf,POD-EDMD-RBF,3,8,8,0.03,3
0.8,0.05194603697192426,0.7604952838672575,0.05,ok,PDE,fisher_kpp,Fisher--KPP,pod_edmd_rbf,POD-EDMD-RBF,3,8,8,0.03,4
0.8,0.028539558310670787,0.777801877950094,0.07,ok,PDE,fisher_kpp,Fisher--KPP,pod_edmd_rbf,POD-EDMD-RBF,3,10,8,0.03,0
0.8,0.0316237461039783,0.7754765271944092,0.1,ok,PDE,fisher_kpp,Fisher--KPP,pod_edmd_rbf,POD-EDMD-RBF,3,10,8,0.03,1
0.8,0.04776413620871453,0.7635306194911029,0.2,ok,PDE,fisher_kpp,Fisher--KPP,pod_edmd_rbf,POD-EDMD-RBF,3,10,8,0.03,2
0.8,0.024631438087212142,0.7807685478531136,0.07,ok,PDE,fisher_kpp,Fisher--KPP,pod_edmd_rbf,POD-EDMD-RBF,3,10,8,0.03,3
0.8,0.045739019280440836,0.7650092281633227,0.1,ok,PDE,fisher_kpp,Fisher--KPP,pod_edmd_rbf,POD-EDMD-RBF,3,10,8,0.03,4
0.8,0.040946531016909656,0.7685313089217687,0.2,ok,PDE,fisher_kpp,Fisher--KPP,pod_edmd_rbf,POD-EDMD-RBF,3,12,8,0.03,0
0.8,0.0325619885257049,0.7747718867147554,0.1,ok,PDE,fisher_kpp,Fisher--KPP,pod_edmd_rbf,POD-EDMD-RBF,3,12,8,0.03,1
0.8,0.045053380099938534,0.765511135826857,0.1,ok,PDE,fisher_kpp,Fisher--KPP,pod_edmd_rbf,POD-EDMD-RBF,3,12,8,0.03,2
0.8,0.0366831947963342,0.7716918765690682,0.05,ok,PDE,fisher_kpp,Fisher--KPP,pod_edmd_rbf,POD-EDMD-RBF,3,12,8,0.03,3
0.8,0.04872067611714061,0.7628342019173093,0.1,ok,PDE,fisher_kpp,Fisher--KPP,pod_edmd_rbf,POD-EDMD-RBF,3,12,8,0.03,4
0.8,0.113000172919139,0.7187779655970647,0.2,ok,PDE,fisher_kpp,Fisher--KPP,pod_edmd_rbf,POD-EDMD-RBF,5,1,8,0.03,0
0.8,0.11606120825805381,0.7168065640849918,0.2,ok,PDE,fisher_kpp,Fisher--KPP,pod_edmd_rbf,POD-EDMD-RBF,5,1,8,0.03,1
0.8,0.10742792028533077,0.7223946455981339,0.2,ok,PDE,fisher_kpp,Fisher--KPP,pod_edmd_rbf,POD-EDMD-RBF,5,1,8,0.03,2
0.8,0.11927807977826832,0.7147464195479303,0.2,ok,PDE,fisher_kpp,Fisher--KPP,pod_edmd_rbf,POD-EDMD-RBF,5,1,8,0.03,3
0.8,0.10092129811798319,0.7266641142900897,0.2,ok,PDE,fisher_kpp,Fisher--KPP,pod_edmd_rbf,POD-EDMD-RBF,5,1,8,0.03,4
0.8,0.03715448819858997,0.7713412120401676,0.02,ok,PDE,fisher_kpp,Fisher--KPP,pod_edmd_rbf,POD-EDMD-RBF,5,2,8,0.03,0
0.8,0.03089527738026463,0.7760245075842999,0.03,ok,PDE,fisher_kpp,Fisher--KPP,pod_edmd_rbf,POD-EDMD-RBF,5,2,8,0.03,1
0.8,0.04603504659368221,0.7647927309941738,0.05,ok,PDE,fisher_kpp,Fisher--KPP,pod_edmd_rbf,POD-EDMD-RBF,5,2,8,0.03,2
0.8,0.03104622203814425,0.7759108979795123,0.05,ok,PDE,fisher_kpp,Fisher--KPP,pod_edmd_rbf,POD-EDMD-RBF,5,2,8,0.03,3
0.8,0.04861749793697539,0.7629092605968341,0.03,ok,PDE,fisher_kpp,Fisher--KPP,pod_edmd_rbf,POD-EDMD-RBF,5,2,8,0.03,4
0.8,0.033061237097673446,0.7743974619041504,0.05,ok,PDE,fisher_kpp,Fisher--KPP,pod_edmd_rbf,POD-EDMD-RBF,5,4,8,0.03,0
0.8,0.029672556301100644,0.7769460253207536,0.03,ok,PDE,fisher_kpp,Fisher--KPP,pod_edmd_rbf,POD-EDMD-RBF,5,4,8,0.03,1
0.8,0.04572033503065015,0.765022896849904,0.05,ok,PDE,fisher_kpp,Fisher--KPP,pod_edmd_rbf,POD-EDMD-RBF,5,4,8,0.03,2
0.8,0.02995357019714476,0.7767340423383076,0.05,ok,PDE,fisher_kpp,Fisher--KPP,pod_edmd_rbf,POD-EDMD-RBF,5,4,8,0.03,3
0.8,0.04997260138020244,0.7619246435082113,0.03,ok,PDE,fisher_kpp,Fisher--KPP,pod_edmd_rbf,POD-EDMD-RBF,5,4,8,0.03,4
0.8,0.037682912143923365,0.7709484184789608,0.03,ok,PDE,fisher_kpp,Fisher--KPP,pod_edmd_rbf,POD-EDMD-RBF,5,5,8,0.03,0
0.8,0.035055930351299606,0.7729050928952977,0.03,ok,PDE,fisher_kpp,Fisher--KPP,pod_edmd_rbf,POD-EDMD-RBF,5,5,8,0.03,1
0.8,0.045770014021050784,0.7649865546669771,0.03,ok,PDE,fisher_kpp,Fisher--KPP,pod_edmd_rbf,POD-EDMD-RBF,5,5,8,0.03,2
0.8,0.026946866850185245,0.7790081705529045,0.07,ok,PDE,fisher_kpp,Fisher--KPP,pod_edmd_rbf,POD-EDMD-RBF,5,5,8,0.03,3
0.8,0.05089266428329636,0.7612575738604058,0.05,ok,PDE,fisher_kpp,Fisher--KPP,pod_edmd_rbf,POD-EDMD-RBF,5,5,8,0.03,4
0.8,0.04441804642134394,0.7659768066447794,0.1,ok,PDE,fisher_kpp,Fisher--KPP,pod_edmd_rbf,POD-EDMD-RBF,5,6,8,0.03,0
0.8,0.03442227258097098,0.7733785526523248,0.03,ok,PDE,fisher_kpp,Fisher--KPP,pod_edmd_rbf,POD-EDMD-RBF,5,6,8,0.03,1
0.8,0.0443664139887485,0.7660146757731897,0.03,ok,PDE,fisher_kpp,Fisher--KPP,pod_edmd_rbf,POD-EDMD-RBF,5,6,8,0.03,2
0.8,0.03420552638202831,0.7735406353886429,0.07,ok,PDE,fisher_kpp,Fisher--KPP,pod_edmd_rbf,POD-EDMD-RBF,5,6,8,0.03,3
0.8,0.04672021872798241,0.7642921056518742,0.03,ok,PDE,fisher_kpp,Fisher--KPP,pod_edmd_rbf,POD-EDMD-RBF,5,6,8,0.03,4
0.8,0.026694911414667274,0.779199342575578,0.05,ok,PDE,fisher_kpp,Fisher--KPP,pod_edmd_rbf,POD-EDMD-RBF,5,8,8,0.03,0
0.8,0.03220956433780232,0.7750364147354392,0.1,ok,PDE,fisher_kpp,Fisher--KPP,pod_edmd_rbf,POD-EDMD-RBF,5,8,8,0.03,1
0.8,0.045772907997516404,0.7649844377130297,0.05,ok,PDE,fisher_kpp,Fisher--KPP,pod_edmd_rbf,POD-EDMD-RBF,5,8,8,0.03,2
0.8,0.030681335298024304,0.7761855896698447,0.1,ok,PDE,fisher_kpp,Fisher--KPP,pod_edmd_rbf,POD-EDMD-RBF,5,8,8,0.03,3
0.8,0.050734427036386136,0.7613722168183005,0.1,ok,PDE,fisher_kpp,Fisher--KPP,pod_edmd_rbf,POD-EDMD-RBF,5,8,8,0.03,4
0.8,0.03104784866764003,0.775909673866049,0.07,ok,PDE,fisher_kpp,Fisher--KPP,pod_edmd_rbf,POD-EDMD-RBF,5,10,8,0.03,0
0.8,0.03088266563039359,0.7760340014164397,0.1,ok,PDE,fisher_kpp,Fisher--KPP,pod_edmd_rbf,POD-EDMD-RBF,5,10,8,0.03,1
0.8,0.04882828724074619,0.7627559341526126,0.2,ok,PDE,fisher_kpp,Fisher--KPP,pod_edmd_rbf,POD-EDMD-RBF,5,10,8,0.03,2
0.8,0.026222601061816845,0.779557962543655,0.1,ok,PDE,fisher_kpp,Fisher--KPP,pod_edmd_rbf,POD-EDMD-RBF,5,10,8,0.03,3
0.8,0.04636973286344895,0.7645481084499219,0.1,ok,PDE,fisher_kpp,Fisher--KPP,pod_edmd_rbf,POD-EDMD-RBF,5,10,8,0.03,4
0.8,0.04037292287779226,0.7689550375716308,0.2,ok,PDE,fisher_kpp,Fisher--KPP,pod_edmd_rbf,POD-EDMD-RBF,5,12,8,0.03,0
0.8,0.028334174085088166,0.7779572245683289,0.1,ok,PDE,fisher_kpp,Fisher--KPP,pod_edmd_rbf,POD-EDMD-RBF,5,12,8,0.03,1
0.8,0.04624673556190707,0.7646379891167302,0.1,ok,PDE,fisher_kpp,Fisher--KPP,pod_edmd_rbf,POD-EDMD-RBF,5,12,8,0.03,2
0.8,0.032268374826478805,0.7749922592896229,0.05,ok,PDE,fisher_kpp,Fisher--KPP,pod_edmd_rbf,POD-EDMD-RBF,5,12,8,0.03,3
0.8,0.04794868550839612,0.7633961577153869,0.1,ok,PDE,fisher_kpp,Fisher--KPP,pod_edmd_rbf,POD-EDMD-RBF,5,12,8,0.03,4
0.8,0.11102037803275187,0.720058799836358,0.2,ok,PDE,fisher_kpp,Fisher--KPP,pod_edmd_rbf,POD-EDMD-RBF,7,1,8,0.03,0
0.8,0.11509953031302508,0.7174247484217199,0.2,ok,PDE,fisher_kpp,Fisher--KPP,pod_edmd_rbf,POD-EDMD-RBF,7,1,8,0.03,1
0.8,0.10697119771451954,0.7226926966588653,0.2,ok,PDE,fisher_kpp,Fisher--KPP,pod_edmd_rbf,POD-EDMD-RBF,7,1,8,0.03,2
0.8,0.11959506293318735,0.7145440583706294,0.2,ok,PDE,fisher_kpp,Fisher--KPP,pod_edmd_rbf,POD-EDMD-RBF,7,1,8,0.03,3
0.8,0.10162283212896088,0.7262013609993411,0.2,ok,PDE,fisher_kpp,Fisher--KPP,pod_edmd_rbf,POD-EDMD-RBF,7,1,8,0.03,4
0.8,0.03847049965834863,0.7703637226702115,0.02,ok,PDE,fisher_kpp,Fisher--KPP,pod_edmd_rbf,POD-EDMD-RBF,7,2,8,0.03,0
0.8,0.031184117061722274,0.7758071393492143,0.03,ok,PDE,fisher_kpp,Fisher--KPP,pod_edmd_rbf,POD-EDMD-RBF,7,2,8,0.03,1
0.8,0.046000636345907044,0.7648178903549386,0.05,ok,PDE,fisher_kpp,Fisher--KPP,pod_edmd_rbf,POD-EDMD-RBF,7,2,8,0.03,2
0.8,0.0312918157002801,0.7757261211820773,0.05,ok,PDE,fisher_kpp,Fisher--KPP,pod_edmd_rbf,POD-EDMD-RBF,7,2,8,0.03,3
0.8,0.04926985933787039,0.7624349378574838,0.03,ok,PDE,fisher_kpp,Fisher--KPP,pod_edmd_rbf,POD-EDMD-RBF,7,2,8,0.03,4
0.8,0.03554942788656962,0.7725367601551408,0.03,ok,PDE,fisher_kpp,Fisher--KPP,pod_edmd_rbf,POD-EDMD-RBF,7,4,8,0.03,0
0.8,0.032426851682340316,0.7748732984776592,0.03,ok,PDE,fisher_kpp,Fisher--KPP,pod_edmd_rbf,POD-EDMD-RBF,7,4,8,0.03,1
0.8,0.04474759533186103,0.7657351915185623,0.05,ok,PDE,fisher_kpp,Fisher--KPP,pod_edmd_rbf,POD-EDMD-RBF,7,4,8,0.03,2
0.8,0.02843475698343076,0.7778811388546731,0.03,ok,PDE,fisher_kpp,Fisher--KPP,pod_edmd_rbf,POD-EDMD-RBF,7,4,8,0.03,3
0.8,0.054938633638997696,0.7583379492325635,0.03,ok,PDE,fisher_kpp,Fisher--KPP,pod_edmd_rbf,POD-EDMD-RBF,7,4,8,0.03,4
0.8,0.03894180307896208,0.7700142564570559,0.05,ok,PDE,fisher_kpp,Fisher--KPP,pod_edmd_rbf,POD-EDMD-RBF,7,5,8,0.03,0
0.8,0.03210079019626228,0.7751180966036018,0.03,ok,PDE,fisher_kpp,Fisher--KPP,pod_edmd_rbf,POD-EDMD-RBF,7,5,8,0.03,1
0.8,0.04972381417255099,0.76210522158212,0.07,ok,PDE,fisher_kpp,Fisher--KPP,pod_edmd_rbf,POD-EDMD-RBF,7,5,8,0.03,2
0.8,0.02448031953520209,0.7808837170859008,0.05,ok,PDE,fisher_kpp,Fisher--KPP,pod_edmd_rbf,POD-EDMD-RBF,7,5,8,0.03,3
0.8,0.05349157881149622,0.7593795869754607,0.07,ok,PDE,fisher_kpp,Fisher--KPP,pod_edmd_rbf,POD-EDMD-RBF,7,5,8,0.03,4
0.8,0.04796104071348942,0.7633871574608646,0.1,ok,PDE,fisher_kpp,Fisher--KPP,pod_edmd_rbf,POD-EDMD-RBF,7,6,8,0.03,0
0.8,0.034736862387122994,0.7731434232993417,0.05,ok,PDE,fisher_kpp,Fisher--KPP,pod_edmd_rbf,POD-EDMD-RBF,7,6,8,0.03,1
0.8,0.04199648618748965,0.7677569076332312,0.02,ok,PDE,fisher_kpp,Fisher--KPP,pod_edmd_rbf,POD-EDMD-RBF,7,6,8,0.03,2
0.8,0.031842562200904284,0.7753120769641567,0.07,ok,PDE,fisher_kpp,Fisher--KPP,pod_edmd_rbf,POD-EDMD-RBF,7,6,8,0.03,3
0.8,0.04768087449671488,0.7635912991007916,0.05,ok,PDE,fisher_kpp,Fisher--KPP,pod_edmd_rbf,POD-EDMD-RBF,7,6,8,0.03,4
0.8,0.025004197297530135,0.7804846088525649,0.07,ok,PDE,fisher_kpp,Fisher--KPP,pod_edmd_rbf,POD-EDMD-RBF,7,8,8,0.03,0
0.8,0.030437347499142658,0.7763693755293217,0.2,ok,PDE,fisher_kpp,Fisher--KPP,pod_edmd_rbf,POD-EDMD-RBF,7,8,8,0.03,1
0.8,0.05166969516046375,0.7606951152832601,0.07,ok,PDE,fisher_kpp,Fisher--KPP,pod_edmd_rbf,POD-EDMD-RBF,7,8,8,0.03,2
0.8,0.026139777557356834,0.7796208835255716,0.1,ok,PDE,fisher_kpp,Fisher--KPP,pod_edmd_rbf,POD-EDMD-RBF,7,8,8,0.03,3
0.8,0.04898286089776349,0.7626435376792778,0.2,ok,PDE,fisher_kpp,Fisher--KPP,pod_edmd_rbf,POD-EDMD-RBF,7,8,8,0.03,4
0.8,0.0339352936865654,0.773742810488214,0.05,ok,PDE,fisher_kpp,Fisher--KPP,pod_edmd_rbf,POD-EDMD-RBF,7,10,8,0.03,0
0.8,0.025886384447581297,0.7798134492551858,0.1,ok,PDE,fisher_kpp,Fisher--KPP,pod_edmd_rbf,POD-EDMD-RBF,7,10,8,0.03,1
0.8,0.04990529862948853,0.7619734856508424,0.2,ok,PDE,fisher_kpp,Fisher--KPP,pod_edmd_rbf,POD-EDMD-RBF,7,10,8,0.03,2
0.8,0.024677522536203797,0.7807334331096685,0.05,ok,PDE,fisher_kpp,Fisher--KPP,pod_edmd_rbf,POD-EDMD-RBF,7,10,8,0.03,3
0.8,0.047061736041981155,0.7640428185486903,0.2,ok,PDE,fisher_kpp,Fisher--KPP,pod_edmd_rbf,POD-EDMD-RBF,7,10,8,0.03,4
0.8,0.04594597553668639,0.7648578594984422,0.2,ok,PDE,fisher_kpp,Fisher--KPP,pod_edmd_rbf,POD-EDMD-RBF,7,12,8,0.03,0
0.8,0.02632925577311349,0.7794769519625317,0.07,ok,PDE,fisher_kpp,Fisher--KPP,pod_edmd_rbf,POD-EDMD-RBF,7,12,8,0.03,1
0.8,0.048057821364025054,0.7633166641119257,0.2,ok,PDE,fisher_kpp,Fisher--KPP,pod_edmd_rbf,POD-EDMD-RBF,7,12,8,0.03,2
0.8,0.02501038049147808,0.780479900717114,0.05,ok,PDE,fisher_kpp,Fisher--KPP,pod_edmd_rbf,POD-EDMD-RBF,7,12,8,0.03,3
0.8,0.04696643680291997,0.7641123649034333,0.07,ok,PDE,fisher_kpp,Fisher--KPP,pod_edmd_rbf,POD-EDMD-RBF,7,12,8,0.03,4
0.6666666666666666,0.16773609942203013,0.570905247338532,0.2,ok,PDE,advection_diffusion,Advection--diffusion,baseline,Baseline,1,0,8,0.03,0
0.6666666666666666,0.17295369343131042,0.5683657167372289,0.3,ok,PDE,advection_diffusion,Advection--diffusion,baseline,Baseline,1,0,8,0.03,1
0.6666666666666666,0.1591320652243571,0.5751429769459697,0.2,ok,PDE,advection_diffusion,Advection--diffusion,baseline,Baseline,1,0,8,0.03,2
0.6666666666666666,0.17652584087050163,0.5666400545638721,0.3,ok,PDE,advection_diffusion,Advection--diffusion,baseline,Baseline,1,0,8,0.03,3
0.6666666666666666,0.16179696854849032,0.5738237271350237,0.2,ok,PDE,advection_diffusion,Advection--diffusion,baseline,Baseline,1,0,8,0.03,4
0.6666666666666666,0.4399977612910087,0.46296368271362903,0.3,ok,PDE,advection_diffusion,Advection--diffusion,pod_edmd_rbf,POD-EDMD-RBF,1,1,8,0.03,0
0.6666666666666666,0.43999496890100137,0.46296458047729433,0.3,ok,PDE,advection_diffusion,Advection--diffusion,pod_edmd_rbf,POD-EDMD-RBF,1,1,8,0.03,1
0.6666666666666666,0.4363397214949297,0.46414274888450885,0.3,ok,PDE,advection_diffusion,Advection--diffusion,pod_edmd_rbf,POD-EDMD-RBF,1,1,8,0.03,2
0.6666666666666666,0.4406724231944019,0.4627468784253308,0.3,ok,PDE,advection_diffusion,Advection--diffusion,pod_edmd_rbf,POD-EDMD-RBF,1,1,8,0.03,3
0.6666666666666666,0.43425530784627725,0.46481729091018964,0.3,ok,PDE,advection_diffusion,Advection--diffusion,pod_edmd_rbf,POD-EDMD-RBF,1,1,8,0.03,4
0.6666666666666666,0.09388899508930726,0.6094463603340654,0.2,ok,PDE,advection_diffusion,Advection--diffusion,pod_edmd_rbf,POD-EDMD-RBF,1,2,8,0.03,0
0.6666666666666666,0.09485793726233142,0.6089070042581526,0.2,ok,PDE,advection_diffusion,Advection--diffusion,pod_edmd_rbf,POD-EDMD-RBF,1,2,8,0.03,1
0.6666666666666666,0.09098755284825816,0.6110671610562279,0.2,ok,PDE,advection_diffusion,Advection--diffusion,pod_edmd_rbf,POD-EDMD-RBF,1,2,8,0.03,2
0.6666666666666666,0.09596090099294965,0.608294206538446,0.2,ok,PDE,advection_diffusion,Advection--diffusion,pod_edmd_rbf,POD-EDMD-RBF,1,2,8,0.03,3
0.6666666666666666,0.09371200382555557,0.6095449847261604,0.2,ok,PDE,advection_diffusion,Advection--diffusion,pod_edmd_rbf,POD-EDMD-RBF,1,2,8,0.03,4
0.6666666666666666,0.03896819239550865,0.6416622487061505,0.1,ok,PDE,advection_diffusion,Advection--diffusion,pod_edmd_rbf,POD-EDMD-RBF,1,4,8,0.03,0
0.6666666666666666,0.03959102493722524,0.6412778204841877,0.1,ok,PDE,advection_diffusion,Advection--diffusion,pod_edmd_rbf,POD-EDMD-RBF,1,4,8,0.03,1
0.6666666666666666,0.034901887695753364,0.6441834482986828,0.07,ok,PDE,advection_diffusion,Advection--diffusion,pod_edmd_rbf,POD-EDMD-RBF,1,4,8,0.03,2
0.6666666666666666,0.04076941242767718,0.6405517482605622,0.07,ok,PDE,advection_diffusion,Advection--diffusion,pod_edmd_rbf,POD-EDMD-RBF,1,4,8,0.03,3
0.6666666666666666,0.037529420805557365,0.6425520600168176,0.07,ok,PDE,advection_diffusion,Advection--diffusion,pod_edmd_rbf,POD-EDMD-RBF,1,4,8,0.03,4
0.6666666666666666,0.05307840125255168,0.6330646093146727,0.1,ok,PDE,advection_diffusion,Advection--diffusion,pod_edmd_rbf,POD-EDMD-RBF,1,5,8,0.03,0
0.6666666666666666,0.054936602009427495,0.6319495080527208,0.2,ok,PDE,advection_diffusion,Advection--diffusion,pod_edmd_rbf,POD-EDMD-RBF,1,5,8,0.03,1
0.6666666666666666,0.05151990133306571,0.6340028998229127,0.1,ok,PDE,advection_diffusion,Advection--diffusion,pod_edmd_rbf,POD-EDMD-RBF,1,5,8,0.03,2
0.6666666666666666,0.059703515361385136,0.6291067803425345,0.1,ok,PDE,advection_diffusion,Advection--diffusion,pod_edmd_rbf,POD-EDMD-RBF,1,5,8,0.03,3
0.6666666666666666,0.05003936447096323,0.6348968326559361,0.1,ok,PDE,advection_diffusion,Advection--diffusion,pod_edmd_rbf,POD-EDMD-RBF,1,5,8,0.03,4
0.6666666666666666,0.06680389016944542,0.624919605946297,0.2,ok,PDE,advection_diffusion,Advection--diffusion,pod_edmd_rbf,POD-EDMD-RBF,1,6,8,0.03,0
0.6666666666666666,0.06756276897017659,0.624475380786992,0.2,ok,PDE,advection_diffusion,Advection--diffusion,pod_edmd_rbf,POD-EDMD-RBF,1,6,8,0.03,1
0.6666666666666666,0.060885163362768745,0.6284060609854156,0.1,ok,PDE,advection_diffusion,Advection--diffusion,pod_edmd_rbf,POD-EDMD-RBF,1,6,8,0.03,2
0.6666666666666666,0.0712369554576458,0.6223335213280224,0.1,ok,PDE,advection_diffusion,Advection--diffusion,pod_edmd_rbf,POD-EDMD-RBF,1,6,8,0.03,3
0.6666666666666666,0.06185272694753845,0.6278334553823712,0.2,ok,PDE,advection_diffusion,Advection--diffusion,pod_edmd_rbf,POD-EDMD-RBF,1,6,8,0.03,4
0.6666666666666666,0.09234825287101633,0.6103059760607189,0.2,ok,PDE,advection_diffusion,Advection--diffusion,pod_edmd_rbf,POD-EDMD-RBF,1,8,8,0.03,0
0.6666666666666666,0.08877690559367184,0.6123078688036249,0.2,ok,PDE,advection_diffusion,Advection--diffusion,pod_edmd_rbf,POD-EDMD-RBF,1,8,8,0.03,1
0.6666666666666666,0.08279043415474488,0.6156931624419867,0.2,ok,PDE,advection_diffusion,Advection--diffusion,pod_edmd_rbf,POD-EDMD-RBF,1,8,8,0.03,2
0.6666666666666666,0.09649585980287609,0.6079974317335931,0.2,ok,PDE,advection_diffusion,Advection--diffusion,pod_edmd_rbf,POD-EDMD-RBF,1,8,8,0.03,3
0.6666666666666666,0.08466002017306161,0.6146319162388759,0.2,ok,PDE,advection_diffusion,Advection--diffusion,pod_edmd_rbf,POD-EDMD-RBF,1,8,8,0.03,4
0.6666666666666666,0.10712769420945469,0.6021587845318063,0.2,ok,PDE,advection_diffusion,Advection--diffusion,pod_edmd_rbf,POD-EDMD-RBF,1,10,8,0.03,0
0.6666666666666666,0.1103064229551567,0.6004348465284813,0.2,ok,PDE,advection_diffusion,Advection--diffusion,pod_edmd_rbf,POD-EDMD-RBF,1,10,8,0.03,1
0.6666666666666666,0.09980220336811002,0.6061696045207227,0.2,ok,PDE,advection_diffusion,Advection--diffusion,pod_edmd_rbf,POD-EDMD-RBF,1,10,8,0.03,2
0.6666666666666666,0.1136980073953744,0.5986063207797345,0.2,ok,PDE,advection_diffusion,Advection--diffusion,pod_edmd_rbf,POD-EDMD-RBF,1,10,8,0.03,3
0.6666666666666666,0.10492626005775761,0.6033585142883816,0.2,ok,PDE,advection_diffusion,Advection--diffusion,pod_edmd_rbf,POD-EDMD-RBF,1,10,8,0.03,4
0.6666666666666666,0.12479416596249947,0.5927010353011497,0.2,ok,PDE,advection_diffusion,Advection--diffusion,pod_edmd_rbf,POD-EDMD-RBF,1,12,8,0.03,0
0.6666666666666666,0.12537002686881923,0.5923977454078558,0.2,ok,PDE,advection_diffusion,Advection--diffusion,pod_edmd_rbf,POD-EDMD-RBF,1,12,8,0.03,1
0.6666666666666666,0.11501122830665866,0.5979013033609694,0.2,ok,PDE,advection_diffusion,Advection--diffusion,pod_edmd_rbf,POD-EDMD-RBF,1,12,8,0.03,2
0.6666666666666666,0.1264567802870293,0.5918262274534805,0.2,ok,PDE,advection_diffusion,Advection--diffusion,pod_edmd_rbf,POD-EDMD-RBF,1,12,8,0.03,3
0.6666666666666666,0.1158860501331934,0.597432566333357,0.2,ok,PDE,advection_diffusion,Advection--diffusion,pod_edmd_rbf,POD-EDMD-RBF,1,12,8,0.03,4
0.6666666666666666,0.45678788591476405,0.45762782153288234,0.3,ok,PDE,advection_diffusion,Advection--diffusion,pod_edmd_rbf,POD-EDMD-RBF,3,1,8,0.03,0
0.6666666666666666,0.45633088073981865,0.4577714278282685,0.3,ok,PDE,advection_diffusion,Advection--diffusion,pod_edmd_rbf,POD-EDMD-RBF,3,1,8,0.03,1
0.6666666666666666,0.45350778554000076,0.4586605405893919,0.3,ok,PDE,advection_diffusion,Advection--diffusion,pod_edmd_rbf,POD-EDMD-RBF,3,1,8,0.03,2
0.6666666666666666,0.45820566381777345,0.4571828811316272,0.3,ok,PDE,advection_diffusion,Advection--diffusion,pod_edmd_rbf,POD-EDMD-RBF,3,1,8,0.03,3
0.6666666666666666,0.452620318733773,0.458940755591103,0.3,ok,PDE,advection_diffusion,Advection--diffusion,pod_edmd_rbf,POD-EDMD-RBF,3,1,8,0.03,4
0.6666666666666666,0.10407428748923771,0.603824103342471,0.2,ok,PDE,advection_diffusion,Advection--diffusion,pod_edmd_rbf,POD-EDMD-RBF,3,2,8,0.03,0
0.6666666666666666,0.10545702524866585,0.603068822613619,0.2,ok,PDE,advection_diffusion,Advection--diffusion,pod_edmd_rbf,POD-EDMD-RBF,3,2,8,0.03,1
0.6666666666666666,0.10202607974195217,0.6049463609997068,0.2,ok,PDE,advection_diffusion,Advection--diffusion,pod_edmd_rbf,POD-EDMD-RBF,3,2,8,0.03,2
0.6666666666666666,0.1074674829752617,0.6019740325699101,0.2,ok,PDE,advection_diffusion,Advection--diffusion,pod_edmd_rbf,POD-EDMD-RBF,3,2,8,0.03,3
0.6666666666666666,0.10549998740213107,0.6030453860368641,0.2,ok,PDE,advection_diffusion,Advection--diffusion,pod_edmd_rbf,POD-EDMD-RBF,3,2,8,0.03,4
0.6666666666666666,0.036961787821282815,0.6429037930774403,0.1,ok,PDE,advection_diffusion,Advection--diffusion,pod_edmd_rbf,POD-EDMD-RBF,3,4,8,0.03,0
0.6666666666666666,0.0341605422677922,0.6446452358400226,0.1,ok,PDE,advection_diffusion,Advection--diffusion,pod_edmd_rbf,POD-EDMD-RBF,3,4,8,0.03,1
0.6666666666666666,0.03394897373118387,0.6447771443312957,0.07,ok,PDE,advection_diffusion,Advection--diffusion,pod_edmd_rbf,POD-EDMD-RBF,3,4,8,0.03,2
0.6666666666666666,0.03890863931284922,0.6416990305399815,0.07,ok,PDE,advection_diffusion,Advection--diffusion,pod_edmd_rbf,POD-EDMD-RBF,3,4,8,0.03,3
0.6666666666666666,0.03583003733190518,0.6436062313696455,0.07,ok,PDE,advection_diffusion,Advection--diffusion,pod_edmd_rbf,POD-EDMD-RBF,3,4,8,0.03,4
0.6666666666666666,0.04963632559159645,0.6351406200532549,0.1,ok,PDE,advection_diffusion,Advection--diffusion,pod_edmd_rbf,POD-EDMD-RBF,3,5,8,0.03,0
0.6666666666666666,0.0480552648777113,0.636098771704042,0.2,ok,PDE,advection_diffusion,Advection--diffusion,pod_edmd_rbf,POD-EDMD-RBF,3,5,8,0.03,1
0.6666666666666666,0.0430844045081937,0.6391301257936023,0.1,ok,PDE,advection_diffusion,Advection--diffusion,pod_edmd_rbf,POD-EDMD-RBF,3,5,8,0.03,2
0.6666666666666666,0.05088125228964707,0.6343882005832168,0.1,ok,PDE,advection_diffusion,Advection--diffusion,pod_edmd_rbf,POD-EDMD-RBF,3,5,8,0.03,3
0.6666666666666666,0.05601710459311481,0.6313029057645183,0.1,ok,PDE,advection_diffusion,Advection--diffusion,pod_edmd_rbf,POD-EDMD-RBF,3,5,8,0.03,4
0.6666666666666666,0.060843600517348266,0.6284306813384641,0.1,ok,PDE,advection_diffusion,Advection--diffusion,pod_edmd_rbf,POD-EDMD-RBF,3,6,8,0.03,0
0.6666666666666666,0.059937158565140126,0.6289681055895312,0.2,ok,PDE,advection_diffusion,Advection--diffusion,pod_edmd_rbf,POD-EDMD-RBF,3,6,8,0.03,1
0.6666666666666666,0.06059575295388143,0.628577537492417,0.2,ok,PDE,advection_diffusion,Advection--diffusion,pod_edmd_rbf,POD-EDMD-RBF,3,6,8,0.03,2
0.6666666666666666,0.06954602747233782,0.623317416495111,0.2,ok,PDE,advection_diffusion,Advection--diffusion,pod_edmd_rbf,POD-EDMD-RBF,3,6,8,0.03,3
0.6666666666666666,0.05882678506094082,0.6296276936631299,0.1,ok,PDE,advection_diffusion,Advection--diffusion,pod_edmd_rbf,POD-EDMD-RBF,3,6,8,0.03,4
0.5,0.7608943823572777,0.28394661542997196,0.1,ok,PDE,advection_diffusion,Advection--diffusion,pod_edmd_rbf,POD-EDMD-RBF,3,8,8,0.03,0
0.6666666666666666,0.08449877286864375,0.6147233019943807,0.2,ok,PDE,advection_diffusion,Advection--diffusion,pod_edmd_rbf,POD-EDMD-RBF,3,8,8,0.03,1
0.6666666666666666,0.07137921735215545,0.6222508854654566,0.2,ok,PDE,advection_diffusion,Advection--diffusion,pod_edmd_rbf,POD-EDMD-RBF,3,8,8,0.03,2
0.6666666666666666,0.08554030562577576,0.614133499430366,0.2,ok,PDE,advection_diffusion,Advection--diffusion,pod_edmd_rbf,POD-EDMD-RBF,3,8,8,0.03,3
0.6666666666666666,0.10731677788471228,0.6020559608427394,0.2,ok,PDE,advection_diffusion,Advection--diffusion,pod_edmd_rbf,POD-EDMD-RBF,3,8,8,0.03,4
0.6666666666666666,0.10606265599912403,0.6027386089303015,0.2,ok,PDE,advection_diffusion,Advection--diffusion,pod_edmd_rbf,POD-EDMD-RBF,3,10,8,0.03,0
0.6666666666666666,0.11081353070983617,0.6001607364655082,0.2,ok,PDE,advection_diffusion,Advection--diffusion,pod_edmd_rbf,POD-EDMD-RBF,3,10,8,0.03,1
0.6666666666666666,0.09632292279910291,0.6080933389265918,0.2,ok,PDE,advection_diffusion,Advection--diffusion,pod_edmd_rbf,POD-EDMD-RBF,3,10,8,0.03,2
0.6666666666666666,0.10555039386535714,0.6030178907863142,0.2,ok,PDE,advection_diffusion,Advection--diffusion,pod_edmd_rbf,POD-EDMD-RBF,3,10,8,0.03,3
0.6666666666666666,0.17663895268335286,0.5665855827280897,0.2,ok,PDE,advection_diffusion,Advection--diffusion,pod_edmd_rbf,POD-EDMD-RBF,3,10,8,0.03,4
0.6666666666666666,0.12611869212422805,0.5920039080508603,0.2,ok,PDE,advection_diffusion,Advection--diffusion,pod_edmd_rbf,POD-EDMD-RBF,3,12,8,0.03,0
0.6666666666666666,0.12501651950025813,0.5925838910905998,0.2,ok,PDE,advection_diffusion,Advection--diffusion,pod_edmd_rbf,POD-EDMD-RBF,3,12,8,0.03,1
0.6666666666666666,0.11539687248568965,0.5976945812847613,0.2,ok,PDE,advection_diffusion,Advection--diffusion,pod_edmd_rbf,POD-EDMD-RBF,3,12,8,0.03,2
0.6666666666666666,0.13230128015068765,0.5887714501019959,0.2,ok,PDE,advection_diffusion,Advection--diffusion,pod_edmd_rbf,POD-EDMD-RBF,3,12,8,0.03,3
0.6666666666666666,0.13786489537403737,0.5858926392553141,0.3,ok,PDE,advection_diffusion,Advection--diffusion,pod_edmd_rbf,POD-EDMD-RBF,3,12,8,0.03,4
0.6666666666666666,0.4601946791029986,0.45656012599374873,0.3,ok,PDE,advection_diffusion,Advection--diffusion,pod_edmd_rbf,POD-EDMD-RBF,5,1,8,0.03,0
0.6666666666666666,0.45960965856303265,0.4567431181039125,0.3,ok,PDE,advection_diffusion,Advection--diffusion,pod_edmd_rbf,POD-EDMD-RBF,5,1,8,0.03,1
0.6666666666666666,0.4570025619104537,0.4575603942607477,0.3,ok,PDE,advection_diffusion,Advection--diffusion,pod_edmd_rbf,POD-EDMD-RBF,5,1,8,0.03,2
0.6666666666666666,0.46167281402974425,0.4560984238522619,0.3,ok,PDE,advection_diffusion,Advection--diffusion,pod_edmd_rbf,POD-EDMD-RBF,5,1,8,0.03,3
0.6666666666666666,0.4561921974995498,0.4578150245629734,0.3,ok,PDE,advection_diffusion,Advection--diffusion,pod_edmd_rbf,POD-EDMD-RBF,5,1,8,0.03,4
0.6666666666666666,0.10602464187471027,0.6027593250876107,0.2,ok,PDE,advection_diffusion,Advection--diffusion,pod_edmd_rbf,POD-EDMD-RBF,5,2,8,0.03,0
0.6666666666666666,0.1079504733066695,0.6017116132249172,0.2,ok,PDE,advection_diffusion,Advection--diffusion,pod_edmd_rbf,POD-EDMD-RBF,5,2,8,0.03,1
0.6666666666666666,0.10490852984462391,0.603368196243734,0.2,ok,PDE,advection_diffusion,Advection--diffusion,pod_edmd_rbf,POD-EDMD-RBF,5,2,8,0.03,2
0.6666666666666666,0.10981482689917439,0.6007008110797503,0.2,ok,PDE,advection_diffusion,Advection--diffusion,pod_edmd_rbf,POD-EDMD-RBF,5,2,8,0.03,3
0.6666666666666666,0.10827663397698352,0.6015345322894462,0.2,ok,PDE,advection_diffusion,Advection--diffusion,pod_edmd_rbf,POD-EDMD-RBF,5,2,8,0.03,4
0.6666666666666666,0.036630293090224725,0.6431093815320736,0.1,ok,PDE,advection_diffusion,Advection--diffusion,pod_edmd_rbf,POD-EDMD-RBF,5,4,8,0.03,0
0.6666666666666666,0.03448475349887532,0.6444432017116156,0.1,ok,PDE,advection_diffusion,Advection--diffusion,pod_edmd_rbf,POD-EDMD-RBF,5,4,8,0.03,1
0.6666666666666666,0.03436108490995206,0.6445202515760774,0.07,ok,PDE,advection_diffusion,Advection--diffusion,pod_edmd_rbf,POD-EDMD-RBF,5,4,8,0.03,2
0.6666666666666666,0.03894980841568738,0.6416736027732448,0.07,ok,PDE,advection_diffusion,Advection--diffusion,pod_edmd_rbf,POD-EDMD-RBF,5,4,8,0.03,3
0.6666666666666666,0.03603237300739808,0.6434805359715396,0.07,ok,PDE,advection_diffusion,Advection--diffusion,pod_edmd_rbf,POD-EDMD-RBF,5,4,8,0.03,4
0.6666666666666666,0.04923592830926226,0.6353829950723596,0.1,ok,PDE,advection_diffusion,Advection--diffusion,pod_edmd_rbf,POD-EDMD-RBF,5,5,8,0.03,0
0.6666666666666666,0.04730818223536974,0.6365525238652642,0.1,ok,PDE,advection_diffusion,Advection--diffusion,pod_edmd_rbf,POD-EDMD-RBF,5,5,8,0.03,1
0.6666666666666666,0.04299453177622823,0.6391851983455061,0.07,ok,PDE,advection_diffusion,Advection--diffusion,pod_edmd_rbf,POD-EDMD-RBF,5,5,8,0.03,2
0.6666666666666666,0.051179790128874206,0.6342080326572237,0.1,ok,PDE,advection_diffusion,Advection--diffusion,pod_edmd_rbf,POD-EDMD-RBF,5,5,8,0.03,3
0.6666666666666666,0.05605043576138863,0.6312829805197845,0.1,ok,PDE,advection_diffusion,Advection--diffusion,pod_edmd_rbf,POD-EDMD-RBF,5,5,8,0.03,4
0.6666666666666666,0.06071474532030822,0.6285070228427442,0.2,ok,PDE,advection_diffusion,Advection--diffusion,pod_edmd_rbf,POD-EDMD-RBF,5,6,8,0.03,0
0.6666666666666666,0.05911432230437686,0.6294567570535361,0.2,ok,PDE,advection_diffusion,Advection--diffusion,pod_edmd_rbf,POD-EDMD-RBF,5,6,8,0.03,1
0.6666666666666666,0.06005155592967913,0.6289002293685529,0.1,ok,PDE,advection_diffusion,Advection--diffusion,pod_edmd_rbf,POD-EDMD-RBF,5,6,8,0.03,2
0.6666666666666666,0.06997996509770328,0.6230646258930569,0.1,ok,PDE,advection_diffusion,Advection--diffusion,pod_edmd_rbf,POD-EDMD-RBF,5,6,8,0.03,3
0.6666666666666666,0.058862903882946294,0.6296062164629052,0.1,ok,PDE,advection_diffusion,Advection--diffusion,pod_edmd_rbf,POD-EDMD-RBF,5,6,8,0.03,4
0.5,0.773691576313953,0.2818979391214616,0.1,ok,PDE,advection_diffusion,Advection--diffusion,pod_edmd_rbf,POD-EDMD-RBF,5,8,8,0.03,0
0.6666666666666666,0.08391314335444991,0.6150554320279704,0.2,ok,PDE,advection_diffusion,Advection--diffusion,pod_edmd_rbf,POD-EDMD-RBF,5,8,8,0.03,1
0.6666666666666666,0.07178263801851972,0.6220166692559793,0.2,ok,PDE,advection_diffusion,Advection--diffusion,pod_edmd_rbf,POD-EDMD-RBF,5,8,8,0.03,2
0.6666666666666666,0.08486084874049998,0.6145181360730754,0.2,ok,PDE,advection_diffusion,Advection--diffusion,pod_edmd_rbf,POD-EDMD-RBF,5,8,8,0.03,3
0.6666666666666666,0.10961825872980135,0.6008072248466884,0.2,ok,PDE,advection_diffusion,Advection--diffusion,pod_edmd_rbf,POD-EDMD-RBF,5,8,8,0.03,4
0.6666666666666666,0.10519350941580113,0.6032126147927368,0.2,ok,PDE,advection_diffusion,Advection--diffusion,pod_edmd_rbf,POD-EDMD-RBF,5,10,8,0.03,0
0.6666666666666666,0.11062915327414966,0.6002603701706589,0.2,ok,PDE,advection_diffusion,Advection--diffusion,pod_edmd_rbf,POD-EDMD-RBF,5,10,8,0.03,1
0.6666666666666666,0.09889120801093333,0.6066721271465788,0.2,ok,PDE,advection_diffusion,Advection--diffusion,pod_edmd_rbf,POD-EDMD-RBF,5,10,8,0.03,2
0.6666666666666666,0.1072657402994115,0.6020837116177692,0.2,ok,PDE,advection_diffusion,Advection--diffusion,pod_edmd_rbf,POD-EDMD-RBF,5,10,8,0.03,3
0.6666666666666666,0.2200200054417148,0.5464391269758699,0.3,ok,PDE,advection_diffusion,Advection--diffusion,pod_edmd_rbf,POD-EDMD-RBF,5,10,8,0.03,4
0.6666666666666666,0.12389648713482236,0.5931744375909714,0.2,ok,PDE,advection_diffusion,Advection--diffusion,pod_edmd_rbf,POD-EDMD-RBF,5,12,8,0.03,0
0.6666666666666666,0.1234784145851818,0.5933951716489523,0.2,ok,PDE,advection_diffusion,Advection--diffusion,pod_edmd_rbf,POD-EDMD-RBF,5,12,8,0.03,1
0.6666666666666666,0.12047636167092533,0.5949850344656009,0.2,ok,PDE,advection_diffusion,Advection--diffusion,pod_edmd_rbf,POD-EDMD-RBF,5,12,8,0.03,2
0.6666666666666666,0.1324536292789205,0.588692242605254,0.2,ok,PDE,advection_diffusion,Advection--diffusion,pod_edmd_rbf,POD-EDMD-RBF,5,12,8,0.03,3
0.6666666666666666,0.1370874860502412,0.5862932050922338,0.3,ok,PDE,advection_diffusion,Advection--diffusion,pod_edmd_rbf,POD-EDMD-RBF,5,12,8,0.03,4
0.6666666666666666,0.46021110901835716,0.4565549888980372,0.3,ok,PDE,advection_diffusion,Advection--diffusion,pod_edmd_rbf,POD-EDMD-RBF,7,1,8,0.03,0
0.6666666666666666,0.4625001904029828,0.455840396494561,0.3,ok,PDE,advection_diffusion,Advection--diffusion,pod_edmd_rbf,POD-EDMD-RBF,7,1,8,0.03,1
0.6666666666666666,0.4579226405925023,0.45727163301046764,0.3,ok,PDE,advection_diffusion,Advection--diffusion,pod_edmd_rbf,POD-EDMD-RBF,7,1,8,0.03,2
0.6666666666666666,0.46413021908038404,0.45533290548800914,0.3,ok,PDE,advection_diffusion,Advection--diffusion,pod_edmd_rbf,POD-EDMD-RBF,7,1,8,0.03,3
0.6666666666666666,0.4594138402403802,0.45680440207204004,0.3,ok,PDE,advection_diffusion,Advection--diffusion,pod_edmd_rbf,POD-EDMD-RBF,7,1,8,0.03,4
0.6666666666666666,0.10559804776686596,0.6029918992831331,0.2,ok,PDE,advection_diffusion,Advection--diffusion,pod_edmd_rbf,POD-EDMD-RBF,7,2,8,0.03,0
0.6666666666666666,0.10850685239713531,0.6014096035807144,0.2,ok,PDE,advection_diffusion,Advection--diffusion,pod_edmd_rbf,POD-EDMD-RBF,7,2,8,0.03,1
0.6666666666666666,0.1070780383346693,0.6021857932160818,0.2,ok,PDE,advection_diffusion,Advection--diffusion,pod_edmd_rbf,POD-EDMD-RBF,7,2,8,0.03,2
0.6666666666666666,0.11010449907454811,0.6005440633944293,0.2,ok,PDE,advection_diffusion,Advection--diffusion,pod_edmd_rbf,POD-EDMD-RBF,7,2,8,0.03,3
0.6666666666666666,0.10877326812231232,0.601265097052398,0.2,ok,PDE,advection_diffusion,Advection--diffusion,pod_edmd_rbf,POD-EDMD-RBF,7,2,8,0.03,4
0.6666666666666666,0.03606101855211418,0.6434627446927086,0.1,ok,PDE,advection_diffusion,Advection--diffusion,pod_edmd_rbf,POD-EDMD-RBF,7,4,8,0.03,0
0.6666666666666666,0.0341917785900991,0.6446257652285005,0.1,ok,PDE,advection_diffusion,Advection--diffusion,pod_edmd_rbf,POD-EDMD-RBF,7,4,8,0.03,1
0.6666666666666666,0.03410059606949787,0.6446826055420459,0.07,ok,PDE,advection_diffusion,Advection--diffusion,pod_edmd_rbf,POD-EDMD-RBF,7,4,8,0.03,2
0.6666666666666666,0.03952149109188738,0.6413207157135508,0.07,ok,PDE,advection_diffusion,Advection--diffusion,pod_edmd_rbf,POD-EDMD-RBF,7,4,8,0.03,3
0.6666666666666666,0.03619551194470688,0.6433792261997764,0.07,ok,PDE,advection_diffusion,Advection--diffusion,pod_edmd_rbf,POD-EDMD-RBF,7,4,8,0.03,4
0.6666666666666666,0.049122068577740874,0.6354519522884919,0.2,ok,PDE,advection_diffusion,Advection--diffusion,pod_edmd_rbf,POD-EDMD-RBF,7,5,8,0.03,0
0.6666666666666666,0.046065465115373704,0.6373087429983533,0.2,ok,PDE,advection_diffusion,Advection--diffusion,pod_edmd_rbf,POD-EDMD-RBF,7,5,8,0.03,1
0.6666666666666666,0.042388425834339216,0.6395568582153618,0.1,ok,PDE,advection_diffusion,Advection--diffusion,pod_edmd_rbf,POD-EDMD-RBF,7,5,8,0.03,2
0.6666666666666666,0.05168456541924936,0.6339036328834046,0.1,ok,PDE,advection_diffusion,Advection--diffusion,pod_edmd_rbf,POD-EDMD-RBF,7,5,8,0.03,3
0.6666666666666666,0.056603119435172745,0.6309527715790257,0.1,ok,PDE,advection_diffusion,Advection--diffusion,pod_edmd_rbf,POD-EDMD-RBF,7,5,8,0.03,4
0.6666666666666666,0.05977851666624685,0.6290622579931182,0.2,ok,PDE,advection_diffusion,Advection--diffusion,pod_edmd_rbf,POD-EDMD-RBF,7,6,8,0.03,0
0.6666666666666666,0.058444981588826106,0.6298548136776433,0.2,ok,PDE,advection_diffusion,Advection--diffusion,pod_edmd_rbf,POD-EDMD-RBF,7,6,8,0.03,1
0.6666666666666666,0.05974395735632884,0.6290827723422502,0.2,ok,PDE,advection_diffusion,Advection--diffusion,pod_edmd_rbf,POD-EDMD-RBF,7,6,8,0.03,2
0.6666666666666666,0.07270325323761886,0.6214828422068658,0.2,ok,PDE,advection_diffusion,Advection--diffusion,pod_edmd_rbf,POD-EDMD-RBF,7,6,8,0.03,3
0.6666666666666666,0.059372249877110046,0.6293035019031333,0.1,ok,PDE,advection_diffusion,Advection--diffusion,pod_edmd_rbf,POD-EDMD-RBF,7,6,8,0.03,4
0.5,0.778607036615808,0.2811188698271206,0.001,ok,PDE,advection_diffusion,Advection--diffusion,pod_edmd_rbf,POD-EDMD-RBF,7,8,8,0.03,0
0.6666666666666666,0.08564049773082222,0.6140768219867591,0.2,ok,PDE,advection_diffusion,Advection--diffusion,pod_edmd_rbf,POD-EDMD-RBF,7,8,8,0.03,1
0.6666666666666666,0.07320040696692992,0.6211949439627912,0.2,ok,PDE,advection_diffusion,Advection--diffusion,pod_edmd_rbf,POD-EDMD-RBF,7,8,8,0.03,2
0.6666666666666666,0.08664396231408836,0.6135097509279404,0.2,ok,PDE,advection_diffusion,Advection--diffusion,pod_edmd_rbf,POD-EDMD-RBF,7,8,8,0.03,3
0.6666666666666666,0.11034546728615635,0.6004137327602153,0.2,ok,PDE,advection_diffusion,Advection--diffusion,pod_edmd_rbf,POD-EDMD-RBF,7,8,8,0.03,4
0.6666666666666666,0.10420464638158558,0.6037528177872594,0.2,ok,PDE,advection_diffusion,Advection--diffusion,pod_edmd_rbf,POD-EDMD-RBF,7,10,8,0.03,0
0.6666666666666666,0.11101360905175144,0.6000526557326923,0.2,ok,PDE,advection_diffusion,Advection--diffusion,pod_edmd_rbf,POD-EDMD-RBF,7,10,8,0.03,1
0.6666666666666666,0.09945182858151302,0.6063627794650943,0.2,ok,PDE,advection_diffusion,Advection--diffusion,pod_edmd_rbf,POD-EDMD-RBF,7,10,8,0.03,2
0.6666666666666666,0.11004155078703137,0.6005781190749057,0.2,ok,PDE,advection_diffusion,Advection--diffusion,pod_edmd_rbf,POD-EDMD-RBF,7,10,8,0.03,3
0.6666666666666666,0.25143162784151885,0.5327232042365267,0.3,ok,PDE,advection_diffusion,Advection--diffusion,pod_edmd_rbf,POD-EDMD-RBF,7,10,8,0.03,4
0.6666666666666666,0.12325741407052411,0.593511921947403,0.2,ok,PDE,advection_diffusion,Advection--diffusion,pod_edmd_rbf,POD-EDMD-RBF,7,12,8,0.03,0
0.6666666666666666,0.12061168097876859,0.594913187130429,0.2,ok,PDE,advection_diffusion,Advection--diffusion,pod_edmd_rbf,POD-EDMD-RBF,7,12,8,0.03,1
0.6666666666666666,0.12502025068145994,0.5925819257589771,0.2,ok,PDE,advection_diffusion,Advection--diffusion,pod_edmd_rbf,POD-EDMD-RBF,7,12,8,0.03,2
0.6666666666666666,0.1345188251520209,0.5876206298977331,0.2,ok,PDE,advection_diffusion,Advection--diffusion,pod_edmd_rbf,POD-EDMD-RBF,7,12,8,0.03,3
0.6666666666666666,0.13908729525071512,0.5852638945638772,0.3,ok,PDE,advection_diffusion,Advection--diffusion,pod_edmd_rbf,POD-EDMD-RBF,7,12,8,0.03,4
