setting,system,method,method_label,seed,noise,sparse_factor,status,n_observed,pod_rank,n_regression_rows,upsample,wall_seconds,tv_lambda,tv_cv_mse,tv_grid_edge,tv_grid_lower,tv_grid_upper,tv_cv_folds,tv_cv_spatial_points,tv_final_primal_objective,tv_final_dual_objective,tv_final_primal_dual_gap,tv_final_relative_primal_dual_gap,tv_final_max_relative_gap,tv_final_kkt_stationarity_max,tv_final_kkt_complementarity_gap,tv_final_kkt_subgradient_prox_max,tv_final_masked_dual_stationarity_max,tv_final_dual_box_violation,tv_final_dual_scale_min,tv_final_converged,tv_final_iterations,tv_final_rho,tv_final_tolerance,tv_final_method,tv_final_elapsed_seconds,tv_final_n_observed,tv_final_n_times,tv_final_n_channels,tv_final_objective
ODE,vanderpol_mu2,baseline,Raw FD,0,0.01,8,ok,251,0,249,1,0.03634899200005748,,,,,,,,,,,,,,,,,,,,,,,,,,,,
ODE,vanderpol_mu2,edmd_poly3,Polynomial EDMD,0,0.01,8,ok,251,0,1249,5,0.058080127999801334,,,,,,,,,,,,,,,,,,,,,,,,,,,,
ODE,vanderpol_mu2,tv_diff,TV,0,0.01,8,ok,251,0,249,1,0.7846293210000113,0.001,0.000218927219384854,0.0,0.0,0.0,3.0,2.0,"[0.004767072863819369, 0.01102454545159404]","[0.004767020385833694, 0.011023497396742889]","[5.2477985674863337e-08, 1.0480548511514198e-06]","[5.2477985674863337e-08, 1.0480548511514198e-06]",1.0480548511514198e-06,2.2780196994205693e-07,"[5.2477842404051456e-08, 1.0480528645200743e-06]",2.6125054374270817e-06,0.0,0.0,0.9999430495648827,True,50.0,0.0502,1e-05,banded ADMM with dual certificate,0.0028867630003333034,251.0,251.0,2.0,0.5*sum_train((z-y)^2)+lambda*sum(abs(Bz))
ODE,vanderpol_mu2,baseline,Raw FD,1,0.01,8,ok,251,0,249,1,0.027271000999917305,,,,,,,,,,,,,,,,,,,,,,,,,,,,
ODE,vanderpol_mu2,edmd_poly3,Polynomial EDMD,1,0.01,8,ok,251,0,1249,5,0.04898061299991241,,,,,,,,,,,,,,,,,,,,,,,,,,,,
ODE,vanderpol_mu2,tv_diff,TV,1,0.01,8,ok,251,0,249,1,0.630685941000138,0.0001,0.00020656421752951687,0.0,0.0,0.0,3.0,2.0,"[0.0005590954763750644, 0.0011312026717355615]","[0.000559051443151241, 0.0011306430136080515]","[4.403322382336584e-08, 5.596581275099741e-07]","[4.403322382336584e-08, 5.596581275099741e-07]",5.596581275099741e-07,8.658017076098711e-08,"[4.403318571799628e-08, 5.596577337353345e-07]",2.1652398857208155e-07,0.0,0.0,0.9997835525775112,True,50.0,0.02,1e-05,banded ADMM with dual certificate,0.0027597220000643574,251.0,251.0,2.0,0.5*sum_train((z-y)^2)+lambda*sum(abs(Bz))
ODE,vanderpol_mu2,baseline,Raw FD,2,0.01,8,ok,251,0,249,1,0.02616815699957442,,,,,,,,,,,,,,,,,,,,,,,,,,,,
ODE,vanderpol_mu2,edmd_poly3,Polynomial EDMD,2,0.01,8,ok,251,0,1249,5,0.04441711000026771,,,,,,,,,,,,,,,,,,,,,,,,,,,,
ODE,vanderpol_mu2,tv_diff,TV,2,0.01,8,ok,251,0,249,1,0.6887131529997532,0.0001,0.00019750136978541257,0.0,0.0,0.0,3.0,2.0,"[0.00048284831864969433, 0.0011137546045121845]","[0.0004828045648593341, 0.00111319993737144]","[4.3753790360235266e-08, 5.546671407443901e-07]","[4.3753790360235266e-08, 5.546671407443901e-07]",5.546671407443901e-07,8.596284165632252e-08,"[4.375374266645275e-08, 5.546667722353474e-07]",4.071277854844624e-07,0.0,0.0,0.9997850941405939,True,50.0,0.02,1e-05,banded ADMM with dual certificate,0.0032517449999431847,251.0,251.0,2.0,0.5*sum_train((z-y)^2)+lambda*sum(abs(Bz))
ODE,vanderpol_mu2,baseline,Raw FD,3,0.01,8,ok,251,0,249,1,0.026740509999854112,,,,,,,,,,,,,,,,,,,,,,,,,,,,
ODE,vanderpol_mu2,edmd_poly3,Polynomial EDMD,3,0.01,8,ok,251,0,1249,5,0.049235478000355215,,,,,,,,,,,,,,,,,,,,,,,,,,,,
ODE,vanderpol_mu2,tv_diff,TV,3,0.01,8,ok,251,0,249,1,0.6586762819997602,0.0001,0.00021746712423880164,0.0,0.0,0.0,3.0,2.0,"[0.0005442291100976318, 0.001156003154565699]","[0.0005441569112835899, 0.0011554358248537602]","[7.2198814041885e-08, 5.673297119388864e-07]","[7.2198814041885e-08, 5.673297119388864e-07]",5.673297119388864e-07,8.695721320333945e-08,"[7.219868921346049e-08, 5.673293201435663e-07]",2.2468075949744204e-07,0.0,0.0,0.9997826111723066,True,50.0,0.02,1e-05,banded ADMM with dual certificate,0.0028449100000216276,251.0,251.0,2.0,0.5*sum_train((z-y)^2)+lambda*sum(abs(Bz))
ODE,vanderpol_mu2,baseline,Raw FD,4,0.01,8,ok,251,0,249,1,0.02718166500017105,,,,,,,,,,,,,,,,,,,,,,,,,,,,
ODE,vanderpol_mu2,edmd_poly3,Polynomial EDMD,4,0.01,8,ok,251,0,1249,5,0.0462819539998236,,,,,,,,,,,,,,,,,,,,,,,,,,,,
ODE,vanderpol_mu2,tv_diff,TV,4,0.01,8,ok,251,0,249,1,0.5900713749997522,0.0001,0.0002067785253592881,0.0,0.0,0.0,3.0,2.0,"[0.0005036757672551489, 0.0011561359954052172]","[0.0005036246076632865, 0.001155655914862777]","[5.115959186244735e-08, 4.80080542440307e-07]","[5.115959186244735e-08, 4.80080542440307e-07]",4.80080542440307e-07,5.6341111205377055e-08,"[5.115952138225882e-08, 4.800803845193217e-07]",1.9242986915024574e-07,0.0,0.0,0.9998591475994606,True,50.0,0.02,1e-05,banded ADMM with dual certificate,0.0027233169998908124,251.0,251.0,2.0,0.5*sum_train((z-y)^2)+lambda*sum(abs(Bz))
PDE,burgers,baseline,Raw FD,0,0.01,4,ok,51,0,2352,1,0.022978616999807855,,,,,,,,,,,,,,,,,,,,,,,,,,,,
PDE,burgers,pod_edmd_rbf,POD-EDMD-RBF,0,0.01,4,ok,51,6,5000,5,0.044038549999640964,,,,,,,,,,,,,,,,,,,,,,,,,,,,
PDE,burgers,tv_diff,TV,0,0.01,4,ok,51,0,2352,1,0.4025150699999358,0.01,0.00014378977315172132,0.0,0.0,0.0,3.0,8.0,"[0.001536243671946584, 0.0017590052294295696, 0.0019524239480288785, 0.001466431614617597, 0.002150529294443025, 0.0027257447260189086, 0.0027459263939739057, 0.002561722073821165, 0.0023675837049452145, 0.0027570350394399137, 0.002962103512939885, 0.002846148306229257, 0.0020812585053966736, 0.0019167425245084323, 0.0025733862425387235, 0.0034044438008775726, 0.0033514378901495466, 0.002578278321057598, 0.003523521051341679, 0.002963102638794381, 0.002612001412279758, 0.0030857332351495637, 0.0030112022708536496, 0.002220226253529687, 0.002404376531920787, 0.0029096163927020517, 0.003928679854785448, 0.0038797720618505543, 0.0041841968104234396, 0.003351122924348326, 0.0029316027458237527, 0.002834815701760988, 0.002600176920643447, 0.0027660705397427325, 0.002676558466687422, 0.002079552160400633, 0.0018819103714940817, 0.002306005257071753, 0.0022364981190225062, 0.002814748325400361, 0.0029670343073419096, 0.0017849645335562513, 0.002201122556357885, 0.002666440588916538, 0.002657623681937752, 0.0015022989778977626, 0.0026696755896670134, 0.0021938174328917067]","[0.0015348801304051218, 0.0017582459721035668, 0.001951559141589505, 0.0014647117372716424, 0.00214862005759216, 0.0027257239638410306, 0.0027435130906511922, 0.0025614231657966995, 0.0023671492877630654, 0.0027570345092530675, 0.0029618227063483637, 0.002846124641235036, 0.0020812573880950123, 0.0019164580906695415, 0.002573385971491582, 0.0034041928600149433, 0.003351408167424358, 0.002578030923432367, 0.003523520232294918, 0.0029631019075348633, 0.0026114278548284076, 0.0030855255873411874, 0.0030112022528731193, 0.002218915936512354, 0.002402950910615813, 0.002909361608488924, 0.003928663919726835, 0.0038772469508369448, 0.004184196798393821, 0.003351028812181873, 0.002931598553111745, 0.0028348044653122234, 0.0026000568504036146, 0.002766070538791132, 0.0026765508274136933, 0.002079552152728578, 0.0018816510178492425, 0.002305516567071799, 0.0022355158145445546, 0.0028145877102251993, 0.0029670341038816658, 0.0017849126622659461, 0.0022009778433518317, 0.0026664179242022737, 0.002657225776137678, 0.0014998456196794105, 0.002669531681248925, 0.002192660155622498]","[1.3635415414621661e-06, 7.592573260028698e-07, 8.648064393735558e-07, 1.7198773459546363e-06, 1.909236850864901e-06, 2.0762177877983734e-08, 2.4133033227134552e-06, 2.9890802446565223e-07, 4.344171821491806e-07, 5.301868462488646e-10, 2.808065915210767e-07, 2.3664994220750496e-08, 1.1173016613470754e-09, 2.844338388907283e-07, 2.710471413286397e-10, 2.5094086262937576e-07, 2.9722725188637694e-08, 2.473976252310127e-07, 8.19046760969222e-10, 7.312595177826064e-10, 5.735574513505114e-07, 2.0764780837628435e-07, 1.7980530259142924e-11, 1.310317017332984e-06, 1.4256213049742596e-06, 2.5478421312790864e-07, 1.5935058612914776e-08, 2.525111013609513e-06, 1.2029618620679194e-11, 9.411216645317105e-08, 4.192712007872884e-09, 1.1236448764495588e-08, 1.2007023983233445e-07, 9.516003436627063e-13, 7.639273728789892e-09, 7.672054831708852e-12, 2.5935364483917374e-07, 4.886899999541859e-07, 9.823044779515983e-07, 1.606151751615964e-07, 2.0346024387843387e-10, 5.187129030513951e-08, 1.4471300605316956e-07, 2.2664714264229724e-08, 3.979058000739069e-07, 2.4533582183520336e-06, 1.4390841808833987e-07, 1.157277269208789e-06]","[1.3635415414621661e-06, 7.592573260028698e-07, 8.648064393735558e-07, 1.7198773459546363e-06, 1.909236850864901e-06, 2.0762177877983734e-08, 2.4133033227134552e-06, 2.9890802446565223e-07, 4.344171821491806e-07, 5.301868462488646e-10, 2.808065915210767e-07, 2.3664994220750496e-08, 1.1173016613470754e-09, 2.844338388907283e-07, 2.710471413286397e-10, 2.5094086262937576e-07, 2.9722725188637694e-08, 2.473976252310127e-07, 8.19046760969222e-10, 7.312595177826064e-10, 5.735574513505114e-07, 2.0764780837628435e-07, 1.7980530259142924e-11, 1.310317017332984e-06, 1.4256213049742596e-06, 2.5478421312790864e-07, 1.5935058612914776e-08, 2.525111013609513e-06, 1.2029618620679194e-11, 9.411216645317105e-08, 4.192712007872884e-09, 1.1236448764495588e-08, 1.2007023983233445e-07, 9.516003436627063e-13, 7.639273728789892e-09, 7.672054831708852e-12, 2.5935364483917374e-07, 4.886899999541859e-07, 9.823044779515983e-07, 1.606151751615964e-07, 2.0346024387843387e-10, 5.187129030513951e-08, 1.4471300605316956e-07, 2.2664714264229724e-08, 3.979058000739069e-07, 2.4533582183520336e-06, 1.4390841808833987e-07, 1.157277269208789e-06]",2.525111013609513e-06,1.4786156505965445e-05,"[1.3635403259728684e-06, 7.592495990787888e-07, 8.648051748481791e-07, 1.719871187570829e-06, 1.9092117951143494e-06, 2.076216896204717e-08, 2.4133022442300155e-06, 2.9890774104506706e-07, 4.3440654359707537e-07, 5.301868158912038e-10, 2.808061802036122e-07, 2.3664988956298427e-08, 1.1173013952838623e-09, 2.844337658053104e-07, 2.710471400275971e-10, 2.5093899364220587e-07, 2.97227145907783e-08, 2.4739751720761344e-07, 8.190467126138051e-10, 7.312595013027334e-10, 5.735517314960168e-07, 2.0764729592877805e-07, 1.7980528307579013e-11, 1.3103008179423054e-06, 1.4256113832753804e-06, 2.547834278814748e-07, 1.59350488828508e-08, 2.5251100756935353e-06, 1.2029613416508766e-11, 9.411202431253152e-08, 4.192711800573429e-09, 1.123644615048415e-08, 1.200700200775645e-07, 9.516025120670513e-13, 7.639272504075117e-09, 7.67205374750668e-12, 2.5935323714619714e-07, 4.886898766309593e-07, 9.823040091443136e-07, 1.606148555921387e-07, 2.0346023824058257e-10, 5.187118945818286e-08, 1.4470873160009074e-07, 2.2664710331286343e-08, 3.9790468213906065e-07, 2.4523860330181698e-06, 1.4390821578738177e-07, 1.1572650959280678e-06]",5.091967033854505e-05,0.0,0.0,0.9989827637500603,True,125.0,0.40800000000000003,1e-05,banded ADMM with dual certificate,0.013109952999911911,51.0,51.0,48.0,0.5*sum_train((z-y)^2)+lambda*sum(abs(Bz))
PDE,burgers,pod_tv_diff,POD+TV,0,0.01,4,ok,51,6,2352,1,0.3812457449998874,0.01,0.0001601813952283308,0.0,0.0,0.0,3.0,48.0,"[0.003972085750666676, 0.005270042369647043, 0.005966636368007244, 0.005575809852372484, 0.005676609010686647, 0.004349952064040203]","[0.003969071857305785, 0.005269863505741049, 0.0059666250089899795, 0.005575808564891044, 0.005676565790418784, 0.004349609319197916]","[3.0138933608909665e-06, 1.7886390599360091e-07, 1.13590172641162e-08, 1.2874814400362644e-09, 4.322026786289512e-08, 3.427448422863369e-07]","[3.0138933608909665e-06, 1.7886390599360091e-07, 1.13590172641162e-08, 1.2874814400362644e-09, 4.322026786289512e-08, 3.427448422863369e-07]",3.0138933608909665e-06,2.313033649663232e-06,"[3.0138811425660904e-06, 1.7886383322455318e-07, 1.1359016776658903e-08, 1.2874814244237531e-09, 4.3220261355947365e-08, 3.427444385940663e-07]",7.612511963950297e-05,0.0,0.0,0.9998689610226715,True,75.0,0.20400000000000001,1e-05,banded ADMM with dual certificate,0.0032937280002443003,51.0,51.0,6.0,0.5*sum_train((z-y)^2)+lambda*sum(abs(Bz))
PDE,burgers,baseline,Raw FD,1,0.01,4,ok,51,0,2352,1,0.03268485499984308,,,,,,,,,,,,,,,,,,,,,,,,,,,,
PDE,burgers,pod_edmd_rbf,POD-EDMD-RBF,1,0.01,4,ok,51,6,5000,5,0.06400169900007313,,,,,,,,,,,,,,,,,,,,,,,,,,,,
PDE,burgers,tv_diff,TV,1,0.01,4,ok,51,0,2352,1,0.3993001259996163,0.01,0.00011551474664487084,0.0,0.0,0.0,3.0,8.0,"[0.0017625043830082213, 0.0016763263527647915, 0.002041787650687616, 0.002610309449662601, 0.0023193814585380987, 0.00202357980869125, 0.0021900081278128924, 0.0016778791639716884, 0.0020184267127008847, 0.002246093376399809, 0.002319693859923702, 0.0020194769655818546, 0.0024545092777605174, 0.0023499427691216004, 0.002295883670907167, 0.002403185829165228, 0.0027080940419031757, 0.0031415736419161885, 0.0025474567295828377, 0.002990479223778468, 0.0023748609862179783, 0.002801783137561324, 0.0031982970986388463, 0.0025561355789546045, 0.003273184238663288, 0.0036937415234448057, 0.004505481788508446, 0.0030719440036826246, 0.0034307608604646567, 0.003840385681715578, 0.0027241641135736317, 0.0026795253151584496, 0.003217692456426874, 0.0027719707586590057, 0.00232562352388251, 0.002367132656047782, 0.002843612235806362, 0.00339273148428594, 0.00258564402111022, 0.002324083290580355, 0.002295457230580649, 0.0013607481284443395, 0.0023939660401439524, 0.002747005153071306, 0.0031990409524438558, 0.002166873644551451, 0.0016618325778132205, 0.002369911608639579]","[0.001754318200398335, 0.0016706234812307685, 0.0020402686711753723, 0.0026046956469765654, 0.0023158752021679475, 0.0020202480216992675, 0.002187216083383436, 0.0016744892286133077, 0.0020157470589726675, 0.0022427536941239845, 0.002318089983369357, 0.0020121316669823057, 0.0024510641302127674, 0.002349039364304058, 0.0022938882479948673, 0.002399931230669201, 0.0027078272848804403, 0.0031413799542711176, 0.002546758865873914, 0.002988443783824549, 0.002370949058775323, 0.0027989946277497536, 0.003197574374661315, 0.0025509709745074284, 0.0032700822717135446, 0.0036916962263213006, 0.004505156170547584, 0.0030709295108275296, 0.0034243607601803375, 0.003840381264965345, 0.002723957408557334, 0.002674050887912622, 0.003214023789489072, 0.00276933488192043, 0.002325576769937819, 0.0023598011539758498, 0.0028383332424828447, 0.0033924493583211658, 0.0025780888859678213, 0.002321363079326516, 0.0022913601119771694, 0.0013526157124348084, 0.0023937763143782823, 0.0027417671824216346, 0.003196457382245299, 0.0021570736925554048, 0.0016531282877091575, 0.0023685116927634163]","[8.186182609886284e-06, 5.702871534022909e-06, 1.5189795122437164e-06, 5.613802686035493e-06, 3.506256370151145e-06, 3.3317869919825133e-06, 2.7920444294563668e-06, 3.3899353583807194e-06, 2.6796537282171816e-06, 3.3396822758245855e-06, 1.6038765543449282e-06, 7.345298599548914e-06, 3.4451475477499834e-06, 9.034048175423498e-07, 1.9954229122996596e-06, 3.254598496027321e-06, 2.667570227353651e-07, 1.9368764507098762e-07, 6.978637089238501e-07, 2.0354399539188398e-06, 3.911927442655332e-06, 2.7885098115702257e-06, 7.227239775314462e-07, 5.164604447176115e-06, 3.1019669497435107e-06, 2.0452971235050514e-06, 3.256179608619736e-07, 1.0144928550949797e-06, 6.400100284319199e-06, 4.41675023291066e-09, 2.0670501629750301e-07, 5.474427245827362e-06, 3.6686669378019343e-06, 2.6358767385758e-06, 4.6753944691040744e-08, 7.331502071932384e-06, 5.2789933235172434e-06, 2.8212596477408813e-07, 7.555135142398809e-06, 2.7202112538389674e-06, 4.097118603479683e-06, 8.132416009531181e-06, 1.897257656700499e-07, 5.237970649671266e-06, 2.583570198556786e-06, 9.799951996046236e-06, 8.704290104062954e-06, 1.3999158761626891e-06]","[8.186182609886284e-06, 5.702871534022909e-06, 1.5189795122437164e-06, 5.613802686035493e-06, 3.506256370151145e-06, 3.3317869919825133e-06, 2.7920444294563668e-06, 3.3899353583807194e-06, 2.6796537282171816e-06, 3.3396822758245855e-06, 1.6038765543449282e-06, 7.345298599548914e-06, 3.4451475477499834e-06, 9.034048175423498e-07, 1.9954229122996596e-06, 3.254598496027321e-06, 2.667570227353651e-07, 1.9368764507098762e-07, 6.978637089238501e-07, 2.0354399539188398e-06, 3.911927442655332e-06, 2.7885098115702257e-06, 7.227239775314462e-07, 5.164604447176115e-06, 3.1019669497435107e-06, 2.0452971235050514e-06, 3.256179608619736e-07, 1.0144928550949797e-06, 6.400100284319199e-06, 4.41675023291066e-09, 2.0670501629750301e-07, 5.474427245827362e-06, 3.6686669378019343e-06, 2.6358767385758e-06, 4.6753944691040744e-08, 7.331502071932384e-06, 5.2789933235172434e-06, 2.8212596477408813e-07, 7.555135142398809e-06, 2.7202112538389674e-06, 4.097118603479683e-06, 8.132416009531181e-06, 1.897257656700499e-07, 5.237970649671266e-06, 2.583570198556786e-06, 9.799951996046236e-06, 8.704290104062954e-06, 1.3999158761626891e-06]",9.799951996046236e-06,4.677898190384722e-06,"[8.186182495136549e-06, 5.7028588362153685e-06, 1.5189782451417873e-06, 5.613777089365094e-06, 3.506185661006551e-06, 3.331769219794495e-06, 2.792021578207262e-06, 3.3899118823140883e-06, 2.679644758512645e-06, 3.3396676040559027e-06, 1.6038735726783653e-06, 7.345246815419954e-06, 3.44512683881585e-06, 9.034045311642237e-07, 1.995421875755545e-06, 3.2545735181338693e-06, 2.667569527605232e-07, 1.9368669921409655e-07, 6.978627596868504e-07, 2.0354294790361598e-06, 3.911859348763912e-06, 2.7885079252091497e-06, 7.227235841696707e-07, 5.164582167982001e-06, 3.1018626030463207e-06, 2.0452965160968305e-06, 3.256174724280275e-07, 1.0144926065451011e-06, 6.400083894072834e-06, 4.41674981874543e-09, 2.0670495132126682e-07, 5.474421243172175e-06, 3.668660163580126e-06, 2.6358610188273804e-06, 4.675393349860488e-08, 7.3314034263341835e-06, 5.278986254335849e-06, 2.8212439181119105e-07, 7.555072781272347e-06, 2.7202062791101137e-06, 4.097112831398411e-06, 8.132412211885281e-06, 1.897256012060129e-07, 5.237911260047297e-06, 2.5835539404299966e-06, 9.799870570667535e-06, 8.704289066279868e-06, 1.3999114461984812e-06]",0.00017952497819263835,0.0,0.0,0.9996864470276295,True,100.0,0.20400000000000001,1e-05,banded ADMM with dual certificate,0.010522450000280514,51.0,51.0,48.0,0.5*sum_train((z-y)^2)+lambda*sum(abs(Bz))
PDE,burgers,pod_tv_diff,POD+TV,1,0.01,4,ok,51,6,2352,1,0.4574707249998937,0.001,0.00015726032958244705,0.0,0.0,0.0,3.0,48.0,"[0.0009078949802456449, 0.001005897023415632, 0.0008535913044049752, 0.0010096739713185594, 0.0008187754037049621, 0.0008373539163590452]","[0.0009060861016134312, 0.0010032381732011926, 0.000852441058695419, 0.0010082436985402272, 0.000811707169493087, 0.000834704691930658]","[1.8088786322137049e-06, 2.658850214439434e-06, 1.1502457095562179e-06, 1.4302727783322214e-06, 7.068234211875094e-06, 2.6492244283871915e-06]","[1.8088786322137049e-06, 2.658850214439434e-06, 1.1502457095562179e-06, 1.4302727783322214e-06, 7.068234211875094e-06, 2.6492244283871915e-06]",7.068234211875094e-06,2.765077207542068e-05,"[1.8086090286618733e-06, 2.65839404926685e-06, 1.1501857552497245e-06, 1.4299234444157182e-06, 7.061325018211393e-06, 2.649066644787204e-06]",0.0006118943286301977,0.0,0.0,0.9930949285975956,True,25.0,0.01,1e-05,banded ADMM with dual certificate,0.001996982000036951,51.0,51.0,6.0,0.5*sum_train((z-y)^2)+lambda*sum(abs(Bz))
PDE,burgers,baseline,Raw FD,2,0.01,4,ok,51,0,2352,1,0.022510341000270273,,,,,,,,,,,,,,,,,,,,,,,,,,,,
PDE,burgers,pod_edmd_rbf,POD-EDMD-RBF,2,0.01,4,ok,51,6,5000,5,0.04010807200029376,,,,,,,,,,,,,,,,,,,,,,,,,,,,
PDE,burgers,tv_diff,TV,2,0.01,4,ok,51,0,2352,1,0.40808884499983833,0.01,0.00012279480455198042,0.0,0.0,0.0,3.0,8.0,"[0.002278923130323687, 0.0027566470115876433, 0.001805980610761722, 0.0024180128806668673, 0.0024068762850582683, 0.002204438714333525, 0.0020488531189852594, 0.0013318654510721744, 0.0022172514510344432, 0.0020918612898673276, 0.003064068542319612, 0.001967823728958468, 0.0020499377922557375, 0.0024425848756549975, 0.0025491968480214353, 0.0024972407586496756, 0.0027619710445361046, 0.0028386805536862315, 0.0025919251576084408, 0.0027114682166971974, 0.0030611380639069584, 0.003224554715131536, 0.0034349999979658456, 0.0017998472709627915, 0.002712537072681692, 0.0034166380031568164, 0.004409906724552726, 0.0032681169921917976, 0.003966139906964654, 0.0032737947483806595, 0.0029948548909045714, 0.0034374293725305087, 0.0027540836480521307, 0.0024210231261005393, 0.0024461470283790882, 0.002818212716406674, 0.002596545821445356, 0.0027986944570852733, 0.0029452482175632236, 0.003006225433695809, 0.0028517010893125143, 0.0018579036618727382, 0.002444241596725573, 0.002498095661039905, 0.0029665888697681096, 0.0021389499569285653, 0.002032805033204459, 0.00193664988745485]","[0.0022752035115209132, 0.002753477468497716, 0.0018044470956587275, 0.002416952569619212, 0.0024039672188764395, 0.002202458919492039, 0.0020484798138127795, 0.0013290347712414054, 0.0022171383743256755, 0.0020899031827299533, 0.0030639555128808772, 0.001965072189781838, 0.002049428429411916, 0.0024425767193475144, 0.002546664953529615, 0.0024968497591273783, 0.0027591680676191136, 0.0028386585560195832, 0.0025918951611148718, 0.0027113527901313017, 0.003061135084072613, 0.003222208685370205, 0.0034298869040538258, 0.0017935851542424932, 0.0027125108231208653, 0.003411219182717482, 0.004409570607524142, 0.0032657211548479093, 0.003964369483810589, 0.0032724068125864316, 0.0029928417956003126, 0.0034373326976272272, 0.002750404545088917, 0.0024201815784958974, 0.0024455960915049256, 0.0028180600902151607, 0.002595792605770465, 0.0027952457604176256, 0.002944454113188351, 0.0030057121589794926, 0.0028494269250135713, 0.0018578131709870546, 0.002444175108655031, 0.002494640479312079, 0.0029665866412266423, 0.0021385016193282394, 0.002032729852573524, 0.0019331516482752917]","[3.719618802773897e-06, 3.1695430899271113e-06, 1.5335151029945062e-06, 1.0603110476552907e-06, 2.9090661818288385e-06, 1.9797948414860753e-06, 3.733051724798611e-07, 2.830679830769043e-06, 1.1307670876774603e-07, 1.958107137374314e-06, 1.1302943873480603e-07, 2.751539176630048e-06, 5.093628438214946e-07, 8.156307483141861e-09, 2.5318944918200845e-06, 3.9099952229724663e-07, 2.8029769169909784e-06, 2.1997666648301828e-08, 2.9996493568999055e-08, 1.1542656589563771e-07, 2.979834345419319e-09, 2.3460297613312787e-06, 5.11309391201982e-06, 6.262116720298291e-06, 2.6249560826623747e-08, 5.418820439334615e-06, 3.361170285839585e-07, 2.3958373438883254e-06, 1.7704231540646362e-06, 1.387935794227961e-06, 2.0130953042587704e-06, 9.667490328147538e-08, 3.6791029632138317e-06, 8.415476046418763e-07, 5.509368741626539e-07, 1.5262619151336365e-07, 7.532156748911792e-07, 3.448696667647695e-06, 7.94104374872602e-07, 5.132747163162643e-07, 2.2741642989429663e-06, 9.049088568356331e-08, 6.648807054183623e-08, 3.455181727826228e-06, 2.228541467249462e-09, 4.483376003258481e-07, 7.518063093511079e-08, 3.49823917955832e-06]","[3.719618802773897e-06, 3.1695430899271113e-06, 1.5335151029945062e-06, 1.0603110476552907e-06, 2.9090661818288385e-06, 1.9797948414860753e-06, 3.733051724798611e-07, 2.830679830769043e-06, 1.1307670876774603e-07, 1.958107137374314e-06, 1.1302943873480603e-07, 2.751539176630048e-06, 5.093628438214946e-07, 8.156307483141861e-09, 2.5318944918200845e-06, 3.9099952229724663e-07, 2.8029769169909784e-06, 2.1997666648301828e-08, 2.9996493568999055e-08, 1.1542656589563771e-07, 2.979834345419319e-09, 2.3460297613312787e-06, 5.11309391201982e-06, 6.262116720298291e-06, 2.6249560826623747e-08, 5.418820439334615e-06, 3.361170285839585e-07, 2.3958373438883254e-06, 1.7704231540646362e-06, 1.387935794227961e-06, 2.0130953042587704e-06, 9.667490328147538e-08, 3.6791029632138317e-06, 8.415476046418763e-07, 5.509368741626539e-07, 1.5262619151336365e-07, 7.532156748911792e-07, 3.448696667647695e-06, 7.94104374872602e-07, 5.132747163162643e-07, 2.2741642989429663e-06, 9.049088568356331e-08, 6.648807054183623e-08, 3.455181727826228e-06, 2.228541467249462e-09, 4.483376003258481e-07, 7.518063093511079e-08, 3.49823917955832e-06]",6.262116720298291e-06,1.1943863928734477e-05,"[3.7196112160582987e-06, 3.1692232858290858e-06, 1.533473689602151e-06, 1.0603110042907817e-06, 2.9084859633254955e-06, 1.979759088565269e-06, 3.7330488591514385e-07, 2.830674732890218e-06, 1.1307635567139613e-07, 1.9580852292927367e-06, 1.1302828915567623e-07, 2.7515175992421682e-06, 5.093485914314279e-07, 8.15630024110503e-09, 2.531854161287768e-06, 3.909966440644383e-07, 2.802689147113173e-06, 2.1997642328562897e-08, 2.9996466484761425e-08, 1.1542627598843357e-07, 2.9798337209188674e-09, 2.3459210815137462e-06, 5.1130650886488296e-06, 6.261868134027366e-06, 2.6249446955796917e-08, 5.41867439469209e-06, 3.3611510980718906e-07, 2.3958160986856797e-06, 1.770277306021792e-06, 1.3879320754635154e-06, 2.013060235784604e-06, 9.667415642165313e-08, 3.6789791230552177e-06, 8.41524162531861e-07, 5.509355504602215e-07, 1.5262430200029507e-07, 7.532097147633886e-07, 3.448604284402544e-06, 7.940501795769984e-07, 5.132712501309178e-07, 2.274114585521002e-06, 9.048995535797678e-08, 6.64875623736759e-08, 3.455135127566444e-06, 2.228540754711794e-09, 4.4833661642245965e-07, 7.517896293007548e-08, 3.498166202857845e-06]",0.00011783720684008236,0.0,0.0,0.9994242632729541,True,100.0,0.40800000000000003,1e-05,banded ADMM with dual certificate,0.012615715999800159,51.0,51.0,48.0,0.5*sum_train((z-y)^2)+lambda*sum(abs(Bz))
PDE,burgers,pod_tv_diff,POD+TV,2,0.01,4,ok,51,6,2352,1,0.45933429299975614,0.01,0.00016185411469212834,0.0,0.0,0.0,3.0,48.0,"[0.0038215385283286497, 0.005241704631875511, 0.006547152730627117, 0.0057188433927569, 0.004570250560963585, 0.00439178521131634]","[0.0038183915239643016, 0.005239726037350952, 0.006546800609252835, 0.005712748707704882, 0.004568125581416706, 0.0043915537147570394]","[3.147004364348078e-06, 1.978594524558626e-06, 3.5212137428162343e-07, 6.094685052018475e-06, 2.1249795468794228e-06, 2.3149655930046475e-07]","[3.147004364348078e-06, 1.978594524558626e-06, 3.5212137428162343e-07, 6.094685052018475e-06, 2.1249795468794228e-06, 2.3149655930046475e-07]",6.094685052018475e-06,5.82544893784967e-06,"[3.1469883696047876e-06, 1.978560135047422e-06, 3.5211913184708676e-07, 6.094593170143103e-06, 2.1249561966527226e-06, 2.3149616622426816e-07]",0.00022986000327115952,0.0,0.0,0.9996801485371876,True,75.0,0.20400000000000001,1e-05,banded ADMM with dual certificate,0.0055938659997991635,51.0,51.0,6.0,0.5*sum_train((z-y)^2)+lambda*sum(abs(Bz))
PDE,burgers,baseline,Raw FD,3,0.01,4,ok,51,0,2352,1,0.027123152000058326,,,,,,,,,,,,,,,,,,,,,,,,,,,,
PDE,burgers,pod_edmd_rbf,POD-EDMD-RBF,3,0.01,4,ok,51,6,5000,5,0.043730334999963816,,,,,,,,,,,,,,,,,,,,,,,,,,,,
PDE,burgers,tv_diff,TV,3,0.01,4,ok,51,0,2352,1,0.3655810229997769,0.01,0.00016019699170185237,0.0,0.0,0.0,3.0,8.0,"[0.001930164167384972, 0.0029454384220716804, 0.0025936018960295393, 0.0013997847017577737, 0.0026819331026714877, 0.0029727807087855506, 0.0022426074092241847, 0.002546406331635019, 0.0025094574456675906, 0.0019245631227256285, 0.0027521175779547757, 0.003101607037663722, 0.0028662691618552656, 0.002689034167952187, 0.0028684653702095715, 0.002461814858867499, 0.0035484608859489533, 0.0027754368353183146, 0.003625103512302689, 0.0027632999066444916, 0.0026460169453727234, 0.002822557232090483, 0.00261195835780784, 0.0022694461460463634, 0.0020540589934279958, 0.0032942991157896297, 0.003623090447166742, 0.004748462280883295, 0.0035430182796016736, 0.004186550109563317, 0.0036281731472319664, 0.003462553385654322, 0.003409682702880613, 0.0026922378928157156, 0.0031706135655495135, 0.0025900350546998055, 0.002706053129609685, 0.0019336814952414195, 0.002508727205082297, 0.0018956984025963416, 0.002330165724358353, 0.002590288489613906, 0.0022408567270433355, 0.002064924907447717, 0.002113734735841953, 0.001981155258881949, 0.0022206737574461547, 0.0022851048775240227]","[0.0019244969635688555, 0.0029400703161749377, 0.0025905990962984565, 0.0013967170856285767, 0.002681542258181585, 0.0029658353273670727, 0.002239083316153256, 0.002544747191832764, 0.0025093196782201457, 0.001923901780510474, 0.0027464064324050574, 0.00309929730821804, 0.0028662305658715436, 0.0026880628922798184, 0.0028623137904491627, 0.0024618140272367876, 0.00354605847623445, 0.002774948775378455, 0.0036251026188378406, 0.002763181863447964, 0.0026459278020786706, 0.0028223304498064205, 0.002610906800578993, 0.0022679603661366395, 0.002053331899684724, 0.003293979892305568, 0.0036215510829892134, 0.004746731196959998, 0.0035429776095924357, 0.004186366454843238, 0.003624794974330929, 0.003461446223927335, 0.003409629960679827, 0.0026885284651954394, 0.0031706122128798515, 0.002588752880623731, 0.0027059911714892634, 0.0019300525929596007, 0.0025081291461767187, 0.001890906702050214, 0.0023273206927920337, 0.002585813565343349, 0.0022400962577576165, 0.002063382655345411, 0.0021104937999360776, 0.001975238634894778, 0.0022194383911400698, 0.002283889150502112]","[5.667203816116543e-06, 5.368105896742716e-06, 3.002799731082785e-06, 3.067616129196968e-06, 3.9084448990277243e-07, 6.9453814184779195e-06, 3.5240930709285433e-06, 1.659139802255051e-06, 1.3776744744488367e-07, 6.613422151545423e-07, 5.711145549718369e-06, 2.3097294456820607e-06, 3.859598372195697e-08, 9.712756723688314e-07, 6.1515797604087645e-06, 8.316307113440113e-10, 2.4024097145035166e-06, 4.880599398593768e-07, 8.934648485468821e-10, 1.1804319652742451e-07, 8.914329405283056e-08, 2.267822840624871e-07, 1.0515572288470089e-06, 1.4857799097238965e-06, 7.270937432716715e-07, 3.192234840619125e-07, 1.5393641775284655e-06, 1.731083923296739e-06, 4.0670009237957216e-08, 1.8365472007845357e-07, 3.378172901037299e-06, 1.1071617269870285e-06, 5.274220078602468e-08, 3.709427620276172e-06, 1.3526696620441703e-09, 1.282174076074321e-06, 6.195812042152776e-08, 3.628902281818799e-06, 5.980589055784233e-07, 4.7917005461277015e-06, 2.8450315663194545e-06, 4.474924270556763e-06, 7.604692857190488e-07, 1.542252102305821e-06, 3.2409359058752085e-06, 5.916623987170869e-06, 1.2353663060848952e-06, 1.2157270219107126e-06]","[5.667203816116543e-06, 5.368105896742716e-06, 3.002799731082785e-06, 3.067616129196968e-06, 3.9084448990277243e-07, 6.9453814184779195e-06, 3.5240930709285433e-06, 1.659139802255051e-06, 1.3776744744488367e-07, 6.613422151545423e-07, 5.711145549718369e-06, 2.3097294456820607e-06, 3.859598372195697e-08, 9.712756723688314e-07, 6.1515797604087645e-06, 8.316307113440113e-10, 2.4024097145035166e-06, 4.880599398593768e-07, 8.934648485468821e-10, 1.1804319652742451e-07, 8.914329405283056e-08, 2.267822840624871e-07, 1.0515572288470089e-06, 1.4857799097238965e-06, 7.270937432716715e-07, 3.192234840619125e-07, 1.5393641775284655e-06, 1.731083923296739e-06, 4.0670009237957216e-08, 1.8365472007845357e-07, 3.378172901037299e-06, 1.1071617269870285e-06, 5.274220078602468e-08, 3.709427620276172e-06, 1.3526696620441703e-09, 1.282174076074321e-06, 6.195812042152776e-08, 3.628902281818799e-06, 5.980589055784233e-07, 4.7917005461277015e-06, 2.8450315663194545e-06, 4.474924270556763e-06, 7.604692857190488e-07, 1.542252102305821e-06, 3.2409359058752085e-06, 5.916623987170869e-06, 1.2353663060848952e-06, 1.2157270219107126e-06]",6.9453814184779195e-06,3.4086975930491814e-05,"[5.667148301887804e-06, 5.367910059467175e-06, 3.002782937857988e-06, 3.0676041803102093e-06, 3.9084431951096846e-07, 6.940357680295414e-06, 3.524016860241802e-06, 1.6591286878553943e-06, 1.3776603225844775e-07, 6.61332458132529e-07, 5.711106260868851e-06, 2.3096346133510536e-06, 3.8595334517308594e-08, 9.712590390844548e-07, 6.150587921122932e-06, 8.316306449908384e-10, 2.4019686139086643e-06, 4.880564371048668e-07, 8.934647787242622e-10, 1.180430810789751e-07, 8.914309213253584e-08, 2.2678181102247716e-07, 1.0515512965899362e-06, 1.4857414669186423e-06, 7.270786569338935e-07, 3.1922083762892656e-07, 1.539351405324598e-06, 1.7310534697139411e-06, 4.0669989329403244e-08, 1.836527967714538e-07, 3.3781033639715234e-06, 1.10714502399821e-06, 5.274212064158325e-08, 3.7093275260609206e-06, 1.3526694885718227e-09, 1.2821484701277044e-06, 6.19574842570126e-08, 3.6288334833064475e-06, 5.980550662757411e-07, 4.789062992349453e-06, 2.8446663660609654e-06, 4.4748729085228875e-06, 7.603921337126941e-07, 1.5422465547172822e-06, 3.240898339366277e-06, 5.9164626393778865e-06, 1.2353650824306877e-06, 1.2157187715082897e-06]",0.00019811455264044653,0.0,0.0,0.9984075112324504,True,100.0,0.40800000000000003,1e-05,banded ADMM with dual certificate,0.010883665999699588,51.0,51.0,48.0,0.5*sum_train((z-y)^2)+lambda*sum(abs(Bz))
PDE,burgers,pod_tv_diff,POD+TV,3,0.01,4,ok,51,6,2352,1,0.34438589599994884,0.01,0.0001647906593892766,0.0,0.0,0.0,3.0,48.0,"[0.004099818797127397, 0.005731418821539885, 0.005585478758112466, 0.00609632499634788, 0.0048930844708386205, 0.00479846020102745]","[0.004099817537967745, 0.0057287973971148435, 0.005585442675792235, 0.006096324057735143, 0.004889192273548275, 0.00479836781307634]","[1.2591596515454384e-09, 2.621424425041513e-06, 3.608232023062652e-08, 9.38612737012845e-10, 3.89219729034565e-06, 9.238795110975279e-08]","[1.2591596515454384e-09, 2.621424425041513e-06, 3.608232023062652e-08, 9.38612737012845e-10, 3.89219729034565e-06, 9.238795110975279e-08]",3.89219729034565e-06,5.520143115307977e-06,"[1.2591595973353298e-09, 2.621350087221759e-06, 3.6082316391683467e-08, 9.38612717063525e-10, 3.892048603099541e-06, 9.238785967464677e-08]",0.00014745424975719928,0.0,0.0,0.9996318993352982,True,75.0,0.20400000000000001,1e-05,banded ADMM with dual certificate,0.003235639999729756,51.0,51.0,6.0,0.5*sum_train((z-y)^2)+lambda*sum(abs(Bz))
PDE,burgers,baseline,Raw FD,4,0.01,4,ok,51,0,2352,1,0.02306111099960617,,,,,,,,,,,,,,,,,,,,,,,,,,,,
PDE,burgers,pod_edmd_rbf,POD-EDMD-RBF,4,0.01,4,ok,51,6,5000,5,0.05623164299959171,,,,,,,,,,,,,,,,,,,,,,,,,,,,
PDE,burgers,tv_diff,TV,4,0.01,4,ok,51,0,2352,1,0.5067086230001223,0.01,0.00014925284479434234,0.0,0.0,0.0,3.0,8.0,"[0.0025049671086910513, 0.002774457870543914, 0.002284457530004638, 0.0018383780009569126, 0.0026115913246256284, 0.0020279347132755024, 0.002130532644404037, 0.002694843470724761, 0.0028060300318849462, 0.0022544985997721605, 0.002358412683497623, 0.002435991180256788, 0.0020580149626298313, 0.0028392654274910396, 0.002563250379533226, 0.003893557145805915, 0.0020962815050940067, 0.0029758803110974843, 0.0031048779843663773, 0.002973640005303592, 0.002732541349677599, 0.0030474868330072633, 0.0024124126764959782, 0.001952884289303839, 0.0017143913296468055, 0.0038828693036524935, 0.003258469340514141, 0.0036778862833701086, 0.0037430917148323336, 0.003368480665159334, 0.0036204307710446604, 0.003186016266881577, 0.003141764152648754, 0.002636654202702319, 0.002489810435247722, 0.0026562360106316494, 0.002420981599498084, 0.0026797703962177983, 0.003172658428221831, 0.0027345811053978786, 0.0023939401151871547, 0.0025192660921160718, 0.0017972594971958755, 0.0018590090004582042, 0.0027109742526477214, 0.002039860417444853, 0.002228965483729195, 0.0020531471227213673]","[0.0025048956976635984, 0.002770926477531102, 0.0022832601489883313, 0.0018347773793791601, 0.0026111789082484266, 0.00202768745379233, 0.0021301872403384483, 0.0026942052430286596, 0.0028029448970240288, 0.002250121466877443, 0.0023580969193040253, 0.002435974372358316, 0.002055624395812916, 0.0028392061850210887, 0.002562823907446364, 0.0038911024220105095, 0.0020961919373215197, 0.0029729457622780066, 0.00310486442202798, 0.0029735896454477846, 0.0027325265943481487, 0.0030441258762071077, 0.0024101612653388777, 0.0019497898375121954, 0.0017138942567164694, 0.0038813595089113567, 0.0032526375032337876, 0.0036765098789325896, 0.0037430917028678707, 0.0033684732629344393, 0.0036204237796021227, 0.0031821864256791287, 0.003141760991528048, 0.002635174980001443, 0.0024893803945858005, 0.0026562348526472344, 0.002419766922428623, 0.002676767332573129, 0.0031726508980756815, 0.002731550758961173, 0.0023939120075956327, 0.002518463710628523, 0.0017965275000787467, 0.001857911241198645, 0.002707777354400167, 0.002036445547124679, 0.0022282278962058796, 0.0020514422454788643]","[7.141102745288411e-08, 3.5313930128121583e-06, 1.1973810163067033e-06, 3.600621577752464e-06, 4.1241637720179636e-07, 2.472594831724566e-07, 3.454040655888335e-07, 6.382276961014108e-07, 3.0851348609174656e-06, 4.377132894717653e-06, 3.15764193597589e-07, 1.6807898471898203e-08, 2.3905668169151364e-06, 5.9242469950971516e-08, 4.2647208686220905e-07, 2.4547237954053794e-06, 8.956777248700365e-08, 2.9345488194777204e-06, 1.356233839729798e-08, 5.0359855807181886e-08, 1.4755329450465149e-08, 3.360956800155593e-06, 2.2514111571005427e-06, 3.0944517916435196e-06, 4.9707293033616e-07, 1.5097947411368481e-06, 5.831837280353535e-06, 1.3764044375190465e-06, 1.1964462840602375e-11, 7.402224894668963e-09, 6.9914425377543e-09, 3.829841202448309e-06, 3.161120705908599e-09, 1.4792227008759463e-06, 4.3004066192136106e-07, 1.1579844149539609e-09, 1.2146770694610766e-06, 3.003063644669516e-06, 7.530146149421074e-09, 3.030346436705498e-06, 2.8107591522070347e-08, 8.023814875488498e-07, 7.319971171287909e-07, 1.0977592595593378e-06, 3.196898247554477e-06, 3.4148703201741966e-06, 7.37587523315375e-07, 1.704877242502973e-06]","[7.141102745288411e-08, 3.5313930128121583e-06, 1.1973810163067033e-06, 3.600621577752464e-06, 4.1241637720179636e-07, 2.472594831724566e-07, 3.454040655888335e-07, 6.382276961014108e-07, 3.0851348609174656e-06, 4.377132894717653e-06, 3.15764193597589e-07, 1.6807898471898203e-08, 2.3905668169151364e-06, 5.9242469950971516e-08, 4.2647208686220905e-07, 2.4547237954053794e-06, 8.956777248700365e-08, 2.9345488194777204e-06, 1.356233839729798e-08, 5.0359855807181886e-08, 1.4755329450465149e-08, 3.360956800155593e-06, 2.2514111571005427e-06, 3.0944517916435196e-06, 4.9707293033616e-07, 1.5097947411368481e-06, 5.831837280353535e-06, 1.3764044375190465e-06, 1.1964462840602375e-11, 7.402224894668963e-09, 6.9914425377543e-09, 3.829841202448309e-06, 3.161120705908599e-09, 1.4792227008759463e-06, 4.3004066192136106e-07, 1.1579844149539609e-09, 1.2146770694610766e-06, 3.003063644669516e-06, 7.530146149421074e-09, 3.030346436705498e-06, 2.8107591522070347e-08, 8.023814875488498e-07, 7.319971171287909e-07, 1.0977592595593378e-06, 3.196898247554477e-06, 3.4148703201741966e-06, 7.37587523315375e-07, 1.704877242502973e-06]",5.831837280353535e-06,3.0615274382521374e-05,"[7.141071126434825e-08, 3.531136649243059e-06, 1.197296481819654e-06, 3.600526020290564e-06, 4.124100936790491e-07, 2.4725727533123337e-07, 3.454029676116556e-07, 6.382274705503876e-07, 3.0851024698833832e-06, 4.377099762916314e-06, 3.1576392147455307e-07, 1.680789715806201e-08, 2.3892834213567983e-06, 5.924208677007131e-08, 4.264701671263544e-07, 2.4546231512676073e-06, 8.956771098888802e-08, 2.934531538893205e-06, 1.356233557251764e-08, 5.0359787330273714e-08, 1.4755323341636428e-08, 3.360940918970337e-06, 2.251390977435746e-06, 3.094411225428636e-06, 4.97071791933962e-07, 1.509781445085956e-06, 5.828179362416669e-06, 1.3764044267329696e-06, 1.196446067219803e-11, 7.402224366445664e-09, 6.991440947446553e-09, 3.829829941511464e-06, 3.1611197136467706e-09, 1.4792098717625237e-06, 4.3004023524638967e-07, 1.1579843720195548e-09, 1.2146690220886294e-06, 3.0030503560712126e-06, 7.530144039780487e-09, 3.030261059881723e-06, 2.810753311414775e-08, 8.023790825449195e-07, 7.31996547758719e-07, 1.0977438962836905e-06, 3.196800313380252e-06, 3.4148250390023723e-06, 7.375811426201407e-07, 1.7048442611681332e-06]",8.412621034947776e-05,0.0,0.0,0.9979947560118608,True,125.0,0.40800000000000003,1e-05,banded ADMM with dual certificate,0.014139796000108618,51.0,51.0,48.0,0.5*sum_train((z-y)^2)+lambda*sum(abs(Bz))
PDE,burgers,pod_tv_diff,POD+TV,4,0.01,4,ok,51,6,2352,1,0.46132172099987656,0.01,0.000162788276374694,0.0,0.0,0.0,3.0,48.0,"[0.004204680417678414, 0.005295936432112545, 0.005567690448379812, 0.005266975100015999, 0.005095611921857434, 0.004649012674717031]","[0.004204610347305586, 0.005295934675647749, 0.005566473131555038, 0.005266854632922516, 0.005094794960319191, 0.004648237705405048]","[7.007037282780876e-08, 1.7564647956588852e-09, 1.2173168247734192e-06, 1.2046709348297047e-07, 8.169615382429621e-07, 7.749693119825027e-07]","[7.007037282780876e-08, 1.7564647956588852e-09, 1.2173168247734192e-06, 1.2046709348297047e-07, 8.169615382429621e-07, 7.749693119825027e-07]",1.2173168247734192e-06,1.284059377024832e-06,"[7.007025477423837e-08, 1.7564646820344976e-09, 1.2173130769111556e-06, 1.204670255026269e-07, 8.169606738918367e-07, 7.74964587366405e-07]",4.828054528105419e-05,0.0,0.0,0.9999151247141674,True,75.0,0.20400000000000001,1e-05,banded ADMM with dual certificate,0.0067211269997642376,51.0,51.0,6.0,0.5*sum_train((z-y)^2)+lambda*sum(abs(Bz))
PDE,fisher_kpp,baseline,Raw FD,0,0.01,4,ok,51,0,2352,1,0.03797375200019815,,,,,,,,,,,,,,,,,,,,,,,,,,,,
PDE,fisher_kpp,pod_edmd_rbf,POD-EDMD-RBF,0,0.01,4,ok,51,2,5000,5,0.0625113009996312,,,,,,,,,,,,,,,,,,,,,,,,,,,,
PDE,fisher_kpp,tv_diff,TV,0,0.01,4,ok,51,0,2352,1,0.3190047460002461,0.1,0.00012320083641760666,0.0,0.0,0.0,3.0,8.0,"[0.00269374381258437, 0.0030575157094034195, 0.002492812325137814, 0.002616086823615721, 0.0034259543701110296, 0.004318775598516182, 0.004168726870315031, 0.004107818493720592, 0.0036425901361097903, 0.004091306042028614, 0.004669010491757643, 0.0038603946242713088, 0.003325532615933653, 0.0032146308601799433, 0.004001327590406138, 0.004579785058925175, 0.004182687832258619, 0.0036188939096403593, 0.004452857002138886, 0.0038556010257621105, 0.0026763663836615157, 0.003787000627569196, 0.0033295834495295075, 0.0026701481323364363, 0.0034569346945404708, 0.002795973911931965, 0.0037349542722301503, 0.0040274503774579895, 0.004119252664451111, 0.004113490505128602, 0.003892657355790064, 0.0041026970456503175, 0.0037475298854204525, 0.004657388912058101, 0.004467642793422207, 0.0038537554109136607, 0.003897585795634833, 0.0041176312476684865, 0.004042045726719459, 0.004748105118693582, 0.0052688306538457, 0.0039148988159592325, 0.004147594421883661, 0.0044596096206550185, 0.0038299564872319334, 0.002573792907530229, 0.003827127813851739, 0.003473027247088529]","[0.0026937434063642168, 0.003057515709402622, 0.0024829564658210984, 0.0026147377038001655, 0.003425939734060521, 0.004318774840050214, 0.0041687268235281036, 0.004107116739603168, 0.0036424813936470264, 0.004091304912522322, 0.004669010263900177, 0.0038602457017199157, 0.0033255045542303387, 0.0032146170361462677, 0.0040013256184173816, 0.004579785058924498, 0.004182685762781016, 0.0036188937677417692, 0.004452826840255066, 0.003855601025761605, 0.002676230645755352, 0.0037869823069045924, 0.003329583156904501, 0.002670003454392021, 0.0034569346945396836, 0.002792655355385431, 0.0037318301632545264, 0.004027450017582354, 0.004118794240126417, 0.0041134905051277044, 0.0038926573557891376, 0.0041026970456495586, 0.003747529885419799, 0.004657388912016587, 0.004467642793421534, 0.0038537554095885336, 0.0038975857956343963, 0.004117631247668152, 0.00404204572671907, 0.004748105118692803, 0.00526883065384492, 0.003914898815958394, 0.004147594415410963, 0.004459609620654251, 0.0038299564872236796, 0.0025736210583621796, 0.003827108078630351, 0.0034715105448593978]","[4.062201534350829e-10, 7.975391180803371e-16, 9.855859316715461e-06, 1.3491198155553621e-06, 1.4636050508706755e-08, 7.584659679829575e-10, 4.678692763077086e-11, 7.017541174244094e-07, 1.0874246276397839e-07, 1.129506292316118e-09, 2.2785746553455333e-10, 1.4892255139307975e-07, 2.806170331434016e-08, 1.382403367559265e-08, 1.971988756316323e-09, 6.765421556309548e-16, 2.0694776031726647e-09, 1.418985901002756e-10, 3.016188381953916e-08, 5.056718932472393e-16, 1.357379061637555e-07, 1.8320664603443948e-08, 2.9262500669119396e-10, 1.4467794441511486e-07, 7.871307772244762e-16, 3.318556546534103e-06, 3.124108975623846e-06, 3.598756353681565e-10, 4.5842432469349326e-07, 8.977193988179977e-16, 9.26342336171615e-16, 7.589415207398531e-16, 6.535570695742621e-16, 4.151366750360097e-14, 6.730727086790012e-16, 1.3251270740421983e-12, 4.367166350771612e-16, 3.3480163086352377e-16, 3.894454203567932e-16, 7.788908407135864e-16, 7.806255641895632e-16, 8.387388006347862e-16, 6.472698245441055e-12, 7.676151381197371e-16, 8.253814298697648e-15, 1.718491680494441e-07, 1.973522138808484e-08, 1.5167022291311984e-06]","[4.062201534350829e-10, 7.975391180803371e-16, 9.855859316715461e-06, 1.3491198155553621e-06, 1.4636050508706755e-08, 7.584659679829575e-10, 4.678692763077086e-11, 7.017541174244094e-07, 1.0874246276397839e-07, 1.129506292316118e-09, 2.2785746553455333e-10, 1.4892255139307975e-07, 2.806170331434016e-08, 1.382403367559265e-08, 1.971988756316323e-09, 6.765421556309548e-16, 2.0694776031726647e-09, 1.418985901002756e-10, 3.016188381953916e-08, 5.056718932472393e-16, 1.357379061637555e-07, 1.8320664603443948e-08, 2.9262500669119396e-10, 1.4467794441511486e-07, 7.871307772244762e-16, 3.318556546534103e-06, 3.124108975623846e-06, 3.598756353681565e-10, 4.5842432469349326e-07, 8.977193988179977e-16, 9.26342336171615e-16, 7.589415207398531e-16, 6.535570695742621e-16, 4.151366750360097e-14, 6.730727086790012e-16, 1.3251270740421983e-12, 4.367166350771612e-16, 3.3480163086352377e-16, 3.894454203567932e-16, 7.788908407135864e-16, 7.806255641895632e-16, 8.387388006347862e-16, 6.472698245441055e-12, 7.676151381197371e-16, 8.253814298697648e-15, 1.718491680494441e-07, 1.973522138808484e-08, 1.5167022291311984e-06]",9.855859316715461e-06,1.0227107559435122e-07,"[4.0622016883075374e-10, 7.971054372113429e-16, 9.855859305682836e-06, 1.3491198110392264e-06, 1.463605051651301e-08, 7.584659874985966e-10, 4.678696189155951e-11, 7.017541148993025e-07, 1.0874246269393893e-07, 1.1295062535016803e-09, 2.2785745165676552e-10, 1.4892255124519457e-07, 2.8061703317809605e-08, 1.3824033652173884e-08, 1.971988756316323e-09, 6.752411130239722e-16, 2.0694776096778777e-09, 1.4189857448776433e-10, 3.016188380436033e-08, 4.731458280726741e-16, 1.3573790617134492e-07, 1.8320664625778513e-08, 2.926249906450018e-10, 1.446779442935758e-07, 8.083811398051921e-16, 3.3185565068487256e-06, 3.1241089626809658e-06, 3.5987564469229516e-10, 4.5842432280481307e-07, 9.172350379227368e-16, 9.259086553026208e-16, 7.446300520630444e-16, 6.457508139323664e-16, 4.152364216358784e-14, 6.661338147750939e-16, 1.3251413855108751e-12, 4.154662724964453e-16, 3.3393426912553537e-16, 3.690624195140657e-16, 7.494005416219807e-16, 7.637120102987893e-16, 8.114169058881515e-16, 6.472711255867125e-12, 7.671814572507429e-16, 8.274414139974873e-15, 1.718491680440231e-07, 1.973522140348051e-08, 1.5167022288497395e-06]",8.061338059695e-06,0.0,0.0,0.9999955764515333,True,675.0,2.04,1e-05,banded ADMM with dual certificate,0.09651842099992791,51.0,51.0,48.0,0.5*sum_train((z-y)^2)+lambda*sum(abs(Bz))
PDE,fisher_kpp,pod_tv_diff,POD+TV,0,0.01,4,ok,51,2,2352,1,0.1869157470000573,0.01,0.00011278902395415427,0.0,0.0,0.0,3.0,48.0,"[0.000472945687067142, 0.000720750896328295]","[0.00046726208456718266, 0.0007164719592858319]","[5.683602499959354e-06, 4.278937042463183e-06]","[5.683602499959354e-06, 4.278937042463183e-06]",5.683602499959354e-06,9.343937315921258e-06,"[5.683160618106116e-06, 4.278915664798245e-06]",0.00021576399298565974,0.0,0.0,0.9986053866590756,True,100.0,0.40800000000000003,1e-05,banded ADMM with dual certificate,0.0033185649999722955,51.0,51.0,2.0,0.5*sum_train((z-y)^2)+lambda*sum(abs(Bz))
PDE,fisher_kpp,baseline,Raw FD,1,0.01,4,ok,51,0,2352,1,0.022140121000120416,,,,,,,,,,,,,,,,,,,,,,,,,,,,
PDE,fisher_kpp,pod_edmd_rbf,POD-EDMD-RBF,1,0.01,4,ok,51,2,5000,5,0.04058866700006547,,,,,,,,,,,,,,,,,,,,,,,,,,,,
PDE,fisher_kpp,tv_diff,TV,1,0.01,4,ok,51,0,2352,1,0.31065686600004483,0.01,0.00010380267781764306,0.0,0.0,0.0,3.0,8.0,"[0.0017696843637871743, 0.0015134144346459313, 0.0019013332669509068, 0.0023569771727304087, 0.0020388469932996704, 0.001830193259696144, 0.001995396493071947, 0.001657223449255513, 0.001593241783952994, 0.0020383767272438872, 0.0016745012419643118, 0.001687136583876628, 0.002016437248400646, 0.0018148538593836807, 0.0016915969999075579, 0.0016796262524172176, 0.0019374774394191677, 0.0023695714965172054, 0.0016272901401175066, 0.002281247390348292, 0.0011862995929967787, 0.0017489967415056733, 0.0022574534589464216, 0.0021245988474000695, 0.0029953267245643486, 0.00251311830815803, 0.00301045738953793, 0.0012273199253371265, 0.0015867225463822474, 0.0023205379779047703, 0.0014675724878954078, 0.0018910200513840303, 0.002465290350262828, 0.002082860809055478, 0.0017023882273781302, 0.0019585476243196434, 0.0021850527416526063, 0.0026797923338320265, 0.0021911558250920084, 0.0020290910419567165, 0.001995890082703918, 0.0013080669692767605, 0.0022255916945874707, 0.0026421595798175285, 0.0030419175120559167, 0.0020376407494528347, 0.0016680749934546602, 0.002291987052998712]","[0.0017696210320577127, 0.0015132344765825356, 0.001900795013086415, 0.0023569549566675296, 0.0020372933071799047, 0.0018288840780273019, 0.0019931238843615352, 0.001656408363481084, 0.0015898412937664077, 0.002038282354367371, 0.0016721881079270135, 0.0016865795936028194, 0.002013153481591717, 0.001810576684698922, 0.0016884536038411294, 0.0016794500301274004, 0.001934922202535703, 0.002367857857727311, 0.0016256767476253088, 0.002281021681946268, 0.0011813293692126635, 0.0017487036749066012, 0.002257451452163948, 0.0021208310114818898, 0.0029940344192718833, 0.0025125758594394297, 0.0030103571960877536, 0.0012271346552675862, 0.0015861869557151752, 0.0023205315715452072, 0.001465670678718607, 0.0018909574450641587, 0.002465290327103558, 0.002082680079227055, 0.0017014348843906338, 0.001958547417403191, 0.002182424547673648, 0.0026774401095213587, 0.0021891374434889342, 0.00202907171618037, 0.001995601988879482, 0.0013072737209974556, 0.0022255423958815607, 0.00264143764311339, 0.003041915420174255, 0.002034913503789528, 0.0016661913705147925, 0.0022919088143746255]","[6.333172946162459e-08, 1.7995806339565247e-07, 5.382538644917254e-07, 2.2216062879089338e-08, 1.5536861197656612e-06, 1.3091816688421982e-06, 2.2726087104117144e-06, 8.150857744289395e-07, 3.4004901865861744e-06, 9.437287651608423e-08, 2.3131340372982857e-06, 5.569902738085646e-07, 3.283766808928612e-06, 4.277174684758642e-06, 3.1433960664285082e-06, 1.762222898171479e-07, 2.555236883464672e-06, 1.7136387898942194e-06, 1.6133924921977322e-06, 2.2570840202407183e-07, 4.970223784115128e-06, 2.930665990721285e-07, 2.0067824737027284e-09, 3.7678359181797343e-06, 1.292305292465313e-06, 5.424487186001144e-07, 1.001934501762905e-07, 1.8527006954028452e-07, 5.355906670721864e-07, 6.406359563063818e-09, 1.9018091768007676e-06, 6.260631987158906e-08, 2.3159270074596394e-11, 1.807298284231887e-07, 9.533429874964122e-07, 2.0691645228818056e-10, 2.628193978958509e-06, 2.3522243106678664e-06, 2.018381603074125e-06, 1.932577634641136e-08, 2.8809382443626547e-07, 7.93248279304902e-07, 4.9298705910062746e-08, 7.219367041382679e-07, 2.0918816618156755e-09, 2.727245663306649e-06, 1.8836229398677077e-06, 7.823862408634641e-08]","[6.333172946162459e-08, 1.7995806339565247e-07, 5.382538644917254e-07, 2.2216062879089338e-08, 1.5536861197656612e-06, 1.3091816688421982e-06, 2.2726087104117144e-06, 8.150857744289395e-07, 3.4004901865861744e-06, 9.437287651608423e-08, 2.3131340372982857e-06, 5.569902738085646e-07, 3.283766808928612e-06, 4.277174684758642e-06, 3.1433960664285082e-06, 1.762222898171479e-07, 2.555236883464672e-06, 1.7136387898942194e-06, 1.6133924921977322e-06, 2.2570840202407183e-07, 4.970223784115128e-06, 2.930665990721285e-07, 2.0067824737027284e-09, 3.7678359181797343e-06, 1.292305292465313e-06, 5.424487186001144e-07, 1.001934501762905e-07, 1.8527006954028452e-07, 5.355906670721864e-07, 6.406359563063818e-09, 1.9018091768007676e-06, 6.260631987158906e-08, 2.3159270074596394e-11, 1.807298284231887e-07, 9.533429874964122e-07, 2.0691645228818056e-10, 2.628193978958509e-06, 2.3522243106678664e-06, 2.018381603074125e-06, 1.932577634641136e-08, 2.8809382443626547e-07, 7.93248279304902e-07, 4.9298705910062746e-08, 7.219367041382679e-07, 2.0918816618156755e-09, 2.727245663306649e-06, 1.8836229398677077e-06, 7.823862408634641e-08]",4.970223784115128e-06,2.5650320754907335e-05,"[6.33316598579051e-08, 1.799576655563389e-07, 5.382523785239367e-07, 2.2216044921990856e-08, 1.5536769233072335e-06, 1.3091761523146422e-06, 2.2725795033429847e-06, 8.150852337222999e-07, 3.400463171115937e-06, 9.437284072835945e-08, 2.313097673355667e-06, 5.56982933255486e-07, 3.2837306959345607e-06, 4.2771655836067895e-06, 3.1433769379345805e-06, 1.7622211132375162e-07, 2.5551828890804044e-06, 1.7136239932765665e-06, 1.6133914202290465e-06, 2.2570753694279048e-07, 4.970215914660935e-06, 2.9306331516751327e-07, 2.0067823111808228e-09, 3.767824919533513e-06, 1.2922894678643517e-06, 5.424287180938177e-07, 1.0019180715235745e-07, 1.8527006247868604e-07, 5.355890442235211e-07, 6.406358601810172e-09, 1.9018091747791642e-06, 6.260594570675149e-08, 2.3159269586705417e-11, 1.8072960415125303e-07, 9.533115354824588e-07, 2.0691645613709828e-10, 2.6281169998508503e-06, 2.352165356205244e-06, 2.015222202311957e-06, 1.9325700220944753e-08, 2.8809374508177374e-07, 7.93223654261036e-07, 4.929869547689366e-08, 7.219365462425445e-07, 2.0918815658637832e-09, 2.727219127718469e-06, 1.8836012981120458e-06, 7.823860418039452e-08]",7.706792645073568e-05,0.0,0.0,0.9986477010434279,True,125.0,0.40800000000000003,1e-05,banded ADMM with dual certificate,0.013075681000373152,51.0,51.0,48.0,0.5*sum_train((z-y)^2)+lambda*sum(abs(Bz))
PDE,fisher_kpp,pod_tv_diff,POD+TV,1,0.01,4,ok,51,2,2352,1,0.1881449719999182,0.01,0.00011536138956090202,0.0,0.0,0.0,3.0,48.0,"[0.00044154735298506395, 0.0007386935064297484]","[0.00043671176678807856, 0.0007384507715078273]","[4.835586196985393e-06, 2.427349219210782e-07]","[4.835586196985393e-06, 2.427349219210782e-07]",4.835586196985393e-06,4.939797213766167e-06,"[4.835462100794875e-06, 2.427346634537855e-07]",0.0001837146988229732,0.0,0.0,0.9992255660564058,True,100.0,0.40800000000000003,1e-05,banded ADMM with dual certificate,0.0033519959997647675,51.0,51.0,2.0,0.5*sum_train((z-y)^2)+lambda*sum(abs(Bz))
PDE,fisher_kpp,baseline,Raw FD,2,0.01,4,ok,51,0,2352,1,0.02119663900020896,,,,,,,,,,,,,,,,,,,,,,,,,,,,
PDE,fisher_kpp,pod_edmd_rbf,POD-EDMD-RBF,2,0.01,4,ok,51,2,5000,5,0.039511621999736235,,,,,,,,,,,,,,,,,,,,,,,,,,,,
PDE,fisher_kpp,tv_diff,TV,2,0.01,4,ok,51,0,2352,1,0.32362383300005604,0.1,0.0001120219674032558,0.0,0.0,0.0,3.0,8.0,"[0.003605696667353343, 0.0034765073774182254, 0.0025300761555497797, 0.0031406769655988893, 0.0034717225144672605, 0.003648288132137962, 0.003855426185918014, 0.0027879905734402126, 0.003556220070398238, 0.0037364880875777086, 0.004213028517145308, 0.0030621562066456623, 0.0030911816686786516, 0.0034352356466281443, 0.003415925925061002, 0.003259024038661607, 0.0036368561940143714, 0.003639980811556542, 0.0032979044033728255, 0.003398581004113361, 0.0033639810255531675, 0.0040493027382931595, 0.00398507623426349, 0.0023365529651895598, 0.0037868149746193404, 0.0030320582541915296, 0.003948992560797177, 0.002858652139932089, 0.004045262190854243, 0.0037984539322272774, 0.003782012480883259, 0.00468756889348388, 0.004034125389203648, 0.003923217330718421, 0.004400986136507233, 0.00462343116311123, 0.004603086811509926, 0.005404084255702277, 0.005327492309342631, 0.005300398346153842, 0.004982651771759786, 0.004064770908183272, 0.004540039393087657, 0.004213273608044439, 0.004677181323255661, 0.0034648929510649133, 0.003170451076656881, 0.0030233240854090323]","[0.003605671402780345, 0.003470402127740424, 0.00252082320320245, 0.003133503970014202, 0.0034717225144666707, 0.003648152814137653, 0.003855426185260285, 0.0027871152648139275, 0.0035558011356889513, 0.0037353447142213607, 0.004212805838028006, 0.0030620715834486344, 0.0030911075539835353, 0.0034345981276738425, 0.003415925925060225, 0.0032588650805399078, 0.0036368223623074476, 0.0036389044625009643, 0.0032978016711532106, 0.0033985773766734215, 0.0033627882767854854, 0.004047837347189108, 0.003985075276542942, 0.0023362553072366708, 0.0037868147996977684, 0.0030320582541908635, 0.003948992560669337, 0.002858652139894488, 0.0040452621816018, 0.0037984539315366254, 0.003782012440665862, 0.004687568893483339, 0.004034125385967101, 0.00392321733071776, 0.004400981847466811, 0.004623431163110868, 0.004603086811509571, 0.0054040842557017115, 0.005327492309342041, 0.005300398346153392, 0.004982651771759232, 0.004064770891354162, 0.00454003939308691, 0.004213273602679507, 0.004677181323254604, 0.0034611442532639855, 0.0031700232266472887, 0.0030230264552630337]","[2.5264572997910073e-08, 6.105249677801176e-06, 9.252952347329861e-06, 7.172995584687342e-06, 5.898059818321144e-16, 1.3531800030887678e-07, 6.577290795339863e-13, 8.753086262851262e-07, 4.1893470928682647e-07, 1.1433733563478987e-06, 2.2267911730169954e-07, 8.462319702785825e-08, 7.411469511633267e-08, 6.37518954301787e-07, 7.771561172376096e-16, 1.5895812169926943e-07, 3.3831706923795335e-08, 1.076349055577873e-06, 1.0273221961488999e-07, 3.6274399395699874e-09, 1.192748767682092e-06, 1.4653911040518955e-06, 9.57720548699914e-10, 2.976579528890175e-07, 1.7492157201870473e-10, 6.661338147750939e-16, 1.278404465621108e-13, 3.760099870353528e-14, 9.252442562113217e-12, 6.906519627036811e-13, 4.021739712090078e-11, 5.412337245047638e-16, 3.236547314877658e-12, 6.609296443471635e-16, 4.289040422301993e-09, 3.625572064791527e-16, 3.5561831257524545e-16, 5.655198531684391e-16, 5.898059818321144e-16, 4.501607420159814e-16, 5.533767888366015e-16, 1.6829110154048532e-11, 7.467984564080155e-16, 5.364931589257882e-12, 1.0564465968698755e-15, 3.74869780092775e-06, 4.278500095921192e-07, 2.976301459985467e-07]","[2.5264572997910073e-08, 6.105249677801176e-06, 9.252952347329861e-06, 7.172995584687342e-06, 5.898059818321144e-16, 1.3531800030887678e-07, 6.577290795339863e-13, 8.753086262851262e-07, 4.1893470928682647e-07, 1.1433733563478987e-06, 2.2267911730169954e-07, 8.462319702785825e-08, 7.411469511633267e-08, 6.37518954301787e-07, 7.771561172376096e-16, 1.5895812169926943e-07, 3.3831706923795335e-08, 1.076349055577873e-06, 1.0273221961488999e-07, 3.6274399395699874e-09, 1.192748767682092e-06, 1.4653911040518955e-06, 9.57720548699914e-10, 2.976579528890175e-07, 1.7492157201870473e-10, 6.661338147750939e-16, 1.278404465621108e-13, 3.760099870353528e-14, 9.252442562113217e-12, 6.906519627036811e-13, 4.021739712090078e-11, 5.412337245047638e-16, 3.236547314877658e-12, 6.609296443471635e-16, 4.289040422301993e-09, 3.625572064791527e-16, 3.5561831257524545e-16, 5.655198531684391e-16, 5.898059818321144e-16, 4.501607420159814e-16, 5.533767888366015e-16, 1.6829110154048532e-11, 7.467984564080155e-16, 5.364931589257882e-12, 1.0564465968698755e-15, 3.74869780092775e-06, 4.278500095921192e-07, 2.976301459985467e-07]",9.252952347329861e-06,2.2848686549031827e-07,"[2.526457294098946e-08, 6.105249655148615e-06, 9.252952315142826e-06, 7.172995330207528e-06, 5.600988423060116e-16, 1.3531800029087902e-07, 6.577433910026631e-13, 8.753086176186645e-07, 4.1893470231779174e-07, 1.143373349165493e-06, 2.2267911683093895e-07, 8.462319700747525e-08, 7.411469514300405e-08, 6.375189537551323e-07, 8.05995895025724e-16, 1.5895812096830032e-07, 3.383170692661426e-08, 1.076349052854357e-06, 1.0273221956046304e-07, 3.6274399651571587e-09, 1.1927487643271367e-06, 1.4653911028822582e-06, 9.57720555638808e-10, 2.976579527958845e-07, 1.7492154946729954e-10, 6.689527404235562e-16, 1.2781778673670585e-13, 3.757476101096113e-14, 9.252438442144961e-12, 6.906697436193099e-13, 4.021737326845298e-11, 5.113097445441639e-16, 3.236537340217671e-12, 6.47051856539349e-16, 4.289040435312419e-09, 3.426078865054194e-16, 3.7426658994199613e-16, 5.659535340374333e-16, 5.559788740505667e-16, 4.2847669856627135e-16, 5.811323644522304e-16, 1.682910278147376e-11, 7.524363077049401e-16, 5.36493679342831e-12, 1.025221574302293e-15, 3.7486975196813696e-06, 4.278500085306853e-07, 2.9763014348265556e-07]",9.49321043020035e-06,0.0,0.0,0.9999888262164526,True,800.0,2.04,1e-05,banded ADMM with dual certificate,0.08003929599999537,51.0,51.0,48.0,0.5*sum_train((z-y)^2)+lambda*sum(abs(Bz))
PDE,fisher_kpp,pod_tv_diff,POD+TV,2,0.01,4,ok,51,2,2352,1,0.2614491599997564,0.01,0.00011629925433450884,0.0,0.0,0.0,3.0,48.0,"[0.0005116856660862039, 0.0007946088515568289]","[0.0005070944159433657, 0.0007945869298709988]","[4.591250142838162e-06, 2.1921685830093504e-08]","[4.591250142838162e-06, 2.1921685830093504e-08]",4.591250142838162e-06,1.933980018992143e-06,"[4.591235466640595e-06, 2.1921617268183882e-08]",9.862272819642637e-05,0.0,0.0,0.9997677482495329,True,125.0,0.40800000000000003,1e-05,banded ADMM with dual certificate,0.004048515999784286,51.0,51.0,2.0,0.5*sum_train((z-y)^2)+lambda*sum(abs(Bz))
PDE,fisher_kpp,baseline,Raw FD,3,0.01,4,ok,51,0,2352,1,0.022653126000022894,,,,,,,,,,,,,,,,,,,,,,,,,,,,
PDE,fisher_kpp,pod_edmd_rbf,POD-EDMD-RBF,3,0.01,4,ok,51,2,5000,5,0.04346718799979499,,,,,,,,,,,,,,,,,,,,,,,,,,,,
PDE,fisher_kpp,tv_diff,TV,3,0.01,4,ok,51,0,2352,1,0.3755866840001545,0.1,0.000144938420305444,0.0,0.0,0.0,3.0,8.0,"[0.002968416555498144, 0.003997664842484506, 0.003587598312683667, 0.0028218297136704965, 0.0039754976161258775, 0.004536362249003462, 0.003762355526841567, 0.003954813379335279, 0.0035182360403708873, 0.002960435360963502, 0.004049816237625667, 0.004320826977565242, 0.003852281589982032, 0.0038230628199222823, 0.0037973173293802593, 0.0038108663678073796, 0.004392039005519704, 0.003243613609147879, 0.005048977119611547, 0.0030984047277174565, 0.003087667508097922, 0.003055532143417447, 0.0026215721143168576, 0.002986156160514435, 0.0027305428921200105, 0.0030213167629739523, 0.0035678285444049693, 0.004520995034962499, 0.003730391371736902, 0.005018654346587357, 0.004373627762602536, 0.004601763349997058, 0.004927404116316083, 0.004260553255236913, 0.005052716623927243, 0.004252010817855159, 0.004469392338979548, 0.003555828176661152, 0.004351598927032177, 0.004121647786759615, 0.004545942799735985, 0.004599398928400589, 0.004274361785530729, 0.00385925377265643, 0.0033553328796575377, 0.0033653096745822854, 0.0033080144147614, 0.003809505445869924]","[0.0029676131889616276, 0.00399674445634431, 0.003577675627754612, 0.002812144494271425, 0.003972361949296236, 0.004535794908208218, 0.003762237403009119, 0.003954682138188843, 0.0035182325199096236, 0.002960429265319693, 0.004048905963523833, 0.004320601598068235, 0.0038515436718717985, 0.0038209741112264126, 0.0037936773675333896, 0.0038108663677998526, 0.004391995775743607, 0.003241616014074659, 0.005048911593792449, 0.003098404727716956, 0.0030876673698228326, 0.003049412561404525, 0.002620657627420812, 0.002985865717705113, 0.00273042122070972, 0.003020068317285008, 0.003566809190826272, 0.0045207838222932305, 0.0037303913717357806, 0.0050186543465864835, 0.00437362776260173, 0.004601763349996383, 0.004927404059514593, 0.004260553255236348, 0.005052716396511683, 0.004252010817842431, 0.004469392338979021, 0.003555828176660655, 0.004351598927031696, 0.004121647786759195, 0.00454594279973526, 0.0045993989283999274, 0.004274361769179349, 0.0038592537726555923, 0.003355264296964905, 0.0033650172394473505, 0.0033080143922379515, 0.0038090465613519822]","[8.033665365165914e-07, 9.203861401959473e-07, 9.922684929055195e-06, 9.685219399071555e-06, 3.135666829641448e-06, 5.673407952443837e-07, 1.181238324481082e-07, 1.3124114643572188e-07, 3.520461263652186e-09, 6.0956438091563925e-09, 9.102741018339119e-07, 2.253794970071346e-07, 7.379181102334584e-07, 2.0887086958697003e-06, 3.639961846869672e-06, 7.526965162263366e-15, 4.322977609737266e-08, 1.9975950732199765e-06, 6.552581909794603e-08, 5.004677228193088e-16, 1.382750892953144e-10, 6.119582012921974e-06, 9.144868960454799e-07, 2.9044280932177466e-07, 1.2167141029070794e-07, 1.2484456889442185e-06, 1.0193535786972435e-06, 2.1121266926844157e-07, 1.1214987272190058e-15, 8.734332701543224e-16, 8.066464163292153e-16, 6.756747938929664e-16, 5.6801490594393655e-11, 5.646524914304507e-16, 2.2741555947419778e-10, 1.2728533504979822e-14, 5.273559366969494e-16, 4.969982758673552e-16, 4.805184028455756e-16, 4.198030811863873e-16, 7.251144129583054e-16, 6.617970060851519e-16, 1.635138031919059e-11, 8.378714388967978e-16, 6.85826926326294e-08, 2.9243513493485557e-07, 2.252344838415965e-11, 4.5888451794158513e-07]","[8.033665365165914e-07, 9.203861401959473e-07, 9.922684929055195e-06, 9.685219399071555e-06, 3.135666829641448e-06, 5.673407952443837e-07, 1.181238324481082e-07, 1.3124114643572188e-07, 3.520461263652186e-09, 6.0956438091563925e-09, 9.102741018339119e-07, 2.253794970071346e-07, 7.379181102334584e-07, 2.0887086958697003e-06, 3.639961846869672e-06, 7.526965162263366e-15, 4.322977609737266e-08, 1.9975950732199765e-06, 6.552581909794603e-08, 5.004677228193088e-16, 1.382750892953144e-10, 6.119582012921974e-06, 9.144868960454799e-07, 2.9044280932177466e-07, 1.2167141029070794e-07, 1.2484456889442185e-06, 1.0193535786972435e-06, 2.1121266926844157e-07, 1.1214987272190058e-15, 8.734332701543224e-16, 8.066464163292153e-16, 6.756747938929664e-16, 5.6801490594393655e-11, 5.646524914304507e-16, 2.2741555947419778e-10, 1.2728533504979822e-14, 5.273559366969494e-16, 4.969982758673552e-16, 4.805184028455756e-16, 4.198030811863873e-16, 7.251144129583054e-16, 6.617970060851519e-16, 1.635138031919059e-11, 8.378714388967978e-16, 6.85826926326294e-08, 2.9243513493485557e-07, 2.252344838415965e-11, 4.5888451794158513e-07]",9.922684929055195e-06,6.305436118479724e-07,"[8.033665361743087e-07, 9.203861391761468e-07, 9.922684716378964e-06, 9.685217789899558e-06, 3.135666412672905e-06, 5.673407946328937e-07, 1.1812383244442191e-07, 1.3124114642379565e-07, 3.5204612922751233e-09, 6.0956438041690625e-09, 9.102740865189057e-07, 2.2537949673543355e-07, 7.379180927825739e-07, 2.088708691482151e-06, 3.639961591769261e-06, 7.528483045304846e-15, 4.322977610517892e-08, 1.997594806762981e-06, 6.55258187390751e-08, 5.336443092973653e-16, 1.3827509775209135e-10, 6.119581988452399e-06, 9.14486893672053e-07, 2.904428080645338e-07, 1.2167141011983768e-07, 1.248445650671665e-06, 1.019353573395278e-06, 2.112126676924453e-07, 1.130606025467884e-15, 8.716985466783456e-16, 7.875644580934704e-16, 6.583275591331983e-16, 5.6801503604819725e-11, 5.334274688628682e-16, 2.2741556684677255e-10, 1.2720727249337926e-14, 5.212844045310305e-16, 4.913604245704306e-16, 4.588343593958655e-16, 4.106957829375091e-16, 7.051650929845721e-16, 6.826136877968736e-16, 1.6351399834829694e-11, 8.448103328007051e-16, 6.858269258882763e-08, 2.9243513477764625e-07, 2.2523442312627484e-11, 4.588845132066574e-07]",2.1635520527973906e-05,0.0,0.0,0.999967257587902,True,575.0,2.04,1e-05,banded ADMM with dual certificate,0.08375646200011033,51.0,51.0,48.0,0.5*sum_train((z-y)^2)+lambda*sum(abs(Bz))
PDE,fisher_kpp,pod_tv_diff,POD+TV,3,0.01,4,ok,51,2,2352,1,0.21264630499990744,0.01,0.00011861035752985249,0.0,0.0,0.0,3.0,48.0,"[0.0005260559688141203, 0.0008016091865557832]","[0.000519771991085083, 0.0008016041341237226]","[6.283977729037321e-06, 5.052432060616632e-09]","[6.283977729037321e-06, 5.052432060616632e-09]",6.283977729037321e-06,1.7325034926130023e-06,"[6.2839631880992055e-06, 5.052430615266716e-09]",0.00012511127858488846,0.0,0.0,0.9997734643233942,True,100.0,0.40800000000000003,1e-05,banded ADMM with dual certificate,0.00360251399979461,51.0,51.0,2.0,0.5*sum_train((z-y)^2)+lambda*sum(abs(Bz))
PDE,fisher_kpp,baseline,Raw FD,4,0.01,4,ok,51,0,2352,1,0.023758393000207434,,,,,,,,,,,,,,,,,,,,,,,,,,,,
PDE,fisher_kpp,pod_edmd_rbf,POD-EDMD-RBF,4,0.01,4,ok,51,2,5000,5,0.04844956200031447,,,,,,,,,,,,,,,,,,,,,,,,,,,,
PDE,fisher_kpp,tv_diff,TV,4,0.01,4,ok,51,0,2352,1,0.33089066699994873,0.1,0.0001326639981823177,0.0,0.0,0.0,3.0,8.0,"[0.003691224668739017, 0.0036556047052219145, 0.003281091331331438, 0.002765911178430914, 0.003781441215977909, 0.003277480690974631, 0.003487180975286284, 0.004788228593109496, 0.003965242312417332, 0.003478321142231892, 0.0032824985722568266, 0.003612154304971212, 0.003558358364134379, 0.004139790952646636, 0.0035804739353332855, 0.004777815418259427, 0.002733723741193216, 0.0040447061775555, 0.0035676204887174837, 0.0030229142168125044, 0.002879627890711712, 0.003223133765778783, 0.0027906899397250355, 0.002514850191746279, 0.0024103342149615283, 0.0033920037222885144, 0.0028528000336609533, 0.0032860889823164213, 0.0038748695945550996, 0.003805731815009139, 0.0042158727782552015, 0.004397248736571953, 0.004452108048550009, 0.0045284246581236524, 0.004459672264476106, 0.005072114506829434, 0.004216322438717095, 0.004974589370829185, 0.00522669074734767, 0.005484409796109628, 0.004743715634555015, 0.004937658383229816, 0.0036584377266171064, 0.003268699256451928, 0.004195303881608265, 0.0032936574378817007, 0.0032445583765252197, 0.0033487415256554824]","[0.003691217709779525, 0.0036555554437508915, 0.00328108065704129, 0.002765559967012071, 0.003780343230081378, 0.003277468462895932, 0.0034871809751810742, 0.004788228575003793, 0.003957968799155605, 0.0034783178357536363, 0.003276500888083451, 0.0036113531585331878, 0.0035572503553622367, 0.00413979094584947, 0.0035804739353034673, 0.004773417534075768, 0.002728006957996406, 0.004044706177554907, 0.0035676204884616536, 0.0030220524174085564, 0.0028785837344444303, 0.003214719554323185, 0.0027838318284647834, 0.0025098302347646914, 0.0024036979262876956, 0.0033919935983118387, 0.002852799449155523, 0.0032853781756811175, 0.003874869594535339, 0.0038057318150084285, 0.004215872778254526, 0.004397248736571168, 0.004452108048457448, 0.0045284246581228805, 0.004459672264475533, 0.005072114506828831, 0.004216322438716629, 0.004974589370713, 0.005226690747347079, 0.0054844097961092644, 0.004743715634554304, 0.004937658383229158, 0.003658431197074644, 0.003268699256451027, 0.004194172548906115, 0.0032882963642606663, 0.0032445545355496673, 0.0033487413013163353]","[6.9589594919872155e-09, 4.926147102301409e-08, 1.0674290147963394e-08, 3.5121141884293314e-07, 1.097985896531331e-06, 1.2228078698911515e-08, 1.0520967777538637e-13, 1.8105702700998982e-11, 7.273513261727739e-06, 3.306478255690054e-09, 5.997684173375713e-06, 8.011464380243936e-07, 1.1080087721423992e-06, 6.797166128558185e-12, 2.981816182856534e-14, 4.3978841836583155e-06, 5.716783196810151e-06, 5.93275428784068e-16, 2.558300793431556e-13, 8.617994039479895e-07, 1.0441562672816249e-06, 8.414211455597814e-06, 6.858111260252091e-06, 5.019956981587494e-06, 6.636288673832636e-06, 1.0123976675654317e-08, 5.845054301678587e-10, 7.108066353038109e-07, 1.9760668795720804e-14, 7.103692634125025e-16, 6.756747938929664e-16, 7.849623728795052e-16, 9.256137523117047e-14, 7.719519468096792e-16, 5.733261088103347e-16, 6.036837696399289e-16, 4.666406150377611e-16, 1.1618483952702263e-13, 5.906733435701028e-16, 3.634245682171411e-16, 7.112366251504909e-16, 6.583275591331983e-16, 6.529542462274662e-09, 9.011888457699513e-16, 1.131332702149386e-06, 5.36107362103435e-06, 3.840975552373005e-09, 2.2433914708547276e-10]","[6.9589594919872155e-09, 4.926147102301409e-08, 1.0674290147963394e-08, 3.5121141884293314e-07, 1.097985896531331e-06, 1.2228078698911515e-08, 1.0520967777538637e-13, 1.8105702700998982e-11, 7.273513261727739e-06, 3.306478255690054e-09, 5.997684173375713e-06, 8.011464380243936e-07, 1.1080087721423992e-06, 6.797166128558185e-12, 2.981816182856534e-14, 4.3978841836583155e-06, 5.716783196810151e-06, 5.93275428784068e-16, 2.558300793431556e-13, 8.617994039479895e-07, 1.0441562672816249e-06, 8.414211455597814e-06, 6.858111260252091e-06, 5.019956981587494e-06, 6.636288673832636e-06, 1.0123976675654317e-08, 5.845054301678587e-10, 7.108066353038109e-07, 1.9760668795720804e-14, 7.103692634125025e-16, 6.756747938929664e-16, 7.849623728795052e-16, 9.256137523117047e-14, 7.719519468096792e-16, 5.733261088103347e-16, 6.036837696399289e-16, 4.666406150377611e-16, 1.1618483952702263e-13, 5.906733435701028e-16, 3.634245682171411e-16, 7.112366251504909e-16, 6.583275591331983e-16, 6.529542462274662e-09, 9.011888457699513e-16, 1.131332702149386e-06, 5.36107362103435e-06, 3.840975552373005e-09, 2.2433914708547276e-10]",8.414211455597814e-06,3.1610709064905373e-07,"[6.9589594543654e-09, 4.9261471004148974e-08, 1.0674290144927628e-08, 3.5121141829107423e-07, 1.0979858961442709e-06, 1.2228078711921941e-08, 1.0521184617973134e-13, 1.8105696629466816e-11, 7.273513046089685e-06, 3.306478239643862e-09, 5.997684092197376e-06, 8.011464376048074e-07, 1.1080087708172873e-06, 6.797157021259936e-12, 2.978108211426633e-14, 4.397883719558637e-06, 5.71678315146101e-06, 6.015153652949579e-16, 2.5584916130139135e-13, 8.617994020395769e-07, 1.0441562496520639e-06, 8.41421133315084e-06, 6.858111248322614e-06, 5.0199568546518145e-06, 6.6362886446644535e-06, 1.0123976651259768e-08, 5.845054067490918e-10, 7.108066336441142e-07, 1.979601378654383e-14, 7.28583859910259e-16, 6.830473686658678e-16, 7.732529894166618e-16, 9.255009952857662e-14, 7.632783294297951e-16, 5.689893001203927e-16, 5.759281940243e-16, 4.618701254788249e-16, 1.1618223744180867e-13, 5.633514488234681e-16, 3.616898447411643e-16, 6.860831347488272e-16, 6.76975836499949e-16, 6.5295424549020875e-09, 8.89913143176102e-16, 1.1313326983683394e-06, 5.361073611608947e-06, 3.840975530472121e-09, 2.243391618306223e-10]",1.1313659673550802e-05,0.0,0.0,0.999988250954786,True,600.0,2.04,1e-05,banded ADMM with dual certificate,0.08620145999975648,51.0,51.0,48.0,0.5*sum_train((z-y)^2)+lambda*sum(abs(Bz))
PDE,fisher_kpp,pod_tv_diff,POD+TV,4,0.01,4,ok,51,2,2352,1,0.21782341800007998,0.001,0.00011269372351404504,0.0,0.0,0.0,3.0,48.0,"[0.00016711824882103675, 0.0002263736442427772]","[0.00015852364311409517, 0.0002203031379543915]","[8.594605706941586e-06, 6.070506288385701e-06]","[8.594605706941586e-06, 6.070506288385701e-06]",8.594605706941586e-06,8.216142834618391e-06,"[8.594140439252925e-06, 6.07012872050088e-06]",0.0008716526889520733,0.0,0.0,0.9975191860449403,True,25.0,0.01,1e-05,banded ADMM with dual certificate,0.0011172849999638856,51.0,51.0,2.0,0.5*sum_train((z-y)^2)+lambda*sum(abs(Bz))
