system,method,method_label,sparse_factor,obs_dt,noise,seed,upsample,spline_alpha,spline_cv_error,spline_cv_folds,gp_kernel,gp_cv_error,gp_cv_folds,support_f1,coef_error,practical_score,threshold,status
lorenz63,edmd_poly3,EDMD-polynomial,8,0.04,0.0,0,5,,,0,,,0,1.0,0.004140812605797092,0.9958762630162881,0.03,ok
lorenz63,edmd_rbf,EDMD-RBF,8,0.04,0.0,0,5,,,0,,,0,1.0,0.003805180131984644,0.9962092443760009,0.01,ok
lorenz63,edmd_poly3,EDMD-polynomial,8,0.04,0.0,1,5,,,0,,,0,1.0,0.004140812605797092,0.9958762630162881,0.03,ok
lorenz63,edmd_rbf,EDMD-RBF,8,0.04,0.0,1,5,,,0,,,0,1.0,0.003907080721912164,0.996108125147297,0.03,ok
lorenz63,edmd_poly3,EDMD-polynomial,8,0.04,0.0,2,5,,,0,,,0,1.0,0.004140812605797092,0.9958762630162881,0.03,ok
lorenz63,edmd_rbf,EDMD-RBF,8,0.04,0.0,2,5,,,0,,,0,1.0,0.004011216009983103,0.9960048095618653,0.03,ok
lorenz63,edmd_poly3,EDMD-polynomial,8,0.04,0.0,3,5,,,0,,,0,1.0,0.004140812605797092,0.9958762630162881,0.03,ok
lorenz63,edmd_rbf,EDMD-RBF,8,0.04,0.0,3,5,,,0,,,0,1.0,0.0040596360279116775,0.995956777981862,0.03,ok
lorenz63,edmd_poly3,EDMD-polynomial,8,0.04,0.0,4,5,,,0,,,0,1.0,0.004140812605797092,0.9958762630162881,0.03,ok
lorenz63,edmd_rbf,EDMD-RBF,8,0.04,0.0,4,5,,,0,,,0,1.0,0.004211978831714209,0.9958056875236496,0.03,ok
lorenz63,edmd_poly3,EDMD-polynomial,8,0.04,0.0,5,5,,,0,,,0,1.0,0.004140812605797092,0.9958762630162881,0.03,ok
lorenz63,edmd_rbf,EDMD-RBF,8,0.04,0.0,5,5,,,0,,,0,1.0,0.003923111547821858,0.9960922191125043,0.01,ok
lorenz63,edmd_poly3,EDMD-polynomial,8,0.04,0.0,6,5,,,0,,,0,1.0,0.004140812605797092,0.9958762630162881,0.03,ok
lorenz63,edmd_rbf,EDMD-RBF,8,0.04,0.0,6,5,,,0,,,0,1.0,0.004100798481241347,0.9959159493873085,0.01,ok
lorenz63,edmd_poly3,EDMD-polynomial,8,0.04,0.0,7,5,,,0,,,0,1.0,0.004140812605797092,0.9958762630162881,0.03,ok
lorenz63,edmd_rbf,EDMD-RBF,8,0.04,0.0,7,5,,,0,,,0,1.0,0.003954365841303271,0.9960612095770015,0.03,ok
lorenz63,edmd_poly3,EDMD-polynomial,8,0.04,0.0,8,5,,,0,,,0,1.0,0.004140812605797092,0.9958762630162881,0.03,ok
lorenz63,edmd_rbf,EDMD-RBF,8,0.04,0.0,8,5,,,0,,,0,1.0,0.003940363164788686,0.9960751023573081,0.03,ok
lorenz63,edmd_poly3,EDMD-polynomial,8,0.04,0.0,9,5,,,0,,,0,1.0,0.004140812605797092,0.9958762630162881,0.03,ok
lorenz63,edmd_rbf,EDMD-RBF,8,0.04,0.0,9,5,,,0,,,0,1.0,0.004079941425919829,0.9959366368576931,0.03,ok
lorenz63,edmd_poly3,EDMD-polynomial,8,0.04,0.01,0,5,,,0,,,0,1.0,0.005620635844417735,0.9944107791307424,0.3,ok
lorenz63,edmd_rbf,EDMD-RBF,8,0.04,0.01,0,5,,,0,,,0,1.0,0.005015508783751108,0.9950095210074711,0.3,ok
lorenz63,edmd_poly3,EDMD-polynomial,8,0.04,0.01,1,5,,,0,,,0,1.0,0.004949792991039873,0.9950745867847709,0.3,ok
lorenz63,edmd_rbf,EDMD-RBF,8,0.04,0.01,1,5,,,0,,,0,1.0,0.0051092437304916,0.9949167279453839,0.1,ok
lorenz63,edmd_poly3,EDMD-polynomial,8,0.04,0.01,2,5,,,0,,,0,1.0,0.0030503708549052258,0.9969589056107866,0.1,ok
lorenz63,edmd_rbf,EDMD-RBF,8,0.04,0.01,2,5,,,0,,,0,1.0,0.003539319209356441,0.9964731633912013,0.1,ok
lorenz63,edmd_poly3,EDMD-polynomial,8,0.04,0.01,3,5,,,0,,,0,0.9333333333333333,0.01628079197777441,0.9183813574956802,0.1,ok
lorenz63,edmd_rbf,EDMD-RBF,8,0.04,0.01,3,5,,,0,,,0,0.9333333333333333,0.015942592244972246,0.9186870798190538,0.1,ok
lorenz63,edmd_poly3,EDMD-polynomial,8,0.04,0.01,4,5,,,0,,,0,0.875,0.013173062834116907,0.863623434235796,0.1,ok
lorenz63,edmd_rbf,EDMD-RBF,8,0.04,0.01,4,5,,,0,,,0,0.9333333333333333,0.012593953434419687,0.9217251694696993,0.1,ok
lorenz63,edmd_poly3,EDMD-polynomial,8,0.04,0.01,5,5,,,0,,,0,0.9230769230769231,0.08541495393976443,0.8504368948726956,0.3,ok
lorenz63,edmd_rbf,EDMD-RBF,8,0.04,0.01,5,5,,,0,,,0,1.0,0.0013378141395058696,0.9986639732160164,0.3,ok
lorenz63,edmd_poly3,EDMD-polynomial,8,0.04,0.01,6,5,,,0,,,0,1.0,0.003037566946424791,0.9969716319243433,0.1,ok
lorenz63,edmd_rbf,EDMD-RBF,8,0.04,0.01,6,5,,,0,,,0,1.0,0.002722263955552315,0.9972851266463222,0.1,ok
lorenz63,edmd_poly3,EDMD-polynomial,8,0.04,0.01,7,5,,,0,,,0,1.0,0.00893284198505438,0.9911462471897742,0.1,ok
lorenz63,edmd_rbf,EDMD-RBF,8,0.04,0.01,7,5,,,0,,,0,1.0,0.008822348982682901,0.991254804186704,0.1,ok
lorenz63,edmd_poly3,EDMD-polynomial,8,0.04,0.01,8,5,,,0,,,0,1.0,0.005922641778574984,0.9941122293776954,0.3,ok
lorenz63,edmd_rbf,EDMD-RBF,8,0.04,0.01,8,5,,,0,,,0,1.0,0.00567266902606134,0.9943593286356732,0.3,ok
lorenz63,edmd_poly3,EDMD-polynomial,8,0.04,0.01,9,5,,,0,,,0,1.0,0.010585612478501502,0.989525268965051,0.3,ok
lorenz63,edmd_rbf,EDMD-RBF,8,0.04,0.01,9,5,,,0,,,0,1.0,0.01043041815047313,0.9896772524232146,0.3,ok
lorenz63,edmd_poly3,EDMD-polynomial,8,0.04,0.03,0,5,,,0,,,0,0.9333333333333333,0.039050814881265765,0.8982557156648657,0.1,ok
lorenz63,edmd_rbf,EDMD-RBF,8,0.04,0.03,0,5,,,0,,,0,0.9333333333333333,0.03945710132819585,0.8979046197680887,0.3,ok
lorenz63,edmd_poly3,EDMD-polynomial,8,0.04,0.03,1,5,,,0,,,0,0.9333333333333333,0.0122198309560037,0.9220658445822336,0.3,ok
lorenz63,edmd_rbf,EDMD-RBF,8,0.04,0.03,1,5,,,0,,,0,0.9333333333333333,0.012869440026774103,0.9214744728685482,0.3,ok
lorenz63,edmd_poly3,EDMD-polynomial,8,0.04,0.03,2,5,,,0,,,0,0.9230769230769231,0.09249002687598672,0.8449293818420418,0.3,ok
lorenz63,edmd_rbf,EDMD-RBF,8,0.04,0.03,2,5,,,0,,,0,1.0,0.014721983156396298,0.9854916091296239,0.3,ok
lorenz63,edmd_poly3,EDMD-polynomial,8,0.04,0.03,3,5,,,0,,,0,0.9333333333333333,0.020662007130397106,0.9144391843852507,0.3,ok
lorenz63,edmd_rbf,EDMD-RBF,8,0.04,0.03,3,5,,,0,,,0,0.9333333333333333,0.020009254930999514,0.9150243772998613,0.1,ok
lorenz63,edmd_poly3,EDMD-polynomial,8,0.04,0.03,4,5,,,0,,,0,0.9333333333333333,0.02006768102732564,0.9149719677358654,0.3,ok
lorenz63,edmd_rbf,EDMD-RBF,8,0.04,0.03,4,5,,,0,,,0,0.875,0.019145459793170422,0.8585624275631627,0.1,ok
lorenz63,edmd_poly3,EDMD-polynomial,8,0.04,0.03,5,5,,,0,,,0,0.9333333333333333,0.020729254816104853,0.9143789393020613,0.3,ok
lorenz63,edmd_rbf,EDMD-RBF,8,0.04,0.03,5,5,,,0,,,0,1.0,0.008362382275967648,0.9917069672342466,0.3,ok
lorenz63,edmd_poly3,EDMD-polynomial,8,0.04,0.03,6,5,,,0,,,0,0.875,0.01446463985174646,0.8625239023884285,0.1,ok
lorenz63,edmd_rbf,EDMD-RBF,8,0.04,0.03,6,5,,,0,,,0,0.875,0.013962654348229176,0.8629509146591264,0.1,ok
lorenz63,edmd_poly3,EDMD-polynomial,8,0.04,0.03,7,5,,,0,,,0,0.9333333333333333,0.019854056340112107,0.9151636231979403,0.3,ok
lorenz63,edmd_rbf,EDMD-RBF,8,0.04,0.03,7,5,,,0,,,0,0.875,0.01926443515575357,0.8584622104138181,0.1,ok
lorenz63,edmd_poly3,EDMD-polynomial,8,0.04,0.03,8,5,,,0,,,0,0.9333333333333333,0.018887851364676484,0.9160314671366891,0.3,ok
lorenz63,edmd_rbf,EDMD-RBF,8,0.04,0.03,8,5,,,0,,,0,0.9333333333333333,0.01966969430733499,0.915329089943533,0.3,ok
lorenz63,edmd_poly3,EDMD-polynomial,8,0.04,0.03,9,5,,,0,,,0,1.0,0.009986098880390135,0.9901126373011865,0.3,ok
lorenz63,edmd_rbf,EDMD-RBF,8,0.04,0.03,9,5,,,0,,,0,1.0,0.010915532923937118,0.9892023294049449,0.3,ok
lorenz63,edmd_poly3,EDMD-polynomial,8,0.04,0.05,0,5,,,0,,,0,0.875,0.02961769593362185,0.8498299936527219,0.3,ok
lorenz63,edmd_rbf,EDMD-RBF,8,0.04,0.05,0,5,,,0,,,0,0.9333333333333333,0.032449285597830134,0.903999204951646,0.3,ok
lorenz63,edmd_poly3,EDMD-polynomial,8,0.04,0.05,1,5,,,0,,,0,0.8235294117647058,0.05738968773440576,0.7788324600831167,0.1,ok
lorenz63,edmd_rbf,EDMD-RBF,8,0.04,0.05,1,5,,,0,,,0,0.8235294117647058,0.05937272063114302,0.7773745686731214,0.1,ok
lorenz63,edmd_poly3,EDMD-polynomial,8,0.04,0.05,2,5,,,0,,,0,0.9333333333333333,0.032703851287836795,0.9037763654792387,0.3,ok
lorenz63,edmd_rbf,EDMD-RBF,8,0.04,0.05,2,5,,,0,,,0,0.5833333333333334,0.40040808438965103,0.4165452483713498,0.03,ok
lorenz63,edmd_poly3,EDMD-polynomial,8,0.04,0.05,3,5,,,0,,,0,0.9333333333333333,0.03176063122154631,0.9046025842528217,0.1,ok
lorenz63,edmd_rbf,EDMD-RBF,8,0.04,0.05,3,5,,,0,,,0,0.875,0.03166570687637683,0.8481429538346089,0.1,ok
lorenz63,edmd_poly3,EDMD-polynomial,8,0.04,0.05,4,5,,,0,,,0,0.5833333333333334,0.28314354934942515,0.4546126843166479,0.03,ok
lorenz63,edmd_rbf,EDMD-RBF,8,0.04,0.05,4,5,,,0,,,0,0.875,0.0570770031137345,0.8277542671182828,0.1,ok
lorenz63,edmd_poly3,EDMD-polynomial,8,0.04,0.05,5,5,,,0,,,0,0.8235294117647058,0.042389343781877274,0.7900401291295545,0.1,ok
lorenz63,edmd_rbf,EDMD-RBF,8,0.04,0.05,5,5,,,0,,,0,0.75,0.09323664035957177,0.6860362819099447,0.1,ok
lorenz63,edmd_poly3,EDMD-polynomial,8,0.04,0.05,6,5,,,0,,,0,0.9333333333333333,0.03610193888431401,0.9008122640310441,0.3,ok
lorenz63,edmd_rbf,EDMD-RBF,8,0.04,0.05,6,5,,,0,,,0,0.7777777777777778,0.040847384891244544,0.7472543900939386,0.1,ok
lorenz63,edmd_poly3,EDMD-polynomial,8,0.04,0.05,7,5,,,0,,,0,0.8,0.09583890397272776,0.730034311703821,0.1,ok
lorenz63,edmd_rbf,EDMD-RBF,8,0.04,0.05,7,5,,,0,,,0,0.9333333333333333,0.05126488253197614,0.8878193772490487,0.3,ok
lorenz63,edmd_poly3,EDMD-polynomial,8,0.04,0.05,8,5,,,0,,,0,0.875,0.042281264234923156,0.8395046807660749,0.1,ok
lorenz63,edmd_rbf,EDMD-RBF,8,0.04,0.05,8,5,,,0,,,0,0.5384615384615384,0.32531961364678086,0.4062880628317987,0.03,ok
lorenz63,edmd_poly3,EDMD-polynomial,8,0.04,0.05,9,5,,,0,,,0,0.7777777777777778,0.05417799806232802,0.7378049809495187,0.1,ok
lorenz63,edmd_rbf,EDMD-RBF,8,0.04,0.05,9,5,,,0,,,0,0.9333333333333333,0.05310885750309493,0.8862648212324911,0.3,ok
lorenz63,edmd_poly3,EDMD-polynomial,8,0.04,0.1,0,5,,,0,,,0,0.8571428571428571,1.3397458351231062,0.3663401572409502,0.3,ok
lorenz63,edmd_rbf,EDMD-RBF,8,0.04,0.1,0,5,,,0,,,0,0.7368421052631579,0.26365311800903407,0.5831047261008618,0.1,ok
lorenz63,edmd_poly3,EDMD-polynomial,8,0.04,0.1,1,5,,,0,,,0,0.875,0.07522603030057631,0.8137823818824367,0.3,ok
lorenz63,edmd_rbf,EDMD-RBF,8,0.04,0.1,1,5,,,0,,,0,0.5882352941176471,0.46463547757673784,0.4016257308548141,0.3,ok
lorenz63,edmd_poly3,EDMD-polynomial,8,0.04,0.1,2,5,,,0,,,0,0.9333333333333333,0.053083959847523746,0.8862857748478772,0.3,ok
lorenz63,edmd_rbf,EDMD-RBF,8,0.04,0.1,2,5,,,0,,,0,0.9333333333333333,0.06575474099171204,0.8757487041200894,0.3,ok
lorenz63,edmd_poly3,EDMD-polynomial,8,0.04,0.1,3,5,,,0,,,0,0.875,0.07998490760167726,0.8101965072300064,0.3,ok
lorenz63,edmd_rbf,EDMD-RBF,8,0.04,0.1,3,5,,,0,,,0,0.7,0.30976249881012385,0.5344480397292845,0.1,ok
lorenz63,edmd_poly3,EDMD-polynomial,8,0.04,0.1,4,5,,,0,,,0,0.75,0.12951464417137803,0.6640020152640046,0.3,ok
lorenz63,edmd_rbf,EDMD-RBF,8,0.04,0.1,4,5,,,0,,,0,0.75,0.12114608944435709,0.6689583160136624,0.3,ok
lorenz63,edmd_poly3,EDMD-polynomial,8,0.04,0.1,5,5,,,0,,,0,0.8,0.437955187339578,0.5563455711579678,0.3,ok
lorenz63,edmd_rbf,EDMD-RBF,8,0.04,0.1,5,5,,,0,,,0,0.5833333333333334,0.6298359709236231,0.3579092275173925,0.1,ok
lorenz63,edmd_poly3,EDMD-polynomial,8,0.04,0.1,6,5,,,0,,,0,0.7,0.05294981192680342,0.6647990170766667,0.1,ok
lorenz63,edmd_rbf,EDMD-RBF,8,0.04,0.1,6,5,,,0,,,0,0.7368421052631579,0.09160620520722716,0.6750072523848268,0.1,ok
lorenz63,edmd_poly3,EDMD-polynomial,8,0.04,0.1,7,5,,,0,,,0,0.875,0.10989073911251507,0.7883658896907842,0.3,ok
lorenz63,edmd_rbf,EDMD-RBF,8,0.04,0.1,7,5,,,0,,,0,0.875,0.10968660914640241,0.7885109118087593,0.3,ok
lorenz63,edmd_poly3,EDMD-polynomial,8,0.04,0.1,8,5,,,0,,,0,0.875,0.07379163752234484,0.8148694489919529,0.3,ok
lorenz63,edmd_rbf,EDMD-RBF,8,0.04,0.1,8,5,,,0,,,0,0.75,0.11455467231103045,0.6729144999633567,0.1,ok
lorenz63,edmd_poly3,EDMD-polynomial,8,0.04,0.1,9,5,,,0,,,0,0.875,0.0901622215514692,0.8026328400508502,0.3,ok
lorenz63,edmd_rbf,EDMD-RBF,8,0.04,0.1,9,5,,,0,,,0,0.5384615384615384,0.5854182060381128,0.33963375493657855,0.1,ok
lorenz63,edmd_poly3,EDMD-polynomial,16,0.08,0.0,0,5,,,0,,,0,0.9333333333333333,0.010147453215433356,0.9239575176499327,0.1,ok
lorenz63,edmd_rbf,EDMD-RBF,16,0.08,0.0,0,5,,,0,,,0,1.0,0.007650027384026303,0.9924080512319474,0.3,ok
lorenz63,edmd_poly3,EDMD-polynomial,16,0.08,0.0,1,5,,,0,,,0,0.9333333333333333,0.010147453215433356,0.9239575176499327,0.1,ok
lorenz63,edmd_rbf,EDMD-RBF,16,0.08,0.0,1,5,,,0,,,0,0.8235294117647058,0.04031129239921465,0.791618256748366,0.3,ok
lorenz63,edmd_poly3,EDMD-polynomial,16,0.08,0.0,2,5,,,0,,,0,0.9333333333333333,0.010147453215433356,0.9239575176499327,0.1,ok
lorenz63,edmd_rbf,EDMD-RBF,16,0.08,0.0,2,5,,,0,,,0,1.0,0.00994040356741809,0.9901574354958912,0.3,ok
lorenz63,edmd_poly3,EDMD-polynomial,16,0.08,0.0,3,5,,,0,,,0,0.9333333333333333,0.010147453215433356,0.9239575176499327,0.1,ok
lorenz63,edmd_rbf,EDMD-RBF,16,0.08,0.0,3,5,,,0,,,0,0.9333333333333333,0.010559720406328929,0.9235805806291743,0.1,ok
lorenz63,edmd_poly3,EDMD-polynomial,16,0.08,0.0,4,5,,,0,,,0,0.9333333333333333,0.010147453215433356,0.9239575176499327,0.1,ok
lorenz63,edmd_rbf,EDMD-RBF,16,0.08,0.0,4,5,,,0,,,0,1.0,0.007328562568983484,0.9927247545227017,0.3,ok
lorenz63,edmd_poly3,EDMD-polynomial,16,0.08,0.0,5,5,,,0,,,0,0.9333333333333333,0.010147453215433356,0.9239575176499327,0.1,ok
lorenz63,edmd_rbf,EDMD-RBF,16,0.08,0.0,5,5,,,0,,,0,1.0,0.009538052957282685,0.9905520619759282,0.3,ok
lorenz63,edmd_poly3,EDMD-polynomial,16,0.08,0.0,6,5,,,0,,,0,0.9333333333333333,0.010147453215433356,0.9239575176499327,0.1,ok
lorenz63,edmd_rbf,EDMD-RBF,16,0.08,0.0,6,5,,,0,,,0,1.0,0.008980520310187234,0.9910994116046697,0.3,ok
lorenz63,edmd_poly3,EDMD-polynomial,16,0.08,0.0,7,5,,,0,,,0,0.9333333333333333,0.010147453215433356,0.9239575176499327,0.1,ok
lorenz63,edmd_rbf,EDMD-RBF,16,0.08,0.0,7,5,,,0,,,0,1.0,0.010703935505748637,0.9894094253225675,0.3,ok
lorenz63,edmd_poly3,EDMD-polynomial,16,0.08,0.0,8,5,,,0,,,0,0.9333333333333333,0.010147453215433356,0.9239575176499327,0.1,ok
lorenz63,edmd_rbf,EDMD-RBF,16,0.08,0.0,8,5,,,0,,,0,0.9333333333333333,0.019236686766506503,0.915717953887925,0.1,ok
lorenz63,edmd_poly3,EDMD-polynomial,16,0.08,0.0,9,5,,,0,,,0,0.9333333333333333,0.010147453215433356,0.9239575176499327,0.1,ok
lorenz63,edmd_rbf,EDMD-RBF,16,0.08,0.0,9,5,,,0,,,0,0.9333333333333333,0.013278268391396692,0.9211026846702457,0.1,ok
lorenz63,edmd_poly3,EDMD-polynomial,16,0.08,0.01,0,5,,,0,,,0,1.0,0.005857690654780438,0.9941764220632768,0.3,ok
lorenz63,edmd_rbf,EDMD-RBF,16,0.08,0.01,0,5,,,0,,,0,0.9333333333333333,0.015784021390670148,0.9188304931746645,0.1,ok
lorenz63,edmd_poly3,EDMD-polynomial,16,0.08,0.01,1,5,,,0,,,0,0.9333333333333333,0.022533344342868068,0.9127656701827565,0.3,ok
lorenz63,edmd_rbf,EDMD-RBF,16,0.08,0.01,1,5,,,0,,,0,0.9333333333333333,0.021029411865728792,0.9141101348176168,0.3,ok
lorenz63,edmd_poly3,EDMD-polynomial,16,0.08,0.01,2,5,,,0,,,0,0.8571428571428571,0.09151379543893079,0.7852789957621874,0.1,ok
lorenz63,edmd_rbf,EDMD-RBF,16,0.08,0.01,2,5,,,0,,,0,0.8571428571428571,0.09004255175427521,0.7863388963700567,0.1,ok
lorenz63,edmd_poly3,EDMD-polynomial,16,0.08,0.01,3,5,,,0,,,0,0.75,1.6158743249432335,0.2867110215687734,0.3,ok
lorenz63,edmd_rbf,EDMD-RBF,16,0.08,0.01,3,5,,,0,,,0,0.9333333333333333,0.02299810922135283,0.9123509857156361,0.3,ok
lorenz63,edmd_poly3,EDMD-polynomial,16,0.08,0.01,4,5,,,0,,,0,0.9333333333333333,0.04424582527697613,0.8937869903245969,0.3,ok
lorenz63,edmd_rbf,EDMD-RBF,16,0.08,0.01,4,5,,,0,,,0,1.0,0.009408751504446863,0.9906789479579766,0.3,ok
lorenz63,edmd_poly3,EDMD-polynomial,16,0.08,0.01,5,5,,,0,,,0,1.0,0.005823063143818271,0.9942106486148591,0.1,ok
lorenz63,edmd_rbf,EDMD-RBF,16,0.08,0.01,5,5,,,0,,,0,1.0,0.009451591627119567,0.9906369045276507,0.3,ok
lorenz63,edmd_poly3,EDMD-polynomial,16,0.08,0.01,6,5,,,0,,,0,0.875,0.0144413222952711,0.8625437280297577,0.1,ok
lorenz63,edmd_rbf,EDMD-RBF,16,0.08,0.01,6,5,,,0,,,0,1.0,0.0061062302665181095,0.9939308294861662,0.3,ok
lorenz63,edmd_poly3,EDMD-polynomial,16,0.08,0.01,7,5,,,0,,,0,1.0,0.005458924463555954,0.9945707136007884,0.1,ok
lorenz63,edmd_rbf,EDMD-RBF,16,0.08,0.01,7,5,,,0,,,0,1.0,0.0023797016886761926,0.9976259478472408,0.1,ok
lorenz63,edmd_poly3,EDMD-polynomial,16,0.08,0.01,8,5,,,0,,,0,1.0,0.0037720451628056825,0.9962421296937057,0.3,ok
lorenz63,edmd_rbf,EDMD-RBF,16,0.08,0.01,8,5,,,0,,,0,0.9333333333333333,0.023433504376229212,0.9119628479450544,0.3,ok
lorenz63,edmd_poly3,EDMD-polynomial,16,0.08,0.01,9,5,,,0,,,0,0.9333333333333333,0.015187402396302138,0.9193704838439128,0.3,ok
lorenz63,edmd_rbf,EDMD-RBF,16,0.08,0.01,9,5,,,0,,,0,0.9333333333333333,0.014173626623194168,0.9202894936648789,0.1,ok
lorenz63,edmd_poly3,EDMD-polynomial,16,0.08,0.03,0,5,,,0,,,0,0.875,0.02924050715588835,0.8501414333350493,0.3,ok
lorenz63,edmd_rbf,EDMD-RBF,16,0.08,0.03,0,5,,,0,,,0,0.875,0.029444988142410436,0.8499725678191898,0.3,ok
lorenz63,edmd_poly3,EDMD-polynomial,16,0.08,0.03,1,5,,,0,,,0,0.9333333333333333,0.06593860246357722,0.8755976480973959,0.1,ok
lorenz63,edmd_rbf,EDMD-RBF,16,0.08,0.03,1,5,,,0,,,0,0.5714285714285714,1.566678753176416,0.22263345996120276,0.3,ok
lorenz63,edmd_poly3,EDMD-polynomial,16,0.08,0.03,2,5,,,0,,,0,0.875,0.020873344553435105,0.8571092630327761,0.1,ok
lorenz63,edmd_rbf,EDMD-RBF,16,0.08,0.03,2,5,,,0,,,0,0.875,0.03517584627591512,0.8452670173360847,0.3,ok
lorenz63,edmd_poly3,EDMD-polynomial,16,0.08,0.03,3,5,,,0,,,0,0.9333333333333333,0.013266082231479258,0.921113762416568,0.3,ok
lorenz63,edmd_rbf,EDMD-RBF,16,0.08,0.03,3,5,,,0,,,0,0.75,1.3178660530929052,0.32357348648305967,0.3,ok
lorenz63,edmd_poly3,EDMD-polynomial,16,0.08,0.03,4,5,,,0,,,0,0.875,0.007379876577257418,0.8685899136410781,0.1,ok
lorenz63,edmd_rbf,EDMD-RBF,16,0.08,0.03,4,5,,,0,,,0,0.9333333333333333,0.04775537781233611,0.890793168995314,0.3,ok
lorenz63,edmd_poly3,EDMD-polynomial,16,0.08,0.03,5,5,,,0,,,0,0.875,0.028976801564606445,0.8503593070995599,0.3,ok
lorenz63,edmd_rbf,EDMD-RBF,16,0.08,0.03,5,5,,,0,,,0,0.875,0.047322902499373334,0.8354634448572307,0.3,ok
lorenz63,edmd_poly3,EDMD-polynomial,16,0.08,0.03,6,5,,,0,,,0,0.875,0.07625005859062862,0.8130080858214589,0.1,ok
lorenz63,edmd_rbf,EDMD-RBF,16,0.08,0.03,6,5,,,0,,,0,0.7368421052631579,0.12261321157988418,0.6563632938420347,0.1,ok
lorenz63,edmd_poly3,EDMD-polynomial,16,0.08,0.03,7,5,,,0,,,0,0.7368421052631579,0.038503433093051875,0.7095230326476306,0.1,ok
lorenz63,edmd_rbf,EDMD-RBF,16,0.08,0.03,7,5,,,0,,,0,0.875,0.050269677759340006,0.8331193583220808,0.3,ok
lorenz63,edmd_poly3,EDMD-polynomial,16,0.08,0.03,8,5,,,0,,,0,0.9333333333333333,0.033029616011676866,0.9034913606221174,0.3,ok
lorenz63,edmd_rbf,EDMD-RBF,16,0.08,0.03,8,5,,,0,,,0,0.875,0.036915817528215086,0.8438486376703291,0.3,ok
lorenz63,edmd_poly3,EDMD-polynomial,16,0.08,0.03,9,5,,,0,,,0,0.875,0.07438174056106214,0.8144218828058812,0.3,ok
lorenz63,edmd_rbf,EDMD-RBF,16,0.08,0.03,9,5,,,0,,,0,0.875,0.02112555186131523,0.8568975660290192,0.1,ok
lorenz63,edmd_poly3,EDMD-polynomial,16,0.08,0.05,0,5,,,0,,,0,0.8,0.12973258164978146,0.7081321836639753,0.1,ok
lorenz63,edmd_rbf,EDMD-RBF,16,0.08,0.05,0,5,,,0,,,0,0.8235294117647058,0.0599511966237831,0.7769503109085197,0.1,ok
lorenz63,edmd_poly3,EDMD-polynomial,16,0.08,0.05,1,5,,,0,,,0,0.875,0.0714336878379232,0.8166627668443837,0.3,ok
lorenz63,edmd_rbf,EDMD-RBF,16,0.08,0.05,1,5,,,0,,,0,0.8235294117647058,0.0878638995834996,0.7570151119823011,0.1,ok
lorenz63,edmd_poly3,EDMD-polynomial,16,0.08,0.05,2,5,,,0,,,0,0.9333333333333333,0.03639502561337896,0.9005575193502596,0.3,ok
lorenz63,edmd_rbf,EDMD-RBF,16,0.08,0.05,2,5,,,0,,,0,0.7777777777777778,0.160297802751794,0.6703259938381153,0.1,ok
lorenz63,edmd_poly3,EDMD-polynomial,16,0.08,0.05,3,5,,,0,,,0,0.7777777777777778,0.06024376936153954,0.7335839174477224,0.1,ok
lorenz63,edmd_rbf,EDMD-RBF,16,0.08,0.05,3,5,,,0,,,0,0.75,1.5833838650026955,0.29031690185895676,0.3,ok
lorenz63,edmd_poly3,EDMD-polynomial,16,0.08,0.05,4,5,,,0,,,0,0.7058823529411765,1.297372531413086,0.3072563736569954,0.3,ok
lorenz63,edmd_rbf,EDMD-RBF,16,0.08,0.05,4,5,,,0,,,0,0.875,0.04673827672909105,0.8359300691040468,0.3,ok
lorenz63,edmd_poly3,EDMD-polynomial,16,0.08,0.05,5,5,,,0,,,0,0.9333333333333333,0.0217735761035815,0.9134443825534174,0.3,ok
lorenz63,edmd_rbf,EDMD-RBF,16,0.08,0.05,5,5,,,0,,,0,0.75,1.2755667053922326,0.32958822882352057,0.3,ok
lorenz63,edmd_poly3,EDMD-polynomial,16,0.08,0.05,6,5,,,0,,,0,0.875,0.1471508472947742,0.7627593198082329,0.1,ok
lorenz63,edmd_rbf,EDMD-RBF,16,0.08,0.05,6,5,,,0,,,0,0.8235294117647058,0.12806135044403913,0.7300395598524315,0.1,ok
lorenz63,edmd_poly3,EDMD-polynomial,16,0.08,0.05,7,5,,,0,,,0,0.8235294117647058,0.07485952513807807,0.766173990651396,0.1,ok
lorenz63,edmd_rbf,EDMD-RBF,16,0.08,0.05,7,5,,,0,,,0,0.9333333333333333,0.06407984483709983,0.8771271609568148,0.3,ok
lorenz63,edmd_poly3,EDMD-polynomial,16,0.08,0.05,8,5,,,0,,,0,0.875,0.059405234468203075,0.825935129949806,0.1,ok
lorenz63,edmd_rbf,EDMD-RBF,16,0.08,0.05,8,5,,,0,,,0,0.8,1.3365015753186542,0.3423922365174932,1.0,ok
lorenz63,edmd_poly3,EDMD-polynomial,16,0.08,0.05,9,5,,,0,,,0,0.9333333333333333,0.0330239588198203,0.9034963084492459,0.3,ok
lorenz63,edmd_rbf,EDMD-RBF,16,0.08,0.05,9,5,,,0,,,0,0.875,0.03807786646785433,0.8429040135276747,0.3,ok
lorenz63,edmd_poly3,EDMD-polynomial,16,0.08,0.1,0,5,,,0,,,0,0.6666666666666666,0.8966623384719733,0.35149465096869054,0.3,ok
lorenz63,edmd_rbf,EDMD-RBF,16,0.08,0.1,0,5,,,0,,,0,0.8235294117647058,0.08930386464057935,0.7560144037829455,0.3,ok
lorenz63,edmd_poly3,EDMD-polynomial,16,0.08,0.1,1,5,,,0,,,0,0.875,0.3056780715124751,0.6701498777462158,0.3,ok
lorenz63,edmd_rbf,EDMD-RBF,16,0.08,0.1,1,5,,,0,,,0,0.8235294117647058,0.29695578384359406,0.6349710776755509,0.3,ok
lorenz63,edmd_poly3,EDMD-polynomial,16,0.08,0.1,2,5,,,0,,,0,0.7058823529411765,0.8837610611372851,0.3747196857944464,0.3,ok
lorenz63,edmd_rbf,EDMD-RBF,16,0.08,0.1,2,5,,,0,,,0,0.7058823529411765,0.6660763218922224,0.4236794819456294,0.3,ok
lorenz63,edmd_poly3,EDMD-polynomial,16,0.08,0.1,3,5,,,0,,,0,0.875,0.14414901803693242,0.7647605217555284,0.3,ok
lorenz63,edmd_rbf,EDMD-RBF,16,0.08,0.1,3,5,,,0,,,0,0.75,0.22614602608391168,0.6116726589208662,0.3,ok
lorenz63,edmd_poly3,EDMD-polynomial,16,0.08,0.1,4,5,,,0,,,0,0.56,0.5136818586614446,0.36995885020066926,0.1,ok
lorenz63,edmd_rbf,EDMD-RBF,16,0.08,0.1,4,5,,,0,,,0,0.7,0.6334910566255755,0.428530047446995,0.1,ok
lorenz63,edmd_poly3,EDMD-polynomial,16,0.08,0.1,5,5,,,0,,,0,0.7777777777777778,0.11753188540104613,0.6959781532306423,0.3,ok
lorenz63,edmd_rbf,EDMD-RBF,16,0.08,0.1,5,5,,,0,,,0,0.6666666666666666,0.672274708158219,0.3986585836730787,0.3,ok
lorenz63,edmd_poly3,EDMD-polynomial,16,0.08,0.1,6,5,,,0,,,0,0.8235294117647058,0.1321780775990255,0.727385053693266,0.1,ok
lorenz63,edmd_rbf,EDMD-RBF,16,0.08,0.1,6,5,,,0,,,0,0.7058823529411765,1.2617190424277256,0.31209992916869267,0.3,ok
lorenz63,edmd_poly3,EDMD-polynomial,16,0.08,0.1,7,5,,,0,,,0,0.625,0.3498754917624555,0.46300566519951636,0.3,ok
lorenz63,edmd_rbf,EDMD-RBF,16,0.08,0.1,7,5,,,0,,,0,0.8,0.21704476982684176,0.6573299683246838,0.3,ok
lorenz63,edmd_poly3,EDMD-polynomial,16,0.08,0.1,8,5,,,0,,,0,0.7058823529411765,1.3088329995457297,0.305731230054344,0.3,ok
lorenz63,edmd_rbf,EDMD-RBF,16,0.08,0.1,8,5,,,0,,,0,0.7058823529411765,1.3153251866933318,0.3048739576617717,0.1,ok
lorenz63,edmd_poly3,EDMD-polynomial,16,0.08,0.1,9,5,,,0,,,0,0.8235294117647058,0.1310321087102113,0.7281220448319804,0.3,ok
lorenz63,edmd_rbf,EDMD-RBF,16,0.08,0.1,9,5,,,0,,,0,0.6086956521739131,0.5360395068756639,0.39627603941777034,0.1,ok
lorenz63,edmd_poly3,EDMD-polynomial,32,0.16,0.0,0,5,,,0,,,0,0.625,2.72372841969358,0.16784253027008622,1.0,ok
lorenz63,edmd_rbf,EDMD-RBF,32,0.16,0.0,0,5,,,0,,,0,0.7368421052631579,1.5811848719864945,0.28546661390281586,0.3,ok
lorenz63,edmd_poly3,EDMD-polynomial,32,0.16,0.0,1,5,,,0,,,0,0.625,2.72372841969358,0.16784253027008622,1.0,ok
lorenz63,edmd_rbf,EDMD-RBF,32,0.16,0.0,1,5,,,0,,,0,0.6,0.9884901252559875,0.3017364745136762,0.3,ok
lorenz63,edmd_poly3,EDMD-polynomial,32,0.16,0.0,2,5,,,0,,,0,0.625,2.72372841969358,0.16784253027008622,1.0,ok
lorenz63,edmd_rbf,EDMD-RBF,32,0.16,0.0,2,5,,,0,,,0,0.6666666666666666,1.0800187752060566,0.3205099274167001,1.0,ok
lorenz63,edmd_poly3,EDMD-polynomial,32,0.16,0.0,3,5,,,0,,,0,0.625,2.72372841969358,0.16784253027008622,1.0,ok
lorenz63,edmd_rbf,EDMD-RBF,32,0.16,0.0,3,5,,,0,,,0,0.5714285714285714,1.2541018674780753,0.2535060991133886,1.0,ok
lorenz63,edmd_poly3,EDMD-polynomial,32,0.16,0.0,4,5,,,0,,,0,0.625,2.72372841969358,0.16784253027008622,1.0,ok
lorenz63,edmd_rbf,EDMD-RBF,32,0.16,0.0,4,5,,,0,,,0,0.5185185185185185,1.0377668490394432,0.25445429086400945,0.1,ok
lorenz63,edmd_poly3,EDMD-polynomial,32,0.16,0.0,5,5,,,0,,,0,0.625,2.72372841969358,0.16784253027008622,1.0,ok
lorenz63,edmd_rbf,EDMD-RBF,32,0.16,0.0,5,5,,,0,,,0,0.5714285714285714,1.3339427400639132,0.24483401482802583,1.0,ok
lorenz63,edmd_poly3,EDMD-polynomial,32,0.16,0.0,6,5,,,0,,,0,0.625,2.72372841969358,0.16784253027008622,1.0,ok
lorenz63,edmd_rbf,EDMD-RBF,32,0.16,0.0,6,5,,,0,,,0,0.6666666666666666,2.4970490457180357,0.19063692214524905,1.0,ok
lorenz63,edmd_poly3,EDMD-polynomial,32,0.16,0.0,7,5,,,0,,,0,0.625,2.72372841969358,0.16784253027008622,1.0,ok
lorenz63,edmd_rbf,EDMD-RBF,32,0.16,0.0,7,5,,,0,,,0,0.5714285714285714,1.1283333407019993,0.2684864069460539,1.0,ok
lorenz63,edmd_poly3,EDMD-polynomial,32,0.16,0.0,8,5,,,0,,,0,0.625,2.72372841969358,0.16784253027008622,1.0,ok
lorenz63,edmd_rbf,EDMD-RBF,32,0.16,0.0,8,5,,,0,,,0,0.6666666666666666,1.277603927004755,0.29270526747966696,1.0,ok
lorenz63,edmd_poly3,EDMD-polynomial,32,0.16,0.0,9,5,,,0,,,0,0.625,2.72372841969358,0.16784253027008622,1.0,ok
lorenz63,edmd_rbf,EDMD-RBF,32,0.16,0.0,9,5,,,0,,,0,0.4375,1.537262206052589,0.1724299518419312,0.1,ok
lorenz63,edmd_poly3,EDMD-polynomial,32,0.16,0.01,0,5,,,0,,,0,0.5714285714285714,1.3073295255281736,0.2476579808416247,1.0,ok
lorenz63,edmd_rbf,EDMD-RBF,32,0.16,0.01,0,5,,,0,,,0,0.3333333333333333,1.2076297617477039,0.1509915018854633,1.0,ok
lorenz63,edmd_poly3,EDMD-polynomial,32,0.16,0.01,1,5,,,0,,,0,0.5454545454545454,1.0468727795734316,0.2664818990695739,0.3,ok
lorenz63,edmd_rbf,EDMD-RBF,32,0.16,0.01,1,5,,,0,,,0,0.6666666666666666,1.5791184329556338,0.2584862556709642,0.3,ok
lorenz63,edmd_poly3,EDMD-polynomial,32,0.16,0.01,2,5,,,0,,,0,0.6086956521739131,1.4396443831996482,0.24950179475567463,0.3,ok
lorenz63,edmd_rbf,EDMD-RBF,32,0.16,0.01,2,5,,,0,,,0,0.5185185185185185,1.3010983777769765,0.22533522405045717,0.1,ok
lorenz63,edmd_poly3,EDMD-polynomial,32,0.16,0.01,3,5,,,0,,,0,0.5185185185185185,1.2691174614027572,0.22851109620300258,0.3,ok
lorenz63,edmd_rbf,EDMD-RBF,32,0.16,0.01,3,5,,,0,,,0,0.5384615384615384,1.041468809086508,0.2637618248512368,0.1,ok
lorenz63,edmd_poly3,EDMD-polynomial,32,0.16,0.01,4,5,,,0,,,0,0.6363636363636364,0.9341595482396168,0.3290130004749739,0.3,ok
lorenz63,edmd_rbf,EDMD-RBF,32,0.16,0.01,4,5,,,0,,,0,0.6666666666666666,2.3805313169596487,0.1972076588440681,0.3,ok
lorenz63,edmd_poly3,EDMD-polynomial,32,0.16,0.01,5,5,,,0,,,0,0.5,0.904399962547504,0.26254988964143494,0.3,ok
lorenz63,edmd_rbf,EDMD-RBF,32,0.16,0.01,5,5,,,0,,,0,0.5333333333333333,1.179993664885718,0.244649028996739,1.0,ok
lorenz63,edmd_poly3,EDMD-polynomial,32,0.16,0.01,6,5,,,0,,,0,0.5185185185185185,1.049445351812203,0.2530043155627562,0.3,ok
lorenz63,edmd_rbf,EDMD-RBF,32,0.16,0.01,6,5,,,0,,,0,0.6666666666666666,1.3302197248578698,0.2860960533270439,1.0,ok
lorenz63,edmd_poly3,EDMD-polynomial,32,0.16,0.01,7,5,,,0,,,0,0.6153846153846154,1.3135703599954553,0.26598915080578067,1.0,ok
lorenz63,edmd_rbf,EDMD-RBF,32,0.16,0.01,7,5,,,0,,,0,0.56,0.8567542213019269,0.3016015763288998,0.1,ok
lorenz63,edmd_poly3,EDMD-polynomial,32,0.16,0.01,8,5,,,0,,,0,0.5,1.707741738699014,0.18465571987682788,0.3,ok
lorenz63,edmd_rbf,EDMD-RBF,32,0.16,0.01,8,5,,,0,,,0,0.5,1.3695684504134562,0.21100888641252677,1.0,ok
lorenz63,edmd_poly3,EDMD-polynomial,32,0.16,0.01,9,5,,,0,,,0,0.5384615384615384,1.2522204609577676,0.2390802977753586,0.3,ok
lorenz63,edmd_rbf,EDMD-RBF,32,0.16,0.01,9,5,,,0,,,0,0.6666666666666666,1.319438587893307,0.2874258754452234,1.0,ok
lorenz63,edmd_poly3,EDMD-polynomial,32,0.16,0.03,0,5,,,0,,,0,0.5714285714285714,1.3231370460521488,0.24597282041523788,1.0,ok
lorenz63,edmd_rbf,EDMD-RBF,32,0.16,0.03,0,5,,,0,,,0,0.75,1.6732581353036102,0.2805565201861137,0.3,ok
lorenz63,edmd_poly3,EDMD-polynomial,32,0.16,0.03,1,5,,,0,,,0,0.6153846153846154,1.4645747642900926,0.249692005412493,1.0,ok
lorenz63,edmd_rbf,EDMD-RBF,32,0.16,0.03,1,5,,,0,,,0,0.4,1.306144647175822,0.17344965784772118,1.0,ok
lorenz63,edmd_poly3,EDMD-polynomial,32,0.16,0.03,2,5,,,0,,,0,0.5384615384615384,0.5697369881083183,0.3430265977935804,0.1,ok
lorenz63,edmd_rbf,EDMD-RBF,32,0.16,0.03,2,5,,,0,,,0,0.7,0.45556481510184405,0.48091297119669785,0.3,ok
lorenz63,edmd_poly3,EDMD-polynomial,32,0.16,0.03,3,5,,,0,,,0,0.5714285714285714,0.48205102364042735,0.38556605832972346,0.3,ok
lorenz63,edmd_rbf,EDMD-RBF,32,0.16,0.03,3,5,,,0,,,0,0.6666666666666666,2.5182382189688504,0.18948877966030905,0.3,ok
lorenz63,edmd_poly3,EDMD-polynomial,32,0.16,0.03,4,5,,,0,,,0,0.631578947368421,0.5221439256131459,0.41492721991713766,0.3,ok
lorenz63,edmd_rbf,EDMD-RBF,32,0.16,0.03,4,5,,,0,,,0,0.5714285714285714,1.7690707250159006,0.20636113273173623,0.3,ok
lorenz63,edmd_poly3,EDMD-polynomial,32,0.16,0.03,5,5,,,0,,,0,0.5,1.3551724419523523,0.21229867974572517,0.3,ok
lorenz63,edmd_rbf,EDMD-RBF,32,0.16,0.03,5,5,,,0,,,0,0.6666666666666666,1.5692183212904476,0.25948229511761317,0.3,ok
lorenz63,edmd_poly3,EDMD-polynomial,32,0.16,0.03,6,5,,,0,,,0,0.7368421052631579,0.3416108641978498,0.5492219278529146,0.3,ok
lorenz63,edmd_rbf,EDMD-RBF,32,0.16,0.03,6,5,,,0,,,0,0.75,0.38964949923407677,0.5397044365599903,0.3,ok
lorenz63,edmd_poly3,EDMD-polynomial,32,0.16,0.03,7,5,,,0,,,0,0.5333333333333333,1.5427234852601237,0.20974885252958314,1.0,ok
lorenz63,edmd_rbf,EDMD-RBF,32,0.16,0.03,7,5,,,0,,,0,0.6363636363636364,0.8180208529005122,0.3500309885600967,0.3,ok
lorenz63,edmd_poly3,EDMD-polynomial,32,0.16,0.03,8,5,,,0,,,0,0.6,1.323358460187692,0.2582468483797929,0.3,ok
lorenz63,edmd_rbf,EDMD-RBF,32,0.16,0.03,8,5,,,0,,,0,0.631578947368421,2.481513501434039,0.18140930578275025,0.3,ok
lorenz63,edmd_poly3,EDMD-polynomial,32,0.16,0.03,9,5,,,0,,,0,0.5714285714285714,1.3017682169241407,0.24825634797936907,1.0,ok
lorenz63,edmd_rbf,EDMD-RBF,32,0.16,0.03,9,5,,,0,,,0,0.6666666666666666,1.1764427314812766,0.306310226785952,0.3,ok
lorenz63,edmd_poly3,EDMD-polynomial,32,0.16,0.05,0,5,,,0,,,0,0.5333333333333333,1.2940907777324708,0.2324813553631437,1.0,ok
lorenz63,edmd_rbf,EDMD-RBF,32,0.16,0.05,0,5,,,0,,,0,0.7058823529411765,1.7221516468590496,0.2593104442787593,0.3,ok
lorenz63,edmd_poly3,EDMD-polynomial,32,0.16,0.05,1,5,,,0,,,0,0.631578947368421,2.2642313321027485,0.19348473901252927,0.3,ok
lorenz63,edmd_rbf,EDMD-RBF,32,0.16,0.05,1,5,,,0,,,0,0.5714285714285714,1.297093618171666,0.24876155107835377,1.0,ok
lorenz63,edmd_poly3,EDMD-polynomial,32,0.16,0.05,2,5,,,0,,,0,0.7368421052631579,0.4463640130041689,0.5094444404301105,0.3,ok
lorenz63,edmd_rbf,EDMD-RBF,32,0.16,0.05,2,5,,,0,,,0,0.7777777777777778,1.1144206163286,0.3678443975486211,0.3,ok
lorenz63,edmd_poly3,EDMD-polynomial,32,0.16,0.05,3,5,,,0,,,0,0.5714285714285714,1.2851632760666951,0.2500602812119993,1.0,ok
lorenz63,edmd_rbf,EDMD-RBF,32,0.16,0.05,3,5,,,0,,,0,0.7,0.9140860943581377,0.3657097776653225,0.3,ok
lorenz63,edmd_poly3,EDMD-polynomial,32,0.16,0.05,4,5,,,0,,,0,0.5263157894736842,1.796678911380763,0.18819314127621253,0.3,ok
lorenz63,edmd_rbf,EDMD-RBF,32,0.16,0.05,4,5,,,0,,,0,0.7,0.7677508648386963,0.3959834012378626,0.3,ok
lorenz63,edmd_poly3,EDMD-polynomial,32,0.16,0.05,5,5,,,0,,,0,0.6666666666666666,1.3098021901595582,0.2886250041267015,1.0,ok
lorenz63,edmd_rbf,EDMD-RBF,32,0.16,0.05,5,5,,,0,,,0,0.6666666666666666,1.2296118647005108,0.2990057046347014,1.0,ok
lorenz63,edmd_poly3,EDMD-polynomial,32,0.16,0.05,6,5,,,0,,,0,0.7368421052631579,0.6185072637478037,0.45526030174058757,0.3,ok
lorenz63,edmd_rbf,EDMD-RBF,32,0.16,0.05,6,5,,,0,,,0,0.5,1.3736280705408714,0.2106479975550957,1.0,ok
lorenz63,edmd_poly3,EDMD-polynomial,32,0.16,0.05,7,5,,,0,,,0,0.6,0.6145150714982062,0.37162861505109623,0.3,ok
lorenz63,edmd_rbf,EDMD-RBF,32,0.16,0.05,7,5,,,0,,,0,0.6,0.9237054407417781,0.311898062610168,0.3,ok
lorenz63,edmd_poly3,EDMD-polynomial,32,0.16,0.05,8,5,,,0,,,0,0.6666666666666666,1.3369507864630146,0.28527201793396323,0.3,ok
lorenz63,edmd_rbf,EDMD-RBF,32,0.16,0.05,8,5,,,0,,,0,0.5714285714285714,1.2872904230303592,0.2498277287724152,1.0,ok
lorenz63,edmd_poly3,EDMD-polynomial,32,0.16,0.05,9,5,,,0,,,0,0.8235294117647058,0.31033446793659625,0.6284879409922951,0.3,ok
lorenz63,edmd_rbf,EDMD-RBF,32,0.16,0.05,9,5,,,0,,,0,0.6153846153846154,1.3161217987604965,0.26569613727306857,1.0,ok
lorenz63,edmd_poly3,EDMD-polynomial,32,0.16,0.1,0,5,,,0,,,0,0.5,1.2628440665967653,0.22096087281523633,1.0,ok
lorenz63,edmd_rbf,EDMD-RBF,32,0.16,0.1,0,5,,,0,,,0,0.375,1.4909740189068699,0.15054352119038306,0.3,ok
lorenz63,edmd_poly3,EDMD-polynomial,32,0.16,0.1,1,5,,,0,,,0,0.5217391304347826,0.8350450729293453,0.2843195178862351,0.1,ok
lorenz63,edmd_rbf,EDMD-RBF,32,0.16,0.1,1,5,,,0,,,0,0.8235294117647058,0.2836238889364081,0.6415659749422943,0.3,ok
lorenz63,edmd_poly3,EDMD-polynomial,32,0.16,0.1,2,5,,,0,,,0,0.6666666666666666,2.084910389723376,0.21610568296813532,0.3,ok
lorenz63,edmd_rbf,EDMD-RBF,32,0.16,0.1,2,5,,,0,,,0,0.3076923076923077,1.6908490401107832,0.1143476661476483,0.3,ok
lorenz63,edmd_poly3,EDMD-polynomial,32,0.16,0.1,3,5,,,0,,,0,0.6666666666666666,0.512732912667884,0.4407034851188111,0.1,ok
lorenz63,edmd_rbf,EDMD-RBF,32,0.16,0.1,3,5,,,0,,,0,0.7368421052631579,0.7566837349220346,0.4194506333810056,0.3,ok
lorenz63,edmd_poly3,EDMD-polynomial,32,0.16,0.1,4,5,,,0,,,0,0.6153846153846154,1.2978601840700215,0.26780768458010895,1.0,ok
lorenz63,edmd_rbf,EDMD-RBF,32,0.16,0.1,4,5,,,0,,,0,0.6363636363636364,1.4455295230341227,0.2602150701391296,0.3,ok
lorenz63,edmd_poly3,EDMD-polynomial,32,0.16,0.1,5,5,,,0,,,0,0.5714285714285714,1.3043384124039425,0.24797944969916247,1.0,ok
lorenz63,edmd_rbf,EDMD-RBF,32,0.16,0.1,5,5,,,0,,,0,0.42857142857142855,1.3213061323413948,0.18462512229662198,1.0,ok
lorenz63,edmd_poly3,EDMD-polynomial,32,0.16,0.1,6,5,,,0,,,0,0.4827586206896552,0.788482608917056,0.26992637126170904,0.1,ok
lorenz63,edmd_rbf,EDMD-RBF,32,0.16,0.1,6,5,,,0,,,0,0.56,1.1680943814239544,0.25829133860501263,0.1,ok
lorenz63,edmd_poly3,EDMD-polynomial,32,0.16,0.1,7,5,,,0,,,0,0.6666666666666666,1.1762927114286093,0.3063313419034698,0.3,ok
lorenz63,edmd_rbf,EDMD-RBF,32,0.16,0.1,7,5,,,0,,,0,0.6666666666666666,1.187747656331168,0.3047274052550742,1.0,ok
lorenz63,edmd_poly3,EDMD-polynomial,32,0.16,0.1,8,5,,,0,,,0,0.6086956521739131,0.6482754130390818,0.36929244188118,0.3,ok
lorenz63,edmd_rbf,EDMD-RBF,32,0.16,0.1,8,5,,,0,,,0,0.6666666666666666,1.2935091271892367,0.29067539290052286,1.0,ok
lorenz63,edmd_poly3,EDMD-polynomial,32,0.16,0.1,9,5,,,0,,,0,0.7368421052631579,0.8723580434030447,0.39353696685273615,0.3,ok
lorenz63,edmd_rbf,EDMD-RBF,32,0.16,0.1,9,5,,,0,,,0,0.6,1.431460640629686,0.24676525294055981,0.3,ok
lorenz63,edmd_poly3,EDMD-polynomial,64,0.32,0.0,0,5,,,0,,,0,0.6153846153846154,1.0720676276535268,0.2969906035747954,1.0,ok
lorenz63,edmd_rbf,EDMD-RBF,64,0.32,0.0,0,5,,,0,,,0,0.6666666666666666,1.4289646662199682,0.27446536211008554,0.3,ok
lorenz63,edmd_poly3,EDMD-polynomial,64,0.32,0.0,1,5,,,0,,,0,0.6153846153846154,1.0720676276535268,0.2969906035747954,1.0,ok
lorenz63,edmd_rbf,EDMD-RBF,64,0.32,0.0,1,5,,,0,,,0,0.6666666666666666,1.4289647879863991,0.2744653483508628,0.3,ok
lorenz63,edmd_poly3,EDMD-polynomial,64,0.32,0.0,2,5,,,0,,,0,0.6153846153846154,1.0720676276535268,0.2969906035747954,1.0,ok
lorenz63,edmd_rbf,EDMD-RBF,64,0.32,0.0,2,5,,,0,,,0,0.6666666666666666,1.4289641266389062,0.27446542308106076,0.3,ok
lorenz63,edmd_poly3,EDMD-polynomial,64,0.32,0.0,3,5,,,0,,,0,0.6153846153846154,1.0720676276535268,0.2969906035747954,1.0,ok
lorenz63,edmd_rbf,EDMD-RBF,64,0.32,0.0,3,5,,,0,,,0,0.6666666666666666,1.4289612810092238,0.27446574462877776,0.3,ok
lorenz63,edmd_poly3,EDMD-polynomial,64,0.32,0.0,4,5,,,0,,,0,0.6153846153846154,1.0720676276535268,0.2969906035747954,1.0,ok
lorenz63,edmd_rbf,EDMD-RBF,64,0.32,0.0,4,5,,,0,,,0,0.6666666666666666,1.4289613770807112,0.2744657337729723,0.3,ok
lorenz63,edmd_poly3,EDMD-polynomial,64,0.32,0.0,5,5,,,0,,,0,0.6153846153846154,1.0720676276535268,0.2969906035747954,1.0,ok
lorenz63,edmd_rbf,EDMD-RBF,64,0.32,0.0,5,5,,,0,,,0,0.6666666666666666,1.4289586816068065,0.2744660383542024,0.3,ok
lorenz63,edmd_poly3,EDMD-polynomial,64,0.32,0.0,6,5,,,0,,,0,0.6153846153846154,1.0720676276535268,0.2969906035747954,1.0,ok
lorenz63,edmd_rbf,EDMD-RBF,64,0.32,0.0,6,5,,,0,,,0,0.6666666666666666,1.428957063512386,0.27446622119480174,0.3,ok
lorenz63,edmd_poly3,EDMD-polynomial,64,0.32,0.0,7,5,,,0,,,0,0.6153846153846154,1.0720676276535268,0.2969906035747954,1.0,ok
lorenz63,edmd_rbf,EDMD-RBF,64,0.32,0.0,7,5,,,0,,,0,0.6666666666666666,1.4289612512403072,0.2744657479925811,0.3,ok
lorenz63,edmd_poly3,EDMD-polynomial,64,0.32,0.0,8,5,,,0,,,0,0.6153846153846154,1.0720676276535268,0.2969906035747954,1.0,ok
lorenz63,edmd_rbf,EDMD-RBF,64,0.32,0.0,8,5,,,0,,,0,0.6666666666666666,1.4289535471485668,0.27446661853590815,0.3,ok
lorenz63,edmd_poly3,EDMD-polynomial,64,0.32,0.0,9,5,,,0,,,0,0.6153846153846154,1.0720676276535268,0.2969906035747954,1.0,ok
lorenz63,edmd_rbf,EDMD-RBF,64,0.32,0.0,9,5,,,0,,,0,0.6666666666666666,1.4289553031896367,0.27446642010712113,0.3,ok
lorenz63,edmd_poly3,EDMD-polynomial,64,0.32,0.01,0,5,,,0,,,0,0.5833333333333334,1.3743777119627694,0.2456784067649975,0.1,ok
lorenz63,edmd_rbf,EDMD-RBF,64,0.32,0.01,0,5,,,0,,,0,0.5,1.0919533981562242,0.23901106039966416,1.0,ok
lorenz63,edmd_poly3,EDMD-polynomial,64,0.32,0.01,1,5,,,0,,,0,0.5384615384615384,1.0743819206683587,0.2595768566513769,0.1,ok
lorenz63,edmd_rbf,EDMD-RBF,64,0.32,0.01,1,5,,,0,,,0,0.7058823529411765,1.0559916671427632,0.3433293841711674,0.3,ok
lorenz63,edmd_poly3,EDMD-polynomial,64,0.32,0.01,2,5,,,0,,,0,0.5555555555555556,1.12980909651423,0.26084758322462337,0.3,ok
lorenz63,edmd_rbf,EDMD-RBF,64,0.32,0.01,2,5,,,0,,,0,0.5714285714285714,1.0475041696035172,0.279085425031991,1.0,ok
lorenz63,edmd_poly3,EDMD-polynomial,64,0.32,0.01,3,5,,,0,,,0,0.6153846153846154,1.0499498608930218,0.30019495945941566,1.0,ok
lorenz63,edmd_rbf,EDMD-RBF,64,0.32,0.01,3,5,,,0,,,0,0.4,1.090596901894667,0.19133291532073346,0.1,ok
lorenz63,edmd_poly3,EDMD-polynomial,64,0.32,0.01,4,5,,,0,,,0,0.5333333333333333,1.061934109639805,0.2586568265396707,1.0,ok
lorenz63,edmd_rbf,EDMD-RBF,64,0.32,0.01,4,5,,,0,,,0,0.5714285714285714,1.2188816638085471,0.25752998943069194,1.0,ok
lorenz63,edmd_poly3,EDMD-polynomial,64,0.32,0.01,5,5,,,0,,,0,0.42105263157894735,1.2448058953555512,0.18756750080267298,0.3,ok
lorenz63,edmd_rbf,EDMD-RBF,64,0.32,0.01,5,5,,,0,,,0,0.4166666666666667,1.7611254753310814,0.15090464753931726,0.1,ok
lorenz63,edmd_poly3,EDMD-polynomial,64,0.32,0.01,6,5,,,0,,,0,0.6153846153846154,1.0452138902514603,0.30089010167486857,1.0,ok
lorenz63,edmd_rbf,EDMD-RBF,64,0.32,0.01,6,5,,,0,,,0,0.46153846153846156,1.0640659160880266,0.22360645459094836,1.0,ok
lorenz63,edmd_poly3,EDMD-polynomial,64,0.32,0.01,7,5,,,0,,,0,0.5555555555555556,1.4505077781690185,0.22671038243782196,0.3,ok
lorenz63,edmd_rbf,EDMD-RBF,64,0.32,0.01,7,5,,,0,,,0,0.46153846153846156,1.8999768452862325,0.1591524643683515,0.1,ok
lorenz63,edmd_poly3,EDMD-polynomial,64,0.32,0.01,8,5,,,0,,,0,0.6,1.1684547380242523,0.27669473080479373,0.3,ok
lorenz63,edmd_rbf,EDMD-RBF,64,0.32,0.01,8,5,,,0,,,0,0.625,1.0962107798597556,0.2981570393611919,0.3,ok
lorenz63,edmd_poly3,EDMD-polynomial,64,0.32,0.01,9,5,,,0,,,0,0.6,1.1434846098827463,0.27991803497615103,0.3,ok
lorenz63,edmd_rbf,EDMD-RBF,64,0.32,0.01,9,5,,,0,,,0,0.4666666666666667,1.9885934509416978,0.1561492636342428,0.1,ok
lorenz63,edmd_poly3,EDMD-polynomial,64,0.32,0.03,0,5,,,0,,,0,0.5,1.251219080596764,0.2221018844009876,0.3,ok
lorenz63,edmd_rbf,EDMD-RBF,64,0.32,0.03,0,5,,,0,,,0,0.6153846153846154,1.0776922664519502,0.2961866034355031,1.0,ok
lorenz63,edmd_poly3,EDMD-polynomial,64,0.32,0.03,1,5,,,0,,,0,0.6153846153846154,1.062828246331211,0.2983208206883397,1.0,ok
lorenz63,edmd_rbf,EDMD-RBF,64,0.32,0.03,1,5,,,0,,,0,0.4827586206896552,1.2506280456368597,0.2144995134249512,0.1,ok
lorenz63,edmd_poly3,EDMD-polynomial,64,0.32,0.03,2,5,,,0,,,0,0.48,1.1832594241458205,0.21985477066601714,0.1,ok
lorenz63,edmd_rbf,EDMD-RBF,64,0.32,0.03,2,5,,,0,,,0,0.5714285714285714,1.046913807224974,0.27916591769111376,1.0,ok
lorenz63,edmd_poly3,EDMD-polynomial,64,0.32,0.03,3,5,,,0,,,0,0.5185185185185185,1.2991520975403736,0.22552597502062963,0.1,ok
lorenz63,edmd_rbf,EDMD-RBF,64,0.32,0.03,3,5,,,0,,,0,0.4444444444444444,1.1140610284524308,0.21023255169213056,0.3,ok
lorenz63,edmd_poly3,EDMD-polynomial,64,0.32,0.03,4,5,,,0,,,0,0.6153846153846154,1.46727327378729,0.2494189119310621,1.0,ok
lorenz63,edmd_rbf,EDMD-RBF,64,0.32,0.03,4,5,,,0,,,0,0.6666666666666666,1.2200063071050848,0.3002994471380615,0.3,ok
lorenz63,edmd_poly3,EDMD-polynomial,64,0.32,0.03,5,5,,,0,,,0,0.6,1.041735200662309,0.2938676865664895,0.3,ok
lorenz63,edmd_rbf,EDMD-RBF,64,0.32,0.03,5,5,,,0,,,0,0.5217391304347826,1.4383438631451246,0.2139727453214132,0.1,ok
lorenz63,edmd_poly3,EDMD-polynomial,64,0.32,0.03,6,5,,,0,,,0,0.631578947368421,1.2536816869856309,0.2802431909597568,0.3,ok
lorenz63,edmd_rbf,EDMD-RBF,64,0.32,0.03,6,5,,,0,,,0,0.3870967741935484,1.4951459756380245,0.15513993087902014,0.03,ok
lorenz63,edmd_poly3,EDMD-polynomial,64,0.32,0.03,7,5,,,0,,,0,0.6666666666666666,1.072667264962564,0.32164673893216905,0.3,ok
lorenz63,edmd_rbf,EDMD-RBF,64,0.32,0.03,7,5,,,0,,,0,0.5,1.7633853278358835,0.18093748814667474,0.1,ok
lorenz63,edmd_poly3,EDMD-polynomial,64,0.32,0.03,8,5,,,0,,,0,0.38095238095238093,1.897706857560176,0.1314668459159243,0.1,ok
lorenz63,edmd_rbf,EDMD-RBF,64,0.32,0.03,8,5,,,0,,,0,0.56,1.676865943787235,0.20919986721774753,0.3,ok
lorenz63,edmd_poly3,EDMD-polynomial,64,0.32,0.03,9,5,,,0,,,0,0.5555555555555556,1.5019658565220344,0.22204761672000975,0.3,ok
lorenz63,edmd_rbf,EDMD-RBF,64,0.32,0.03,9,5,,,0,,,0,0.45454545454545453,3.2311180716294507,0.1074291586408989,0.1,ok
lorenz63,edmd_poly3,EDMD-polynomial,64,0.32,0.05,0,5,,,0,,,0,0.6666666666666666,1.0666525285292598,0.3225828519616223,0.3,ok
lorenz63,edmd_rbf,EDMD-RBF,64,0.32,0.05,0,5,,,0,,,0,0.5714285714285714,1.0434118067081397,0.2796443524269939,1.0,ok
lorenz63,edmd_poly3,EDMD-polynomial,64,0.32,0.05,1,5,,,0,,,0,0.3333333333333333,1.2530954958333205,0.14794460951600635,1.0,ok
lorenz63,edmd_rbf,EDMD-RBF,64,0.32,0.05,1,5,,,0,,,0,0.47619047619047616,1.489058473979242,0.19131349511013834,0.3,ok
lorenz63,edmd_poly3,EDMD-polynomial,64,0.32,0.05,2,5,,,0,,,0,0.375,0.9849319129768802,0.1889233567904089,0.3,ok
lorenz63,edmd_rbf,EDMD-RBF,64,0.32,0.05,2,5,,,0,,,0,0.6666666666666666,1.0446569072753595,0.32605307242232834,1.0,ok
lorenz63,edmd_poly3,EDMD-polynomial,64,0.32,0.05,3,5,,,0,,,0,0.5384615384615384,1.0639632066639124,0.2608871789589122,0.1,ok
lorenz63,edmd_rbf,EDMD-RBF,64,0.32,0.05,3,5,,,0,,,0,0.5882352941176471,1.0439114213459886,0.2877988194470155,0.3,ok
lorenz63,edmd_poly3,EDMD-polynomial,64,0.32,0.05,4,5,,,0,,,0,0.6666666666666666,1.0301664860063209,0.328380293567998,1.0,ok
lorenz63,edmd_rbf,EDMD-RBF,64,0.32,0.05,4,5,,,0,,,0,0.5333333333333333,1.5977326298042074,0.20530724648653734,0.3,ok
lorenz63,edmd_poly3,EDMD-polynomial,64,0.32,0.05,5,5,,,0,,,0,0.7272727272727273,1.0106120682704682,0.36171708046014484,1.0,ok
lorenz63,edmd_rbf,EDMD-RBF,64,0.32,0.05,5,5,,,0,,,0,0.56,1.1164598096605833,0.2645927871835219,0.1,ok
lorenz63,edmd_poly3,EDMD-polynomial,64,0.32,0.05,6,5,,,0,,,0,0.5384615384615384,1.2649959719361332,0.23773178634011347,0.1,ok
lorenz63,edmd_rbf,EDMD-RBF,64,0.32,0.05,6,5,,,0,,,0,0.6153846153846154,1.069143849201897,0.2974102625208873,1.0,ok
lorenz63,edmd_poly3,EDMD-polynomial,64,0.32,0.05,7,5,,,0,,,0,0.4166666666666667,2.499628437476546,0.11906025857050978,0.3,ok
lorenz63,edmd_rbf,EDMD-RBF,64,0.32,0.05,7,5,,,0,,,0,0.6,1.1750725442601502,0.27585286825644234,0.3,ok
lorenz63,edmd_poly3,EDMD-polynomial,64,0.32,0.05,8,5,,,0,,,0,0.6153846153846154,1.0679592234170976,0.2975806333201065,1.0,ok
lorenz63,edmd_rbf,EDMD-RBF,64,0.32,0.05,8,5,,,0,,,0,0.5,1.9208824768110515,0.17118114267503423,0.3,ok
lorenz63,edmd_poly3,EDMD-polynomial,64,0.32,0.05,9,5,,,0,,,0,0.5714285714285714,1.051043565457466,0.2786038195639787,1.0,ok
lorenz63,edmd_rbf,EDMD-RBF,64,0.32,0.05,9,5,,,0,,,0,0.36363636363636365,1.0648009506280018,0.17611206713449298,1.0,ok
lorenz63,edmd_poly3,EDMD-polynomial,64,0.32,0.1,0,5,,,0,,,0,0.5714285714285714,1.0091074975650598,0.2844191125268882,1.0,ok
lorenz63,edmd_rbf,EDMD-RBF,64,0.32,0.1,0,5,,,0,,,0,0.46153846153846156,1.0641519328971811,0.22359713652020768,1.0,ok
lorenz63,edmd_poly3,EDMD-polynomial,64,0.32,0.1,1,5,,,0,,,0,0.5,1.1230213639437372,0.2355134095641869,0.3,ok
lorenz63,edmd_rbf,EDMD-RBF,64,0.32,0.1,1,5,,,0,,,0,0.5,1.0527686804028076,0.2435734745825754,1.0,ok
lorenz63,edmd_poly3,EDMD-polynomial,64,0.32,0.1,2,5,,,0,,,0,0.5714285714285714,1.0615233849727685,0.2771875282104159,1.0,ok
lorenz63,edmd_rbf,EDMD-RBF,64,0.32,0.1,2,5,,,0,,,0,0.4444444444444444,0.9718970240489719,0.22538927693691102,1.0,ok
lorenz63,edmd_poly3,EDMD-polynomial,64,0.32,0.1,3,5,,,0,,,0,0.46153846153846156,1.6073429681562135,0.1770148642412161,0.1,ok
lorenz63,edmd_rbf,EDMD-RBF,64,0.32,0.1,3,5,,,0,,,0,0.42105263157894735,1.0759454898910261,0.20282451231465132,0.3,ok
lorenz63,edmd_poly3,EDMD-polynomial,64,0.32,0.1,4,5,,,0,,,0,0.5,1.3275317301527696,0.21481984263526324,0.1,ok
lorenz63,edmd_rbf,EDMD-RBF,64,0.32,0.1,4,5,,,0,,,0,0.5714285714285714,1.0549176580975295,0.27807857369701505,1.0,ok
lorenz63,edmd_poly3,EDMD-polynomial,64,0.32,0.1,5,5,,,0,,,0,0.37037037037037035,3.9872785141958986,0.0742630212682408,0.1,ok
lorenz63,edmd_rbf,EDMD-RBF,64,0.32,0.1,5,5,,,0,,,0,0.36363636363636365,1.99433328763768,0.12144151258567724,0.1,ok
lorenz63,edmd_poly3,EDMD-polynomial,64,0.32,0.1,6,5,,,0,,,0,0.5555555555555556,1.2800300152113047,0.2436615096508143,0.3,ok
lorenz63,edmd_rbf,EDMD-RBF,64,0.32,0.1,6,5,,,0,,,0,0.3333333333333333,1.4724337248069164,0.1348199266127406,1.0,ok
lorenz63,edmd_poly3,EDMD-polynomial,64,0.32,0.1,7,5,,,0,,,0,0.5714285714285714,1.05520472993932,0.27803973156749345,1.0,ok
lorenz63,edmd_rbf,EDMD-RBF,64,0.32,0.1,7,5,,,0,,,0,0.5,1.3732439971458934,0.21068208772520194,0.3,ok
lorenz63,edmd_poly3,EDMD-polynomial,64,0.32,0.1,8,5,,,0,,,0,0.6153846153846154,1.4480496084000931,0.25137751019138704,1.0,ok
lorenz63,edmd_rbf,EDMD-RBF,64,0.32,0.1,8,5,,,0,,,0,0.4444444444444444,1.4827723826143075,0.1790113534195405,0.1,ok
lorenz63,edmd_poly3,EDMD-polynomial,64,0.32,0.1,9,5,,,0,,,0,0.6153846153846154,1.0684182374868185,0.29751459556473625,1.0,ok
lorenz63,edmd_rbf,EDMD-RBF,64,0.32,0.1,9,5,,,0,,,0,0.6666666666666666,1.0546844193449099,0.32446182994818173,1.0,ok
vanderpol_mu2,edmd_poly3,EDMD-polynomial,8,0.04,0.0,0,5,,,0,,,0,1.0,0.000238774803330724,0.9997612821964658,0.0003,ok
vanderpol_mu2,edmd_rbf,EDMD-RBF,8,0.04,0.0,0,5,,,0,,,0,1.0,0.0002777317215717536,0.9997223453919204,0.001,ok
vanderpol_mu2,edmd_poly3,EDMD-polynomial,8,0.04,0.0,1,5,,,0,,,0,1.0,0.000238774803330724,0.9997612821964658,0.0003,ok
vanderpol_mu2,edmd_rbf,EDMD-RBF,8,0.04,0.0,1,5,,,0,,,0,1.0,0.00027212855400750616,0.9997279454797957,0.0003,ok
vanderpol_mu2,edmd_poly3,EDMD-polynomial,8,0.04,0.0,2,5,,,0,,,0,1.0,0.000238774803330724,0.9997612821964658,0.0003,ok
vanderpol_mu2,edmd_rbf,EDMD-RBF,8,0.04,0.0,2,5,,,0,,,0,1.0,0.0002689086652276097,0.9997311636272025,0.0003,ok
vanderpol_mu2,edmd_poly3,EDMD-polynomial,8,0.04,0.0,3,5,,,0,,,0,1.0,0.000238774803330724,0.9997612821964658,0.0003,ok
vanderpol_mu2,edmd_rbf,EDMD-RBF,8,0.04,0.0,3,5,,,0,,,0,1.0,0.0002748985218623558,0.9997251770265668,0.001,ok
vanderpol_mu2,edmd_poly3,EDMD-polynomial,8,0.04,0.0,4,5,,,0,,,0,1.0,0.000238774803330724,0.9997612821964658,0.0003,ok
vanderpol_mu2,edmd_rbf,EDMD-RBF,8,0.04,0.0,4,5,,,0,,,0,1.0,0.00026622313281989777,0.999733847723073,0.0003,ok
vanderpol_mu2,edmd_poly3,EDMD-polynomial,8,0.04,0.0,5,5,,,0,,,0,1.0,0.000238774803330724,0.9997612821964658,0.0003,ok
vanderpol_mu2,edmd_rbf,EDMD-RBF,8,0.04,0.0,5,5,,,0,,,0,1.0,0.00026284826540094177,0.9997372208056544,0.0003,ok
vanderpol_mu2,edmd_poly3,EDMD-polynomial,8,0.04,0.0,6,5,,,0,,,0,1.0,0.000238774803330724,0.9997612821964658,0.0003,ok
vanderpol_mu2,edmd_rbf,EDMD-RBF,8,0.04,0.0,6,5,,,0,,,0,1.0,0.0002608642832496995,0.9997392037491772,0.0003,ok
vanderpol_mu2,edmd_poly3,EDMD-polynomial,8,0.04,0.0,7,5,,,0,,,0,1.0,0.000238774803330724,0.9997612821964658,0.0003,ok
vanderpol_mu2,edmd_rbf,EDMD-RBF,8,0.04,0.0,7,5,,,0,,,0,1.0,0.00026560646315731674,0.9997344640649034,0.001,ok
vanderpol_mu2,edmd_poly3,EDMD-polynomial,8,0.04,0.0,8,5,,,0,,,0,1.0,0.000238774803330724,0.9997612821964658,0.0003,ok
vanderpol_mu2,edmd_rbf,EDMD-RBF,8,0.04,0.0,8,5,,,0,,,0,1.0,0.00026131175732730045,0.9997387565086685,0.0003,ok
vanderpol_mu2,edmd_poly3,EDMD-polynomial,8,0.04,0.0,9,5,,,0,,,0,1.0,0.000238774803330724,0.9997612821964658,0.0003,ok
vanderpol_mu2,edmd_rbf,EDMD-RBF,8,0.04,0.0,9,5,,,0,,,0,1.0,0.0002680998762839463,0.9997319719819946,0.0003,ok
vanderpol_mu2,edmd_poly3,EDMD-polynomial,8,0.04,0.01,0,5,,,0,,,0,1.0,0.0014547655976973766,0.9985473476709364,0.01,ok
vanderpol_mu2,edmd_rbf,EDMD-RBF,8,0.04,0.01,0,5,,,0,,,0,1.0,0.0014603764416605783,0.9985417531476887,0.01,ok
vanderpol_mu2,edmd_poly3,EDMD-polynomial,8,0.04,0.01,1,5,,,0,,,0,1.0,0.0029058433515020132,0.9971025761084497,0.01,ok
vanderpol_mu2,edmd_rbf,EDMD-RBF,8,0.04,0.01,1,5,,,0,,,0,1.0,0.0028187026737024126,0.9971892200791757,0.01,ok
vanderpol_mu2,edmd_poly3,EDMD-polynomial,8,0.04,0.01,2,5,,,0,,,0,1.0,0.000910398393669971,0.9990904296776904,0.01,ok
vanderpol_mu2,edmd_rbf,EDMD-RBF,8,0.04,0.01,2,5,,,0,,,0,1.0,0.0008731909123094885,0.9991275708848656,0.01,ok
vanderpol_mu2,edmd_poly3,EDMD-polynomial,8,0.04,0.01,3,5,,,0,,,0,1.0,0.0028755863502121864,0.9971326589366112,0.03,ok
vanderpol_mu2,edmd_rbf,EDMD-RBF,8,0.04,0.01,3,5,,,0,,,0,1.0,0.0029299831845311006,0.9970785765370901,0.01,ok
vanderpol_mu2,edmd_poly3,EDMD-polynomial,8,0.04,0.01,4,5,,,0,,,0,1.0,0.0038230570647225792,0.9961915030364996,0.01,ok
vanderpol_mu2,edmd_rbf,EDMD-RBF,8,0.04,0.01,4,5,,,0,,,0,1.0,0.003777205217809823,0.9962370083737953,0.01,ok
vanderpol_mu2,edmd_poly3,EDMD-polynomial,8,0.04,0.01,5,5,,,0,,,0,1.0,0.0033759863689567433,0.9966353725673924,0.01,ok
vanderpol_mu2,edmd_rbf,EDMD-RBF,8,0.04,0.01,5,5,,,0,,,0,1.0,0.0035987874758123717,0.9964141173537447,0.03,ok
vanderpol_mu2,edmd_poly3,EDMD-polynomial,8,0.04,0.01,6,5,,,0,,,0,1.0,0.0033853816378585358,0.9966260405026706,0.01,ok
vanderpol_mu2,edmd_rbf,EDMD-RBF,8,0.04,0.01,6,5,,,0,,,0,1.0,0.003474037578606852,0.9965379895757046,0.01,ok
vanderpol_mu2,edmd_poly3,EDMD-polynomial,8,0.04,0.01,7,5,,,0,,,0,1.0,0.0012596928242966517,0.9987418920053164,0.01,ok
vanderpol_mu2,edmd_rbf,EDMD-RBF,8,0.04,0.01,7,5,,,0,,,0,1.0,0.0011859618827347433,0.9988154429567664,0.01,ok
vanderpol_mu2,edmd_poly3,EDMD-polynomial,8,0.04,0.01,8,5,,,0,,,0,1.0,0.0032115698641421203,0.996798711298179,0.03,ok
vanderpol_mu2,edmd_rbf,EDMD-RBF,8,0.04,0.01,8,5,,,0,,,0,1.0,0.003251903294235309,0.9967586373037943,0.01,ok
vanderpol_mu2,edmd_poly3,EDMD-polynomial,8,0.04,0.01,9,5,,,0,,,0,1.0,0.0022581578806727402,0.9977469299073126,0.01,ok
vanderpol_mu2,edmd_rbf,EDMD-RBF,8,0.04,0.01,9,5,,,0,,,0,1.0,0.0024460621258756672,0.9975599064944318,0.01,ok
vanderpol_mu2,edmd_poly3,EDMD-polynomial,8,0.04,0.03,0,5,,,0,,,0,1.0,0.009778361582817339,0.9903163288550868,0.1,ok
vanderpol_mu2,edmd_rbf,EDMD-RBF,8,0.04,0.03,0,5,,,0,,,0,1.0,0.0075225636955795535,0.9925336027532853,0.1,ok
vanderpol_mu2,edmd_poly3,EDMD-polynomial,8,0.04,0.03,1,5,,,0,,,0,1.0,0.01456545095634488,0.9856436556728644,0.03,ok
vanderpol_mu2,edmd_rbf,EDMD-RBF,8,0.04,0.03,1,5,,,0,,,0,1.0,0.013050658798467446,0.9871174667474714,0.03,ok
vanderpol_mu2,edmd_poly3,EDMD-polynomial,8,0.04,0.03,2,5,,,0,,,0,1.0,0.0020949787500133,0.9979094010104447,0.1,ok
vanderpol_mu2,edmd_rbf,EDMD-RBF,8,0.04,0.03,2,5,,,0,,,0,1.0,0.004209299176783606,0.9958083447541919,0.1,ok
vanderpol_mu2,edmd_poly3,EDMD-polynomial,8,0.04,0.03,3,5,,,0,,,0,1.0,0.01044976513510316,0.9896583031678908,0.03,ok
vanderpol_mu2,edmd_rbf,EDMD-RBF,8,0.04,0.03,3,5,,,0,,,0,1.0,0.011571253819686137,0.9885611084973074,0.03,ok
vanderpol_mu2,edmd_poly3,EDMD-polynomial,8,0.04,0.03,4,5,,,0,,,0,1.0,0.007216149619520099,0.9928355501227359,0.03,ok
vanderpol_mu2,edmd_rbf,EDMD-RBF,8,0.04,0.03,4,5,,,0,,,0,1.0,0.007836586117768574,0.992224348445262,0.03,ok
vanderpol_mu2,edmd_poly3,EDMD-polynomial,8,0.04,0.03,5,5,,,0,,,0,1.0,0.006277453027600647,0.9937617075601629,0.03,ok
vanderpol_mu2,edmd_rbf,EDMD-RBF,8,0.04,0.03,5,5,,,0,,,0,1.0,0.005329846965234436,0.9946984096997382,0.03,ok
vanderpol_mu2,edmd_poly3,EDMD-polynomial,8,0.04,0.03,6,5,,,0,,,0,1.0,0.009956312879143947,0.9901418380654893,0.1,ok
vanderpol_mu2,edmd_rbf,EDMD-RBF,8,0.04,0.03,6,5,,,0,,,0,1.0,0.009857133169125174,0.9902390815043396,0.1,ok
vanderpol_mu2,edmd_poly3,EDMD-polynomial,8,0.04,0.03,7,5,,,0,,,0,1.0,0.0040569538459036564,0.9959594385255099,0.1,ok
vanderpol_mu2,edmd_rbf,EDMD-RBF,8,0.04,0.03,7,5,,,0,,,0,1.0,0.0058796174595314174,0.9941547503722352,0.1,ok
vanderpol_mu2,edmd_poly3,EDMD-polynomial,8,0.04,0.03,8,5,,,0,,,0,1.0,0.007615074784330903,0.9924424763236489,0.1,ok
vanderpol_mu2,edmd_rbf,EDMD-RBF,8,0.04,0.03,8,5,,,0,,,0,1.0,0.0076228906922780875,0.992434778166819,0.03,ok
vanderpol_mu2,edmd_poly3,EDMD-polynomial,8,0.04,0.03,9,5,,,0,,,0,1.0,0.009908753226638551,0.9901884668342755,0.1,ok
vanderpol_mu2,edmd_rbf,EDMD-RBF,8,0.04,0.03,9,5,,,0,,,0,1.0,0.007815194337366566,0.992245409295992,0.1,ok
vanderpol_mu2,edmd_poly3,EDMD-polynomial,8,0.04,0.05,0,5,,,0,,,0,1.0,0.013440257597901586,0.9867379872694635,0.3,ok
vanderpol_mu2,edmd_rbf,EDMD-RBF,8,0.04,0.05,0,5,,,0,,,0,1.0,0.006359950811654766,0.9936802425349645,0.1,ok
vanderpol_mu2,edmd_poly3,EDMD-polynomial,8,0.04,0.05,1,5,,,0,,,0,1.0,0.0134122995281234,0.9867652094469659,0.3,ok
vanderpol_mu2,edmd_rbf,EDMD-RBF,8,0.04,0.05,1,5,,,0,,,0,1.0,0.008475149128753561,0.9915960753856201,0.1,ok
vanderpol_mu2,edmd_poly3,EDMD-polynomial,8,0.04,0.05,2,5,,,0,,,0,1.0,0.017729100667313362,0.9825797447909385,0.1,ok
vanderpol_mu2,edmd_rbf,EDMD-RBF,8,0.04,0.05,2,5,,,0,,,0,1.0,0.013600160597867991,0.9865823219780806,0.1,ok
vanderpol_mu2,edmd_poly3,EDMD-polynomial,8,0.04,0.05,3,5,,,0,,,0,1.0,0.007365314078662788,0.9926885371416634,0.03,ok
vanderpol_mu2,edmd_rbf,EDMD-RBF,8,0.04,0.05,3,5,,,0,,,0,1.0,0.015363351604595541,0.9848691095849417,0.03,ok
vanderpol_mu2,edmd_poly3,EDMD-polynomial,8,0.04,0.05,4,5,,,0,,,0,1.0,0.01024976124631791,0.9898542304690346,0.03,ok
vanderpol_mu2,edmd_rbf,EDMD-RBF,8,0.04,0.05,4,5,,,0,,,0,1.0,0.0049728796827388155,0.9950517274811349,0.1,ok
vanderpol_mu2,edmd_poly3,EDMD-polynomial,8,0.04,0.05,5,5,,,0,,,0,1.0,0.021245046712532203,0.9791969157834138,0.1,ok
vanderpol_mu2,edmd_rbf,EDMD-RBF,8,0.04,0.05,5,5,,,0,,,0,1.0,0.019363549231799393,0.9810042754163695,0.1,ok
vanderpol_mu2,edmd_poly3,EDMD-polynomial,8,0.04,0.05,6,5,,,0,,,0,1.0,0.0064216229785809325,0.9936193511427391,0.1,ok
vanderpol_mu2,edmd_rbf,EDMD-RBF,8,0.04,0.05,6,5,,,0,,,0,1.0,0.008164340037018592,0.9919017766124134,0.03,ok
vanderpol_mu2,edmd_poly3,EDMD-polynomial,8,0.04,0.05,7,5,,,0,,,0,1.0,0.004309533615164953,0.9957089587712543,0.1,ok
vanderpol_mu2,edmd_rbf,EDMD-RBF,8,0.04,0.05,7,5,,,0,,,0,1.0,0.010840724016120218,0.9892755369282616,0.1,ok
vanderpol_mu2,edmd_poly3,EDMD-polynomial,8,0.04,0.05,8,5,,,0,,,0,1.0,0.005722241775668204,0.9943103159719674,0.1,ok
vanderpol_mu2,edmd_rbf,EDMD-RBF,8,0.04,0.05,8,5,,,0,,,0,1.0,0.0033343400259841912,0.9966767408500163,0.1,ok
vanderpol_mu2,edmd_poly3,EDMD-polynomial,8,0.04,0.05,9,5,,,0,,,0,1.0,0.012201212848438647,0.98794586225193,0.03,ok
vanderpol_mu2,edmd_rbf,EDMD-RBF,8,0.04,0.05,9,5,,,0,,,0,1.0,0.006505015075298897,0.993537026663685,0.03,ok
vanderpol_mu2,edmd_poly3,EDMD-polynomial,8,0.04,0.1,0,5,,,0,,,0,1.0,0.035758736451875925,0.9654758051335661,0.1,ok
vanderpol_mu2,edmd_rbf,EDMD-RBF,8,0.04,0.1,0,5,,,0,,,0,1.0,0.05462013263069715,0.9482087142652492,0.1,ok
vanderpol_mu2,edmd_poly3,EDMD-polynomial,8,0.04,0.1,1,5,,,0,,,0,1.0,0.017576945492538562,0.982726666941112,0.1,ok
vanderpol_mu2,edmd_rbf,EDMD-RBF,8,0.04,0.1,1,5,,,0,,,0,1.0,0.06684752095357173,0.9373410729831176,0.1,ok
vanderpol_mu2,edmd_poly3,EDMD-polynomial,8,0.04,0.1,2,5,,,0,,,0,1.0,0.05490195267327835,0.9479553976233065,0.3,ok
vanderpol_mu2,edmd_rbf,EDMD-RBF,8,0.04,0.1,2,5,,,0,,,0,0.75,0.35426361672483997,0.5538065046846675,0.3,ok
vanderpol_mu2,edmd_poly3,EDMD-polynomial,8,0.04,0.1,3,5,,,0,,,0,1.0,0.026893662815807434,0.9738106643466244,0.1,ok
vanderpol_mu2,edmd_rbf,EDMD-RBF,8,0.04,0.1,3,5,,,0,,,0,1.0,0.06133347429778083,0.9422109301335647,0.3,ok
vanderpol_mu2,edmd_poly3,EDMD-polynomial,8,0.04,0.1,4,5,,,0,,,0,1.0,0.04675568879738914,0.9553327588301846,0.3,ok
vanderpol_mu2,edmd_rbf,EDMD-RBF,8,0.04,0.1,4,5,,,0,,,0,1.0,0.020327664131979412,0.9800773174671563,0.3,ok
vanderpol_mu2,edmd_poly3,EDMD-polynomial,8,0.04,0.1,5,5,,,0,,,0,1.0,0.042861889987944136,0.9588997446359464,0.3,ok
vanderpol_mu2,edmd_rbf,EDMD-RBF,8,0.04,0.1,5,5,,,0,,,0,1.0,0.11816245733899033,0.8943244279367114,0.3,ok
vanderpol_mu2,edmd_poly3,EDMD-polynomial,8,0.04,0.1,6,5,,,0,,,0,1.0,0.02967911617933191,0.9711763444426672,0.3,ok
vanderpol_mu2,edmd_rbf,EDMD-RBF,8,0.04,0.1,6,5,,,0,,,0,0.7272727272727273,0.264285227889139,0.5752441863826787,0.1,ok
vanderpol_mu2,edmd_poly3,EDMD-polynomial,8,0.04,0.1,7,5,,,0,,,0,1.0,0.011075224705335477,0.9890460922840206,0.1,ok
vanderpol_mu2,edmd_rbf,EDMD-RBF,8,0.04,0.1,7,5,,,0,,,0,1.0,0.03993698907390866,0.9615967222115316,0.3,ok
vanderpol_mu2,edmd_poly3,EDMD-polynomial,8,0.04,0.1,8,5,,,0,,,0,1.0,0.022605474673839523,0.9778942366008263,0.1,ok
vanderpol_mu2,edmd_rbf,EDMD-RBF,8,0.04,0.1,8,5,,,0,,,0,1.0,0.046481820231975925,0.9555827733140436,0.1,ok
vanderpol_mu2,edmd_poly3,EDMD-polynomial,8,0.04,0.1,9,5,,,0,,,0,1.0,0.010854818341933642,0.9892617434818796,0.3,ok
vanderpol_mu2,edmd_rbf,EDMD-RBF,8,0.04,0.1,9,5,,,0,,,0,1.0,0.15633127892202453,0.8648040732170088,0.3,ok
vanderpol_mu2,edmd_poly3,EDMD-polynomial,16,0.08,0.0,0,5,,,0,,,0,1.0,0.0009545874844077075,0.9990463228838316,0.001,ok
vanderpol_mu2,edmd_rbf,EDMD-RBF,16,0.08,0.0,0,5,,,0,,,0,1.0,0.0011473028357699402,0.9988540119595586,0.003,ok
vanderpol_mu2,edmd_poly3,EDMD-polynomial,16,0.08,0.0,1,5,,,0,,,0,1.0,0.0009545874844077075,0.9990463228838316,0.001,ok
vanderpol_mu2,edmd_rbf,EDMD-RBF,16,0.08,0.0,1,5,,,0,,,0,1.0,0.0011963333561768304,0.9988050961471597,0.003,ok
vanderpol_mu2,edmd_poly3,EDMD-polynomial,16,0.08,0.0,2,5,,,0,,,0,1.0,0.0009545874844077075,0.9990463228838316,0.001,ok
vanderpol_mu2,edmd_rbf,EDMD-RBF,16,0.08,0.0,2,5,,,0,,,0,1.0,0.0011824591039009667,0.9988189374542585,0.003,ok
vanderpol_mu2,edmd_poly3,EDMD-polynomial,16,0.08,0.0,3,5,,,0,,,0,1.0,0.0009545874844077075,0.9990463228838316,0.001,ok
vanderpol_mu2,edmd_rbf,EDMD-RBF,16,0.08,0.0,3,5,,,0,,,0,1.0,0.0011809045706480013,0.9988204883200861,0.003,ok
vanderpol_mu2,edmd_poly3,EDMD-polynomial,16,0.08,0.0,4,5,,,0,,,0,1.0,0.0009545874844077075,0.9990463228838316,0.001,ok
vanderpol_mu2,edmd_rbf,EDMD-RBF,16,0.08,0.0,4,5,,,0,,,0,1.0,0.0011575882094776023,0.9988437502515983,0.003,ok
vanderpol_mu2,edmd_poly3,EDMD-polynomial,16,0.08,0.0,5,5,,,0,,,0,1.0,0.0009545874844077075,0.9990463228838316,0.001,ok
vanderpol_mu2,edmd_rbf,EDMD-RBF,16,0.08,0.0,5,5,,,0,,,0,1.0,0.0011706165726827866,0.9988307521682067,0.003,ok
vanderpol_mu2,edmd_poly3,EDMD-polynomial,16,0.08,0.0,6,5,,,0,,,0,1.0,0.0009545874844077075,0.9990463228838316,0.001,ok
vanderpol_mu2,edmd_rbf,EDMD-RBF,16,0.08,0.0,6,5,,,0,,,0,1.0,0.001180733318092722,0.99882065916892,0.003,ok
vanderpol_mu2,edmd_poly3,EDMD-polynomial,16,0.08,0.0,7,5,,,0,,,0,1.0,0.0009545874844077075,0.9990463228838316,0.001,ok
vanderpol_mu2,edmd_rbf,EDMD-RBF,16,0.08,0.0,7,5,,,0,,,0,1.0,0.001157866416001184,0.9988434726881323,0.003,ok
vanderpol_mu2,edmd_poly3,EDMD-polynomial,16,0.08,0.0,8,5,,,0,,,0,1.0,0.0009545874844077075,0.9990463228838316,0.001,ok
vanderpol_mu2,edmd_rbf,EDMD-RBF,16,0.08,0.0,8,5,,,0,,,0,1.0,0.001679137989037941,0.9983236767889476,0.01,ok
vanderpol_mu2,edmd_poly3,EDMD-polynomial,16,0.08,0.0,9,5,,,0,,,0,1.0,0.0009545874844077075,0.9990463228838316,0.001,ok
vanderpol_mu2,edmd_rbf,EDMD-RBF,16,0.08,0.0,9,5,,,0,,,0,1.0,0.0011520538517592333,0.9988492718490394,0.003,ok
vanderpol_mu2,edmd_poly3,EDMD-polynomial,16,0.08,0.01,0,5,,,0,,,0,1.0,0.0025165423382692673,0.9974897747498512,0.01,ok
vanderpol_mu2,edmd_rbf,EDMD-RBF,16,0.08,0.01,0,5,,,0,,,0,1.0,0.0027509366113134346,0.9972566102799066,0.01,ok
vanderpol_mu2,edmd_poly3,EDMD-polynomial,16,0.08,0.01,1,5,,,0,,,0,1.0,0.005776473874167195,0.9942567021358963,0.03,ok
vanderpol_mu2,edmd_rbf,EDMD-RBF,16,0.08,0.01,1,5,,,0,,,0,1.0,0.005534449213231769,0.9944960123270146,0.03,ok
vanderpol_mu2,edmd_poly3,EDMD-polynomial,16,0.08,0.01,2,5,,,0,,,0,1.0,0.0027956096481649944,0.99721218399715,0.03,ok
vanderpol_mu2,edmd_rbf,EDMD-RBF,16,0.08,0.01,2,5,,,0,,,0,1.0,0.0033999032396899984,0.9966116169348703,0.03,ok
vanderpol_mu2,edmd_poly3,EDMD-polynomial,16,0.08,0.01,3,5,,,0,,,0,1.0,0.0033922012983119815,0.9966192668291394,0.01,ok
vanderpol_mu2,edmd_rbf,EDMD-RBF,16,0.08,0.01,3,5,,,0,,,0,1.0,0.0036778803991675472,0.9963355968373989,0.01,ok
vanderpol_mu2,edmd_poly3,EDMD-polynomial,16,0.08,0.01,4,5,,,0,,,0,1.0,0.0037575034900691365,0.9962565624894416,0.03,ok
vanderpol_mu2,edmd_rbf,EDMD-RBF,16,0.08,0.01,4,5,,,0,,,0,1.0,0.003918187280131025,0.9960971049934394,0.03,ok
vanderpol_mu2,edmd_poly3,EDMD-polynomial,16,0.08,0.01,5,5,,,0,,,0,1.0,0.003429514805506836,0.9965822065676715,0.01,ok
vanderpol_mu2,edmd_rbf,EDMD-RBF,16,0.08,0.01,5,5,,,0,,,0,1.0,0.0029706799728085047,0.9970381188282703,0.03,ok
vanderpol_mu2,edmd_poly3,EDMD-polynomial,16,0.08,0.01,6,5,,,0,,,0,1.0,0.0021429660573389327,0.9978616164260776,0.01,ok
vanderpol_mu2,edmd_rbf,EDMD-RBF,16,0.08,0.01,6,5,,,0,,,0,1.0,0.001969035094164601,0.9980348343858955,0.01,ok
vanderpol_mu2,edmd_poly3,EDMD-polynomial,16,0.08,0.01,7,5,,,0,,,0,1.0,0.0038625070303579573,0.9961523545273305,0.03,ok
vanderpol_mu2,edmd_rbf,EDMD-RBF,16,0.08,0.01,7,5,,,0,,,0,1.0,0.004682786271279611,0.995339040008181,0.01,ok
vanderpol_mu2,edmd_poly3,EDMD-polynomial,16,0.08,0.01,8,5,,,0,,,0,1.0,0.0013336833441944182,0.9986680929979902,0.03,ok
vanderpol_mu2,edmd_rbf,EDMD-RBF,16,0.08,0.01,8,5,,,0,,,0,1.0,0.0011755672119117973,0.9988258131236807,0.03,ok
vanderpol_mu2,edmd_poly3,EDMD-polynomial,16,0.08,0.01,9,5,,,0,,,0,1.0,0.0025626939455835004,0.9974438566674589,0.03,ok
vanderpol_mu2,edmd_rbf,EDMD-RBF,16,0.08,0.01,9,5,,,0,,,0,1.0,0.0025016568792437677,0.9975045857908791,0.03,ok
vanderpol_mu2,edmd_poly3,EDMD-polynomial,16,0.08,0.03,0,5,,,0,,,0,1.0,0.01603067105274274,0.9842222567591067,0.1,ok
vanderpol_mu2,edmd_rbf,EDMD-RBF,16,0.08,0.03,0,5,,,0,,,0,1.0,0.015484903894041486,0.9847512219682812,0.1,ok
vanderpol_mu2,edmd_poly3,EDMD-polynomial,16,0.08,0.03,1,5,,,0,,,0,1.0,0.0060931824254896174,0.993943719595833,0.03,ok
vanderpol_mu2,edmd_rbf,EDMD-RBF,16,0.08,0.03,1,5,,,0,,,0,1.0,0.00863575040623361,0.9914381872715146,0.03,ok
vanderpol_mu2,edmd_poly3,EDMD-polynomial,16,0.08,0.03,2,5,,,0,,,0,1.0,0.01936296569730841,0.981004836992422,0.03,ok
vanderpol_mu2,edmd_rbf,EDMD-RBF,16,0.08,0.03,2,5,,,0,,,0,1.0,0.02055180983150521,0.9798620612559609,0.03,ok
vanderpol_mu2,edmd_poly3,EDMD-polynomial,16,0.08,0.03,3,5,,,0,,,0,1.0,0.006951830082832591,0.9930961642104957,0.1,ok
vanderpol_mu2,edmd_rbf,EDMD-RBF,16,0.08,0.03,3,5,,,0,,,0,1.0,0.011539622798637152,0.9885920209761925,0.1,ok
vanderpol_mu2,edmd_poly3,EDMD-polynomial,16,0.08,0.03,4,5,,,0,,,0,1.0,0.013592256477219487,0.9865900154718428,0.1,ok
vanderpol_mu2,edmd_rbf,EDMD-RBF,16,0.08,0.03,4,5,,,0,,,0,1.0,0.009968057059306269,0.9901303244299329,0.1,ok
vanderpol_mu2,edmd_poly3,EDMD-polynomial,16,0.08,0.03,5,5,,,0,,,0,1.0,0.006089807799664073,0.9939470534812568,0.03,ok
vanderpol_mu2,edmd_rbf,EDMD-RBF,16,0.08,0.03,5,5,,,0,,,0,1.0,0.0046458832796499394,0.9953756011377028,0.1,ok
vanderpol_mu2,edmd_poly3,EDMD-polynomial,16,0.08,0.03,6,5,,,0,,,0,1.0,0.006283596929699955,0.993755640110927,0.03,ok
vanderpol_mu2,edmd_rbf,EDMD-RBF,16,0.08,0.03,6,5,,,0,,,0,1.0,0.010443388762722251,0.9896645483766191,0.03,ok
vanderpol_mu2,edmd_poly3,EDMD-polynomial,16,0.08,0.03,7,5,,,0,,,0,1.0,0.009258119623484641,0.9908268068956052,0.1,ok
vanderpol_mu2,edmd_rbf,EDMD-RBF,16,0.08,0.03,7,5,,,0,,,0,1.0,0.007939844553814789,0.9921226999838174,0.1,ok
vanderpol_mu2,edmd_poly3,EDMD-polynomial,16,0.08,0.03,8,5,,,0,,,0,1.0,0.02037052200240509,0.9800361520024811,0.1,ok
vanderpol_mu2,edmd_rbf,EDMD-RBF,16,0.08,0.03,8,5,,,0,,,0,1.0,0.016976349132698014,0.9833070364446767,0.1,ok
vanderpol_mu2,edmd_poly3,EDMD-polynomial,16,0.08,0.03,9,5,,,0,,,0,1.0,0.011972346719225624,0.988169294587901,0.1,ok
vanderpol_mu2,edmd_rbf,EDMD-RBF,16,0.08,0.03,9,5,,,0,,,0,1.0,0.013801763042942228,0.9863861323326999,0.1,ok
vanderpol_mu2,edmd_poly3,EDMD-polynomial,16,0.08,0.05,0,5,,,0,,,0,1.0,0.028573005143235408,0.9722207320235315,0.1,ok
vanderpol_mu2,edmd_rbf,EDMD-RBF,16,0.08,0.05,0,5,,,0,,,0,1.0,0.015943242177933005,0.9843069558258445,0.1,ok
vanderpol_mu2,edmd_poly3,EDMD-polynomial,16,0.08,0.05,1,5,,,0,,,0,1.0,0.009715961477408793,0.9903775300697512,0.1,ok
vanderpol_mu2,edmd_rbf,EDMD-RBF,16,0.08,0.05,1,5,,,0,,,0,1.0,0.016875172711807964,0.9834048729237778,0.1,ok
vanderpol_mu2,edmd_poly3,EDMD-polynomial,16,0.08,0.05,2,5,,,0,,,0,1.0,0.02582278106904877,0.9748272493596429,0.1,ok
vanderpol_mu2,edmd_rbf,EDMD-RBF,16,0.08,0.05,2,5,,,0,,,0,1.0,0.018730108734358576,0.9816142582085571,0.1,ok
vanderpol_mu2,edmd_poly3,EDMD-polynomial,16,0.08,0.05,3,5,,,0,,,0,1.0,0.009073096070528641,0.9910084848106042,0.1,ok
vanderpol_mu2,edmd_rbf,EDMD-RBF,16,0.08,0.05,3,5,,,0,,,0,1.0,0.02391524400723764,0.9766433363042414,0.1,ok
vanderpol_mu2,edmd_poly3,EDMD-polynomial,16,0.08,0.05,4,5,,,0,,,0,1.0,0.016536700489265973,0.983732313372152,0.1,ok
vanderpol_mu2,edmd_rbf,EDMD-RBF,16,0.08,0.05,4,5,,,0,,,0,1.0,0.025075676607790517,0.9755377313304598,0.1,ok
vanderpol_mu2,edmd_poly3,EDMD-polynomial,16,0.08,0.05,5,5,,,0,,,0,1.0,0.03001854412699545,0.97085630710422,0.1,ok
vanderpol_mu2,edmd_rbf,EDMD-RBF,16,0.08,0.05,5,5,,,0,,,0,1.0,0.033852113956551265,0.9672563285410335,0.1,ok
vanderpol_mu2,edmd_poly3,EDMD-polynomial,16,0.08,0.05,6,5,,,0,,,0,1.0,0.03373900924267735,0.9673621591707228,0.1,ok
vanderpol_mu2,edmd_rbf,EDMD-RBF,16,0.08,0.05,6,5,,,0,,,0,1.0,0.022916045426333676,0.9775973350610775,0.1,ok
vanderpol_mu2,edmd_poly3,EDMD-polynomial,16,0.08,0.05,7,5,,,0,,,0,1.0,0.01030271158516617,0.9898023518426461,0.1,ok
vanderpol_mu2,edmd_rbf,EDMD-RBF,16,0.08,0.05,7,5,,,0,,,0,1.0,0.01986015297069739,0.9805265918931652,0.1,ok
vanderpol_mu2,edmd_poly3,EDMD-polynomial,16,0.08,0.05,8,5,,,0,,,0,1.0,0.02570412259345908,0.974940022149402,0.1,ok
vanderpol_mu2,edmd_rbf,EDMD-RBF,16,0.08,0.05,8,5,,,0,,,0,1.0,0.027190365277712167,0.9735293805346773,0.03,ok
vanderpol_mu2,edmd_poly3,EDMD-polynomial,16,0.08,0.05,9,5,,,0,,,0,1.0,0.03200429390865648,0.9689882163305329,0.1,ok
vanderpol_mu2,edmd_rbf,EDMD-RBF,16,0.08,0.05,9,5,,,0,,,0,1.0,0.025183223562507843,0.9754353924413666,0.1,ok
vanderpol_mu2,edmd_poly3,EDMD-polynomial,16,0.08,0.1,0,5,,,0,,,0,1.0,0.041097110138330874,0.9605251904571417,0.3,ok
vanderpol_mu2,edmd_rbf,EDMD-RBF,16,0.08,0.1,0,5,,,0,,,0,1.0,0.05228781639069026,0.9503103470588155,0.3,ok
vanderpol_mu2,edmd_poly3,EDMD-polynomial,16,0.08,0.1,1,5,,,0,,,0,1.0,0.042889078743789125,0.9588747455333877,0.3,ok
vanderpol_mu2,edmd_rbf,EDMD-RBF,16,0.08,0.1,1,5,,,0,,,0,1.0,0.020442979439084817,0.979966563687545,0.3,ok
vanderpol_mu2,edmd_poly3,EDMD-polynomial,16,0.08,0.1,2,5,,,0,,,0,1.0,0.05097554076003392,0.9514969294878453,0.3,ok
vanderpol_mu2,edmd_rbf,EDMD-RBF,16,0.08,0.1,2,5,,,0,,,0,1.0,0.06718951416891043,0.9370406912016603,0.3,ok
vanderpol_mu2,edmd_poly3,EDMD-polynomial,16,0.08,0.1,3,5,,,0,,,0,1.0,0.027804787469218863,0.9729474042072882,0.3,ok
vanderpol_mu2,edmd_rbf,EDMD-RBF,16,0.08,0.1,3,5,,,0,,,0,0.5,0.9557891629593598,0.25565127850664426,0.3,ok
vanderpol_mu2,edmd_poly3,EDMD-polynomial,16,0.08,0.1,4,5,,,0,,,0,1.0,0.03259693951599211,0.968432078124044,0.3,ok
vanderpol_mu2,edmd_rbf,EDMD-RBF,16,0.08,0.1,4,5,,,0,,,0,1.0,0.04790892479528329,0.9542814039830392,0.1,ok
vanderpol_mu2,edmd_poly3,EDMD-polynomial,16,0.08,0.1,5,5,,,0,,,0,1.0,0.044803192156489216,0.9571180558282801,0.3,ok
vanderpol_mu2,edmd_rbf,EDMD-RBF,16,0.08,0.1,5,5,,,0,,,0,1.0,0.02529129810505763,0.9753325731411151,0.3,ok
vanderpol_mu2,edmd_poly3,EDMD-polynomial,16,0.08,0.1,6,5,,,0,,,0,1.0,0.006186317664688456,0.9938517175635557,0.1,ok
vanderpol_mu2,edmd_rbf,EDMD-RBF,16,0.08,0.1,6,5,,,0,,,0,1.0,0.037856136059467436,0.963524678667701,0.1,ok
vanderpol_mu2,edmd_poly3,EDMD-polynomial,16,0.08,0.1,7,5,,,0,,,0,1.0,0.03732495715887526,0.964018066950684,0.3,ok
vanderpol_mu2,edmd_rbf,EDMD-RBF,16,0.08,0.1,7,5,,,0,,,0,1.0,0.19805901935995732,0.8346834202994715,0.3,ok
vanderpol_mu2,edmd_poly3,EDMD-polynomial,16,0.08,0.1,8,5,,,0,,,0,1.0,0.024132038326399017,0.9764365946740279,0.3,ok
vanderpol_mu2,edmd_rbf,EDMD-RBF,16,0.08,0.1,8,5,,,0,,,0,1.0,0.02951762312355601,0.971328685919917,0.1,ok
vanderpol_mu2,edmd_poly3,EDMD-polynomial,16,0.08,0.1,9,5,,,0,,,0,1.0,0.02835777662099473,0.9724242114313818,0.3,ok
vanderpol_mu2,edmd_rbf,EDMD-RBF,16,0.08,0.1,9,5,,,0,,,0,1.0,0.06033736492336288,0.9430960683652566,0.3,ok
vanderpol_mu2,edmd_poly3,EDMD-polynomial,32,0.16,0.0,0,5,,,0,,,0,1.0,0.003903620119031886,0.9961115588779638,0.003,ok
vanderpol_mu2,edmd_rbf,EDMD-RBF,32,0.16,0.0,0,5,,,0,,,0,1.0,0.004808253974344645,0.9952147547003855,0.01,ok
vanderpol_mu2,edmd_poly3,EDMD-polynomial,32,0.16,0.0,1,5,,,0,,,0,1.0,0.003903620119031886,0.9961115588779638,0.003,ok
vanderpol_mu2,edmd_rbf,EDMD-RBF,32,0.16,0.0,1,5,,,0,,,0,1.0,0.004648087595354246,0.9953734171669211,0.01,ok
vanderpol_mu2,edmd_poly3,EDMD-polynomial,32,0.16,0.0,2,5,,,0,,,0,1.0,0.003903620119031886,0.9961115588779638,0.003,ok
vanderpol_mu2,edmd_rbf,EDMD-RBF,32,0.16,0.0,2,5,,,0,,,0,1.0,0.0051302908649680685,0.9948958946799294,0.03,ok
vanderpol_mu2,edmd_poly3,EDMD-polynomial,32,0.16,0.0,3,5,,,0,,,0,1.0,0.003903620119031886,0.9961115588779638,0.003,ok
vanderpol_mu2,edmd_rbf,EDMD-RBF,32,0.16,0.0,3,5,,,0,,,0,1.0,0.0046097242443448525,0.995411427808135,0.01,ok
vanderpol_mu2,edmd_poly3,EDMD-polynomial,32,0.16,0.0,4,5,,,0,,,0,1.0,0.003903620119031886,0.9961115588779638,0.003,ok
vanderpol_mu2,edmd_rbf,EDMD-RBF,32,0.16,0.0,4,5,,,0,,,0,1.0,0.004845971751152363,0.9951773984397755,0.01,ok
vanderpol_mu2,edmd_poly3,EDMD-polynomial,32,0.16,0.0,5,5,,,0,,,0,1.0,0.003903620119031886,0.9961115588779638,0.003,ok
vanderpol_mu2,edmd_rbf,EDMD-RBF,32,0.16,0.0,5,5,,,0,,,0,1.0,0.004602209346438548,0.9954188739546644,0.01,ok
vanderpol_mu2,edmd_poly3,EDMD-polynomial,32,0.16,0.0,6,5,,,0,,,0,1.0,0.003903620119031886,0.9961115588779638,0.003,ok
vanderpol_mu2,edmd_rbf,EDMD-RBF,32,0.16,0.0,6,5,,,0,,,0,1.0,0.004817342847513885,0.9952057526854959,0.01,ok
vanderpol_mu2,edmd_poly3,EDMD-polynomial,32,0.16,0.0,7,5,,,0,,,0,1.0,0.003903620119031886,0.9961115588779638,0.003,ok
vanderpol_mu2,edmd_rbf,EDMD-RBF,32,0.16,0.0,7,5,,,0,,,0,1.0,0.004811111119818014,0.9952119248418181,0.01,ok
vanderpol_mu2,edmd_poly3,EDMD-polynomial,32,0.16,0.0,8,5,,,0,,,0,1.0,0.003903620119031886,0.9961115588779638,0.003,ok
vanderpol_mu2,edmd_rbf,EDMD-RBF,32,0.16,0.0,8,5,,,0,,,0,1.0,0.004878208675552801,0.9951454727215328,0.03,ok
vanderpol_mu2,edmd_poly3,EDMD-polynomial,32,0.16,0.0,9,5,,,0,,,0,1.0,0.003903620119031886,0.9961115588779638,0.003,ok
vanderpol_mu2,edmd_rbf,EDMD-RBF,32,0.16,0.0,9,5,,,0,,,0,1.0,0.004666066598440215,0.9953556044604569,0.01,ok
vanderpol_mu2,edmd_poly3,EDMD-polynomial,32,0.16,0.01,0,5,,,0,,,0,1.0,0.005493356717106376,0.9945366553837394,0.03,ok
vanderpol_mu2,edmd_rbf,EDMD-RBF,32,0.16,0.01,0,5,,,0,,,0,1.0,0.0066495667018715105,0.993394357955512,0.03,ok
vanderpol_mu2,edmd_poly3,EDMD-polynomial,32,0.16,0.01,1,5,,,0,,,0,1.0,0.0059184611105847044,0.9941163609781548,0.03,ok
vanderpol_mu2,edmd_rbf,EDMD-RBF,32,0.16,0.01,1,5,,,0,,,0,1.0,0.006342913104651598,0.9936970658589097,0.03,ok
vanderpol_mu2,edmd_poly3,EDMD-polynomial,32,0.16,0.01,2,5,,,0,,,0,1.0,0.006084025927092523,0.9939527656037614,0.03,ok
vanderpol_mu2,edmd_rbf,EDMD-RBF,32,0.16,0.01,2,5,,,0,,,0,1.0,0.008278481343305062,0.9917894892170308,0.03,ok
vanderpol_mu2,edmd_poly3,EDMD-polynomial,32,0.16,0.01,3,5,,,0,,,0,1.0,0.003961522857771503,0.9960541088800944,0.03,ok
vanderpol_mu2,edmd_rbf,EDMD-RBF,32,0.16,0.01,3,5,,,0,,,0,1.0,0.004145684906051056,0.9958714308407959,0.03,ok
vanderpol_mu2,edmd_poly3,EDMD-polynomial,32,0.16,0.01,4,5,,,0,,,0,1.0,0.007093814004634212,0.9929561537306777,0.03,ok
vanderpol_mu2,edmd_rbf,EDMD-RBF,32,0.16,0.01,4,5,,,0,,,0,1.0,0.008304572084226167,0.9917638258179668,0.03,ok
vanderpol_mu2,edmd_poly3,EDMD-polynomial,32,0.16,0.01,5,5,,,0,,,0,1.0,0.00398174665049693,0.9960340447784225,0.03,ok
vanderpol_mu2,edmd_rbf,EDMD-RBF,32,0.16,0.01,5,5,,,0,,,0,1.0,0.003919993816740234,0.9960953125339829,0.03,ok
vanderpol_mu2,edmd_poly3,EDMD-polynomial,32,0.16,0.01,6,5,,,0,,,0,1.0,0.005755143518732395,0.9942777886289524,0.03,ok
vanderpol_mu2,edmd_rbf,EDMD-RBF,32,0.16,0.01,6,5,,,0,,,0,1.0,0.009444313376126183,0.9906440471742921,0.03,ok
vanderpol_mu2,edmd_poly3,EDMD-polynomial,32,0.16,0.01,7,5,,,0,,,0,1.0,0.003023165318611377,0.9969859466629056,0.01,ok
vanderpol_mu2,edmd_rbf,EDMD-RBF,32,0.16,0.01,7,5,,,0,,,0,1.0,0.0052455667617583145,0.9947818056252105,0.01,ok
vanderpol_mu2,edmd_poly3,EDMD-polynomial,32,0.16,0.01,8,5,,,0,,,0,1.0,0.0035089722541105568,0.9965032975776702,0.03,ok
vanderpol_mu2,edmd_rbf,EDMD-RBF,32,0.16,0.01,8,5,,,0,,,0,1.0,0.0048947758864897415,0.9951290662426107,0.03,ok
vanderpol_mu2,edmd_poly3,EDMD-polynomial,32,0.16,0.01,9,5,,,0,,,0,1.0,0.005194269257480376,0.9948325717561867,0.01,ok
vanderpol_mu2,edmd_rbf,EDMD-RBF,32,0.16,0.01,9,5,,,0,,,0,1.0,0.004982931959996915,0.995041774540112,0.01,ok
vanderpol_mu2,edmd_poly3,EDMD-polynomial,32,0.16,0.03,0,5,,,0,,,0,1.0,0.01759561841386963,0.9827086338664704,0.03,ok
vanderpol_mu2,edmd_rbf,EDMD-RBF,32,0.16,0.03,0,5,,,0,,,0,1.0,0.024006533662799038,0.9765562690533532,0.1,ok
vanderpol_mu2,edmd_poly3,EDMD-polynomial,32,0.16,0.03,1,5,,,0,,,0,1.0,0.013250956994222072,0.9869223345877406,0.1,ok
vanderpol_mu2,edmd_rbf,EDMD-RBF,32,0.16,0.03,1,5,,,0,,,0,1.0,0.06412890408105833,0.9397357746461762,0.1,ok
vanderpol_mu2,edmd_poly3,EDMD-polynomial,32,0.16,0.03,2,5,,,0,,,0,1.0,0.019096166298338182,0.9812616640805341,0.1,ok
vanderpol_mu2,edmd_rbf,EDMD-RBF,32,0.16,0.03,2,5,,,0,,,0,1.0,0.02000338797722697,0.9803889004556192,0.1,ok
vanderpol_mu2,edmd_poly3,EDMD-polynomial,32,0.16,0.03,3,5,,,0,,,0,1.0,0.029255454761800068,0.9715760993770292,0.1,ok
vanderpol_mu2,edmd_rbf,EDMD-RBF,32,0.16,0.03,3,5,,,0,,,0,1.0,0.01886214466896539,0.9814870492856579,0.1,ok
vanderpol_mu2,edmd_poly3,EDMD-polynomial,32,0.16,0.03,4,5,,,0,,,0,1.0,0.009234233708248185,0.9908502571555478,0.03,ok
vanderpol_mu2,edmd_rbf,EDMD-RBF,32,0.16,0.03,4,5,,,0,,,0,1.0,0.019319520576349263,0.9810466490768023,0.1,ok
vanderpol_mu2,edmd_poly3,EDMD-polynomial,32,0.16,0.03,5,5,,,0,,,0,1.0,0.01580926664420035,0.9844367765058617,0.1,ok
vanderpol_mu2,edmd_rbf,EDMD-RBF,32,0.16,0.03,5,5,,,0,,,0,1.0,0.010251615109596681,0.9898524140359979,0.1,ok
vanderpol_mu2,edmd_poly3,EDMD-polynomial,32,0.16,0.03,6,5,,,0,,,0,1.0,0.020097773894612536,0.9802981886551112,0.1,ok
vanderpol_mu2,edmd_rbf,EDMD-RBF,32,0.16,0.03,6,5,,,0,,,0,1.0,0.01983066967738973,0.9805549389060215,0.1,ok
vanderpol_mu2,edmd_poly3,EDMD-polynomial,32,0.16,0.03,7,5,,,0,,,0,1.0,0.012996091966189203,0.9871706395816748,0.1,ok
vanderpol_mu2,edmd_rbf,EDMD-RBF,32,0.16,0.03,7,5,,,0,,,0,1.0,0.01297445918628966,0.9871917213029123,0.1,ok
vanderpol_mu2,edmd_poly3,EDMD-polynomial,32,0.16,0.03,8,5,,,0,,,0,1.0,0.012512224967870177,0.9876423961515455,0.1,ok
vanderpol_mu2,edmd_rbf,EDMD-RBF,32,0.16,0.03,8,5,,,0,,,0,1.0,0.01655918179071922,0.9837105580399664,0.03,ok
vanderpol_mu2,edmd_poly3,EDMD-polynomial,32,0.16,0.03,9,5,,,0,,,0,1.0,0.018906896982896982,0.981443940522061,0.1,ok
vanderpol_mu2,edmd_rbf,EDMD-RBF,32,0.16,0.03,9,5,,,0,,,0,1.0,0.022901638625384663,0.9776111037849536,0.1,ok
vanderpol_mu2,edmd_poly3,EDMD-polynomial,32,0.16,0.05,0,5,,,0,,,0,1.0,0.04383053457256039,0.958009913371131,0.1,ok
vanderpol_mu2,edmd_rbf,EDMD-RBF,32,0.16,0.05,0,5,,,0,,,0,1.0,0.04061366390372694,0.9609714293474007,0.3,ok
vanderpol_mu2,edmd_poly3,EDMD-polynomial,32,0.16,0.05,1,5,,,0,,,0,1.0,0.044609634094516536,0.9572954023794881,0.1,ok
vanderpol_mu2,edmd_rbf,EDMD-RBF,32,0.16,0.05,1,5,,,0,,,0,1.0,0.03916907497415417,0.9623073127198974,0.1,ok
vanderpol_mu2,edmd_poly3,EDMD-polynomial,32,0.16,0.05,2,5,,,0,,,0,1.0,0.02138287046718456,0.9790647845333416,0.1,ok
vanderpol_mu2,edmd_rbf,EDMD-RBF,32,0.16,0.05,2,5,,,0,,,0,1.0,0.025431290244431245,0.975199420491285,0.1,ok
vanderpol_mu2,edmd_poly3,EDMD-polynomial,32,0.16,0.05,3,5,,,0,,,0,1.0,0.024907628622524804,0.9756976844284001,0.3,ok
vanderpol_mu2,edmd_rbf,EDMD-RBF,32,0.16,0.05,3,5,,,0,,,0,1.0,0.02183929253132543,0.9786274684376008,0.3,ok
vanderpol_mu2,edmd_poly3,EDMD-polynomial,32,0.16,0.05,4,5,,,0,,,0,1.0,0.01762870032410832,0.9826766871664551,0.1,ok
vanderpol_mu2,edmd_rbf,EDMD-RBF,32,0.16,0.05,4,5,,,0,,,0,1.0,0.010987260050501244,0.9891321478670736,0.1,ok
vanderpol_mu2,edmd_poly3,EDMD-polynomial,32,0.16,0.05,5,5,,,0,,,0,1.0,0.02917873046188266,0.971648529455338,0.3,ok
vanderpol_mu2,edmd_rbf,EDMD-RBF,32,0.16,0.05,5,5,,,0,,,0,1.0,0.03923800352567879,0.9622434866771987,0.3,ok
vanderpol_mu2,edmd_poly3,EDMD-polynomial,32,0.16,0.05,6,5,,,0,,,0,1.0,0.030453842484447255,0.9704461847499911,0.1,ok
vanderpol_mu2,edmd_rbf,EDMD-RBF,32,0.16,0.05,6,5,,,0,,,0,1.0,0.04703696040135201,0.9550761222571151,0.1,ok
vanderpol_mu2,edmd_poly3,EDMD-polynomial,32,0.16,0.05,7,5,,,0,,,0,1.0,0.01762273891912397,0.9826824438515966,0.1,ok
vanderpol_mu2,edmd_rbf,EDMD-RBF,32,0.16,0.05,7,5,,,0,,,0,1.0,0.01903263740153007,0.9813228382458268,0.1,ok
vanderpol_mu2,edmd_poly3,EDMD-polynomial,32,0.16,0.05,8,5,,,0,,,0,1.0,0.06722532494597641,0.9370092487737963,0.1,ok
vanderpol_mu2,edmd_rbf,EDMD-RBF,32,0.16,0.05,8,5,,,0,,,0,1.0,0.08220575042440723,0.9240387048468661,0.1,ok
vanderpol_mu2,edmd_poly3,EDMD-polynomial,32,0.16,0.05,9,5,,,0,,,0,1.0,0.03805336379096216,0.9633416112135204,0.1,ok
vanderpol_mu2,edmd_rbf,EDMD-RBF,32,0.16,0.05,9,5,,,0,,,0,1.0,0.03287282120974311,0.9681734086378213,0.1,ok
vanderpol_mu2,edmd_poly3,EDMD-polynomial,32,0.16,0.1,0,5,,,0,,,0,1.0,0.05212707121134175,0.9504555365623979,0.3,ok
vanderpol_mu2,edmd_rbf,EDMD-RBF,32,0.16,0.1,0,5,,,0,,,0,1.0,0.04564121964128841,0.9563509750916803,0.3,ok
vanderpol_mu2,edmd_poly3,EDMD-polynomial,32,0.16,0.1,1,5,,,0,,,0,1.0,0.05571385548247803,0.9472263670755595,0.1,ok
vanderpol_mu2,edmd_rbf,EDMD-RBF,32,0.16,0.1,1,5,,,0,,,0,1.0,0.11925295468299302,0.8934530803032197,0.3,ok
vanderpol_mu2,edmd_poly3,EDMD-polynomial,32,0.16,0.1,2,5,,,0,,,0,1.0,0.08244062929797566,0.9238381976187987,0.3,ok
vanderpol_mu2,edmd_rbf,EDMD-RBF,32,0.16,0.1,2,5,,,0,,,0,1.0,0.13986622159928,0.8772959326726588,0.3,ok
vanderpol_mu2,edmd_poly3,EDMD-polynomial,32,0.16,0.1,3,5,,,0,,,0,1.0,0.055047783148110735,0.9478243696376898,0.3,ok
vanderpol_mu2,edmd_rbf,EDMD-RBF,32,0.16,0.1,3,5,,,0,,,0,0.8888888888888888,0.14562157979341522,0.7759009646528988,0.3,ok
vanderpol_mu2,edmd_poly3,EDMD-polynomial,32,0.16,0.1,4,5,,,0,,,0,1.0,0.03307660983510257,0.9679824230650406,0.3,ok
vanderpol_mu2,edmd_rbf,EDMD-RBF,32,0.16,0.1,4,5,,,0,,,0,1.0,0.153588241505093,0.8668604308026704,0.3,ok
vanderpol_mu2,edmd_poly3,EDMD-polynomial,32,0.16,0.1,5,5,,,0,,,0,1.0,0.034476990946883695,0.9666720562674613,0.1,ok
vanderpol_mu2,edmd_rbf,EDMD-RBF,32,0.16,0.1,5,5,,,0,,,0,1.0,0.05923249493672607,0.9440797981369857,0.3,ok
vanderpol_mu2,edmd_poly3,EDMD-polynomial,32,0.16,0.1,6,5,,,0,,,0,1.0,0.020938636340837282,0.9794907983736576,0.3,ok
vanderpol_mu2,edmd_rbf,EDMD-RBF,32,0.16,0.1,6,5,,,0,,,0,1.0,0.0866564392578849,0.9202540599519519,0.1,ok
vanderpol_mu2,edmd_poly3,EDMD-polynomial,32,0.16,0.1,7,5,,,0,,,0,1.0,0.06332165326710264,0.940449201732567,0.1,ok
vanderpol_mu2,edmd_rbf,EDMD-RBF,32,0.16,0.1,7,5,,,0,,,0,1.0,0.08298722724920239,0.9233719242839171,0.1,ok
vanderpol_mu2,edmd_poly3,EDMD-polynomial,32,0.16,0.1,8,5,,,0,,,0,1.0,0.05505815656113184,0.9478150505555172,0.3,ok
vanderpol_mu2,edmd_rbf,EDMD-RBF,32,0.16,0.1,8,5,,,0,,,0,1.0,0.07737875644465322,0.9281786874097991,0.3,ok
vanderpol_mu2,edmd_poly3,EDMD-polynomial,32,0.16,0.1,9,5,,,0,,,0,0.8571428571428571,0.31685623210328157,0.6509008624076065,0.3,ok
vanderpol_mu2,edmd_rbf,EDMD-RBF,32,0.16,0.1,9,5,,,0,,,0,0.8571428571428571,0.33753769773485165,0.6408364105134731,0.3,ok
vanderpol_mu2,edmd_poly3,EDMD-polynomial,64,0.32,0.0,0,5,,,0,,,0,1.0,0.02967016528603106,0.9711847868508564,0.03,ok
vanderpol_mu2,edmd_rbf,EDMD-RBF,64,0.32,0.0,0,5,,,0,,,0,1.0,0.006055736287076988,0.9939807149160282,0.1,ok
vanderpol_mu2,edmd_poly3,EDMD-polynomial,64,0.32,0.0,1,5,,,0,,,0,1.0,0.02967016528603106,0.9711847868508564,0.03,ok
vanderpol_mu2,edmd_rbf,EDMD-RBF,64,0.32,0.0,1,5,,,0,,,0,1.0,0.00579329414625058,0.994240074794724,0.1,ok
vanderpol_mu2,edmd_poly3,EDMD-polynomial,64,0.32,0.0,2,5,,,0,,,0,1.0,0.02967016528603106,0.9711847868508564,0.03,ok
vanderpol_mu2,edmd_rbf,EDMD-RBF,64,0.32,0.0,2,5,,,0,,,0,1.0,0.006675424155393917,0.9933688416393053,0.1,ok
vanderpol_mu2,edmd_poly3,EDMD-polynomial,64,0.32,0.0,3,5,,,0,,,0,1.0,0.02967016528603106,0.9711847868508564,0.03,ok
vanderpol_mu2,edmd_rbf,EDMD-RBF,64,0.32,0.0,3,5,,,0,,,0,1.0,0.006437205067531903,0.9936039675052554,0.1,ok
vanderpol_mu2,edmd_poly3,EDMD-polynomial,64,0.32,0.0,4,5,,,0,,,0,1.0,0.02967016528603106,0.9711847868508564,0.03,ok
vanderpol_mu2,edmd_rbf,EDMD-RBF,64,0.32,0.0,4,5,,,0,,,0,1.0,0.006829528928073294,0.9932167971520021,0.1,ok
vanderpol_mu2,edmd_poly3,EDMD-polynomial,64,0.32,0.0,5,5,,,0,,,0,1.0,0.02967016528603106,0.9711847868508564,0.03,ok
vanderpol_mu2,edmd_rbf,EDMD-RBF,64,0.32,0.0,5,5,,,0,,,0,1.0,0.006367379443389986,0.9936729075549808,0.1,ok
vanderpol_mu2,edmd_poly3,EDMD-polynomial,64,0.32,0.0,6,5,,,0,,,0,1.0,0.02967016528603106,0.9711847868508564,0.03,ok
vanderpol_mu2,edmd_rbf,EDMD-RBF,64,0.32,0.0,6,5,,,0,,,0,1.0,0.006989316812965804,0.9930591946743921,0.1,ok
vanderpol_mu2,edmd_poly3,EDMD-polynomial,64,0.32,0.0,7,5,,,0,,,0,1.0,0.02967016528603106,0.9711847868508564,0.03,ok
vanderpol_mu2,edmd_rbf,EDMD-RBF,64,0.32,0.0,7,5,,,0,,,0,1.0,0.006666935655145158,0.9933772180062651,0.1,ok
vanderpol_mu2,edmd_poly3,EDMD-polynomial,64,0.32,0.0,8,5,,,0,,,0,1.0,0.02967016528603106,0.9711847868508564,0.03,ok
vanderpol_mu2,edmd_rbf,EDMD-RBF,64,0.32,0.0,8,5,,,0,,,0,1.0,0.006600655911690674,0.9934426270508314,0.1,ok
vanderpol_mu2,edmd_poly3,EDMD-polynomial,64,0.32,0.0,9,5,,,0,,,0,1.0,0.02967016528603106,0.9711847868508564,0.03,ok
vanderpol_mu2,edmd_rbf,EDMD-RBF,64,0.32,0.0,9,5,,,0,,,0,1.0,0.006464653519110416,0.9935768697921912,0.1,ok
vanderpol_mu2,edmd_poly3,EDMD-polynomial,64,0.32,0.01,0,5,,,0,,,0,1.0,0.025777818250979925,0.9748699788664441,0.03,ok
vanderpol_mu2,edmd_rbf,EDMD-RBF,64,0.32,0.01,0,5,,,0,,,0,1.0,0.004659186574458437,0.9953624207724167,0.1,ok
vanderpol_mu2,edmd_poly3,EDMD-polynomial,64,0.32,0.01,1,5,,,0,,,0,1.0,0.03728116562770361,0.9640587654889663,0.1,ok
vanderpol_mu2,edmd_rbf,EDMD-RBF,64,0.32,0.01,1,5,,,0,,,0,1.0,0.00871339506425003,0.9913618723545403,0.1,ok
vanderpol_mu2,edmd_poly3,EDMD-polynomial,64,0.32,0.01,2,5,,,0,,,0,1.0,0.03294727898036725,0.9681036199515527,0.1,ok
vanderpol_mu2,edmd_rbf,EDMD-RBF,64,0.32,0.01,2,5,,,0,,,0,1.0,0.01157784049759257,0.9885546716880458,0.1,ok
vanderpol_mu2,edmd_poly3,EDMD-polynomial,64,0.32,0.01,3,5,,,0,,,0,1.0,0.0238143652484954,0.9767395671941804,0.1,ok
vanderpol_mu2,edmd_rbf,EDMD-RBF,64,0.32,0.01,3,5,,,0,,,0,1.0,0.01126706141260967,0.9888584708802134,0.1,ok
vanderpol_mu2,edmd_poly3,EDMD-polynomial,64,0.32,0.01,4,5,,,0,,,0,1.0,0.012721597656797352,0.9874382084017639,0.03,ok
vanderpol_mu2,edmd_rbf,EDMD-RBF,64,0.32,0.01,4,5,,,0,,,0,1.0,0.025979534139648253,0.9746783115304207,0.1,ok
vanderpol_mu2,edmd_poly3,EDMD-polynomial,64,0.32,0.01,5,5,,,0,,,0,1.0,0.03838437306526958,0.9630345235724606,0.1,ok
vanderpol_mu2,edmd_rbf,EDMD-RBF,64,0.32,0.01,5,5,,,0,,,0,1.0,0.028997446183824157,0.9718197102515997,0.3,ok
vanderpol_mu2,edmd_poly3,EDMD-polynomial,64,0.32,0.01,6,5,,,0,,,0,1.0,0.03453055855947137,0.9666220023432143,0.03,ok
vanderpol_mu2,edmd_rbf,EDMD-RBF,64,0.32,0.01,6,5,,,0,,,0,1.0,0.007895982677229836,0.9921658754346296,0.1,ok
vanderpol_mu2,edmd_poly3,EDMD-polynomial,64,0.32,0.01,7,5,,,0,,,0,1.0,0.03427247301375879,0.9668632068357264,0.03,ok
vanderpol_mu2,edmd_rbf,EDMD-RBF,64,0.32,0.01,7,5,,,0,,,0,1.0,0.011103430853618175,0.9890185014561328,0.1,ok
vanderpol_mu2,edmd_poly3,EDMD-polynomial,64,0.32,0.01,8,5,,,0,,,0,1.0,0.02766200592717676,0.9730825837993109,0.03,ok
vanderpol_mu2,edmd_rbf,EDMD-RBF,64,0.32,0.01,8,5,,,0,,,0,0.8571428571428571,0.35645216890312753,0.631900539357736,1.0,ok
vanderpol_mu2,edmd_poly3,EDMD-polynomial,64,0.32,0.01,9,5,,,0,,,0,1.0,0.029235879697112194,0.971594577808815,0.03,ok
vanderpol_mu2,edmd_rbf,EDMD-RBF,64,0.32,0.01,9,5,,,0,,,0,1.0,0.01646909890053638,0.9837977377587277,0.1,ok
vanderpol_mu2,edmd_poly3,EDMD-polynomial,64,0.32,0.03,0,5,,,0,,,0,1.0,0.03555192479313431,0.9656686217832714,0.1,ok
vanderpol_mu2,edmd_rbf,EDMD-RBF,64,0.32,0.03,0,5,,,0,,,0,1.0,0.02693406251956249,0.973772354523444,0.1,ok
vanderpol_mu2,edmd_poly3,EDMD-polynomial,64,0.32,0.03,1,5,,,0,,,0,1.0,0.008573777933109563,0.9914991068371021,0.03,ok
vanderpol_mu2,edmd_rbf,EDMD-RBF,64,0.32,0.03,1,5,,,0,,,0,0.8571428571428571,0.3163377916401908,0.6511572201196435,0.3,ok
vanderpol_mu2,edmd_poly3,EDMD-polynomial,64,0.32,0.03,2,5,,,0,,,0,1.0,0.05343502718627071,0.9492754410027585,0.3,ok
vanderpol_mu2,edmd_rbf,EDMD-RBF,64,0.32,0.03,2,5,,,0,,,0,0.75,0.33222355087332534,0.5629685794912913,0.3,ok
vanderpol_mu2,edmd_poly3,EDMD-polynomial,64,0.32,0.03,3,5,,,0,,,0,1.0,0.02441449992200915,0.976167362016188,0.1,ok
vanderpol_mu2,edmd_rbf,EDMD-RBF,64,0.32,0.03,3,5,,,0,,,0,0.75,0.4115846636524375,0.5313177589074928,0.3,ok
vanderpol_mu2,edmd_poly3,EDMD-polynomial,64,0.32,0.03,4,5,,,0,,,0,1.0,0.032397306312621575,0.9686193424619308,0.1,ok
vanderpol_mu2,edmd_rbf,EDMD-RBF,64,0.32,0.03,4,5,,,0,,,0,1.0,0.02277223311082831,0.9777347953203961,0.1,ok
vanderpol_mu2,edmd_poly3,EDMD-polynomial,64,0.32,0.03,5,5,,,0,,,0,1.0,0.015781701870052907,0.9844634906880101,0.3,ok
vanderpol_mu2,edmd_rbf,EDMD-RBF,64,0.32,0.03,5,5,,,0,,,0,0.75,0.3879043099356776,0.5403830758582764,0.3,ok
vanderpol_mu2,edmd_poly3,EDMD-polynomial,64,0.32,0.03,6,5,,,0,,,0,1.0,0.07229861196144682,0.9325760463037452,0.3,ok
vanderpol_mu2,edmd_rbf,EDMD-RBF,64,0.32,0.03,6,5,,,0,,,0,1.0,0.03728460513649931,0.9640555687880928,0.1,ok
vanderpol_mu2,edmd_poly3,EDMD-polynomial,64,0.32,0.03,7,5,,,0,,,0,1.0,0.001986213646841939,0.9980177235776398,0.1,ok
vanderpol_mu2,edmd_rbf,EDMD-RBF,64,0.32,0.03,7,5,,,0,,,0,0.8571428571428571,0.31849633282263284,0.6500911954058214,0.3,ok
vanderpol_mu2,edmd_poly3,EDMD-polynomial,64,0.32,0.03,8,5,,,0,,,0,1.0,0.030836170364293713,0.9700862549735753,0.1,ok
vanderpol_mu2,edmd_rbf,EDMD-RBF,64,0.32,0.03,8,5,,,0,,,0,1.0,0.020344944924364117,0.9800607186564027,0.1,ok
vanderpol_mu2,edmd_poly3,EDMD-polynomial,64,0.32,0.03,9,5,,,0,,,0,1.0,0.010123679513257407,0.9899777822076842,0.1,ok
vanderpol_mu2,edmd_rbf,EDMD-RBF,64,0.32,0.03,9,5,,,0,,,0,1.0,0.01839885778250232,0.9819335443653535,0.1,ok
vanderpol_mu2,edmd_poly3,EDMD-polynomial,64,0.32,0.05,0,5,,,0,,,0,1.0,0.021827923203584527,0.9786383570972002,0.1,ok
vanderpol_mu2,edmd_rbf,EDMD-RBF,64,0.32,0.05,0,5,,,0,,,0,1.0,0.06440956475254325,0.9394879876267201,0.1,ok
vanderpol_mu2,edmd_poly3,EDMD-polynomial,64,0.32,0.05,1,5,,,0,,,0,1.0,0.018989514953650605,0.9813643666838767,0.3,ok
vanderpol_mu2,edmd_rbf,EDMD-RBF,64,0.32,0.05,1,5,,,0,,,0,1.0,0.04405756185694753,0.957801596897984,0.1,ok
vanderpol_mu2,edmd_poly3,EDMD-polynomial,64,0.32,0.05,2,5,,,0,,,0,1.0,0.05986628528850363,0.9435152470462747,0.1,ok
vanderpol_mu2,edmd_rbf,EDMD-RBF,64,0.32,0.05,2,5,,,0,,,0,1.0,0.01692740752260939,0.9833543600089931,0.1,ok
vanderpol_mu2,edmd_poly3,EDMD-polynomial,64,0.32,0.05,3,5,,,0,,,0,1.0,0.029997177424104314,0.9708764469635504,0.1,ok
vanderpol_mu2,edmd_rbf,EDMD-RBF,64,0.32,0.05,3,5,,,0,,,0,1.0,0.06528315234230518,0.9387175586145683,0.1,ok
vanderpol_mu2,edmd_poly3,EDMD-polynomial,64,0.32,0.05,4,5,,,0,,,0,1.0,0.040607978860441124,0.9609766793207654,0.3,ok
vanderpol_mu2,edmd_rbf,EDMD-RBF,64,0.32,0.05,4,5,,,0,,,0,1.0,0.0401778603579902,0.9613740477574072,0.3,ok
vanderpol_mu2,edmd_poly3,EDMD-polynomial,64,0.32,0.05,5,5,,,0,,,0,1.0,0.022194782417567442,0.9782871300075754,0.1,ok
vanderpol_mu2,edmd_rbf,EDMD-RBF,64,0.32,0.05,5,5,,,0,,,0,1.0,0.030443433213685655,0.9704559879441995,0.1,ok
vanderpol_mu2,edmd_poly3,EDMD-polynomial,64,0.32,0.05,6,5,,,0,,,0,1.0,0.04557275508039895,0.9564135973714285,0.3,ok
vanderpol_mu2,edmd_rbf,EDMD-RBF,64,0.32,0.05,6,5,,,0,,,0,1.0,0.0462043318405308,0.9558362258362609,0.1,ok
vanderpol_mu2,edmd_poly3,EDMD-polynomial,64,0.32,0.05,7,5,,,0,,,0,1.0,0.0707119875652229,0.9339579752665136,0.1,ok
vanderpol_mu2,edmd_rbf,EDMD-RBF,64,0.32,0.05,7,5,,,0,,,0,1.0,0.05672884435960376,0.9463165554130565,0.3,ok
vanderpol_mu2,edmd_poly3,EDMD-polynomial,64,0.32,0.05,8,5,,,0,,,0,1.0,0.01880535448630763,0.9815417592737432,0.1,ok
vanderpol_mu2,edmd_rbf,EDMD-RBF,64,0.32,0.05,8,5,,,0,,,0,1.0,0.016781290801459518,0.9834956731076041,0.1,ok
vanderpol_mu2,edmd_poly3,EDMD-polynomial,64,0.32,0.05,9,5,,,0,,,0,1.0,0.03625939734261676,0.9650093428000746,0.1,ok
vanderpol_mu2,edmd_rbf,EDMD-RBF,64,0.32,0.05,9,5,,,0,,,0,1.0,0.02114889279458768,0.9792891193989258,0.1,ok
vanderpol_mu2,edmd_poly3,EDMD-polynomial,64,0.32,0.1,0,5,,,0,,,0,1.0,0.14735557054621354,0.8715693945896276,0.3,ok
vanderpol_mu2,edmd_rbf,EDMD-RBF,64,0.32,0.1,0,5,,,0,,,0,0.8571428571428571,0.35392391255069094,0.6330805218795968,1.0,ok
vanderpol_mu2,edmd_poly3,EDMD-polynomial,64,0.32,0.1,1,5,,,0,,,0,1.0,0.0346735733731272,0.9664883937645298,0.3,ok
vanderpol_mu2,edmd_rbf,EDMD-RBF,64,0.32,0.1,1,5,,,0,,,0,0.8571428571428571,0.32244719921732956,0.6481490207322789,0.3,ok
vanderpol_mu2,edmd_poly3,EDMD-polynomial,64,0.32,0.1,2,5,,,0,,,0,1.0,0.08419474709202095,0.9223435205549146,0.1,ok
vanderpol_mu2,edmd_rbf,EDMD-RBF,64,0.32,0.1,2,5,,,0,,,0,0.8571428571428571,0.3957983238189398,0.6140878968801828,0.3,ok
vanderpol_mu2,edmd_poly3,EDMD-polynomial,64,0.32,0.1,3,5,,,0,,,0,1.0,0.07982312587063567,0.9260775918220161,0.3,ok
vanderpol_mu2,edmd_rbf,EDMD-RBF,64,0.32,0.1,3,5,,,0,,,0,1.0,0.07833678995824712,0.9273540598004818,0.3,ok
vanderpol_mu2,edmd_poly3,EDMD-polynomial,64,0.32,0.1,4,5,,,0,,,0,1.0,0.10227686727984947,0.907213087459375,0.1,ok
vanderpol_mu2,edmd_rbf,EDMD-RBF,64,0.32,0.1,4,5,,,0,,,0,1.0,0.05127650072303679,0.9512245344704554,0.3,ok
vanderpol_mu2,edmd_poly3,EDMD-polynomial,64,0.32,0.1,5,5,,,0,,,0,1.0,0.06518195559531594,0.9388067407141848,0.1,ok
vanderpol_mu2,edmd_rbf,EDMD-RBF,64,0.32,0.1,5,5,,,0,,,0,1.0,0.11964999065483681,0.8931362553891878,0.3,ok
vanderpol_mu2,edmd_poly3,EDMD-polynomial,64,0.32,0.1,6,5,,,0,,,0,1.0,0.1290998180662484,0.8856612887535922,0.3,ok
vanderpol_mu2,edmd_rbf,EDMD-RBF,64,0.32,0.1,6,5,,,0,,,0,0.8571428571428571,0.8055103192434255,0.4747371687701188,0.3,ok
vanderpol_mu2,edmd_poly3,EDMD-polynomial,64,0.32,0.1,7,5,,,0,,,0,1.0,0.08064943585948477,0.9253694739632738,0.3,ok
vanderpol_mu2,edmd_rbf,EDMD-RBF,64,0.32,0.1,7,5,,,0,,,0,0.8571428571428571,0.3194233517158079,0.6496344452508054,0.3,ok
vanderpol_mu2,edmd_poly3,EDMD-polynomial,64,0.32,0.1,8,5,,,0,,,0,1.0,0.11146919209333618,0.8997100478481139,0.3,ok
vanderpol_mu2,edmd_rbf,EDMD-RBF,64,0.32,0.1,8,5,,,0,,,0,0.75,0.4349909183012141,0.5226513913327568,0.3,ok
vanderpol_mu2,edmd_poly3,EDMD-polynomial,64,0.32,0.1,9,5,,,0,,,0,1.0,0.06132513597982425,0.9422183326288522,0.3,ok
vanderpol_mu2,edmd_rbf,EDMD-RBF,64,0.32,0.1,9,5,,,0,,,0,1.0,0.10817634676322578,0.9023834545113795,0.3,ok
