setting,system,method,strategy,seed,sparse_factor,noise,support_f1,coef_error,practical_score,threshold,status
ODE,lorenz63,edmd_poly3,baseline,0,64,0.1,0.4,0.9679043036198316,0.2032619163768411,1.0,ok
ODE,lorenz63,edmd_poly3,local_reset,0,64,0.1,0.6666666666666666,1.051508664460865,0.3249640999405021,1.0,ok
ODE,lorenz63,edmd_poly3,global_rollout,0,64,0.1,0.3076923076923077,1.1712343241698069,0.1417130819401342,1.0,ok
ODE,lorenz63,edmd_poly3,residual_corrected,0,64,0.1,0.631578947368421,1.0938099628705271,0.3016410078126442,0.3,ok
ODE,lorenz63,edmd_poly3,two_sided,0,64,0.1,0.5882352941176471,1.1042814159139296,0.2795421228686588,0.3,ok
ODE,lorenz63,edmd_rbf,baseline,0,64,0.1,0.4,0.9679043036198316,0.2032619163768411,1.0,ok
ODE,lorenz63,edmd_rbf,local_reset,0,64,0.1,0.4615384615384615,1.5568075745096877,0.1805135693979511,0.1,ok
ODE,lorenz63,edmd_rbf,global_rollout,0,64,0.1,0.4210526315789473,1.5109505548048352,0.1676865483365417,0.3,ok
ODE,lorenz63,edmd_rbf,residual_corrected,0,64,0.1,0.4444444444444444,1.3458915815330263,0.1894565153577995,0.3,ok
ODE,lorenz63,edmd_rbf,two_sided,0,64,0.1,0.4285714285714285,2.892788125318277,0.1100936950007748,0.1,ok
ODE,lorenz63,edmd_poly3,baseline,1,64,0.1,0.7058823529411765,1.0482119706025883,0.3446334476472688,0.3,ok
ODE,lorenz63,edmd_poly3,local_reset,1,64,0.1,0.7058823529411765,1.0583945571110105,0.3429285947645983,0.3,ok
ODE,lorenz63,edmd_poly3,global_rollout,1,64,0.1,0.5263157894736842,1.906425861647965,0.1810869482062959,0.3,ok
ODE,lorenz63,edmd_poly3,residual_corrected,1,64,0.1,0.4615384615384615,1.2856715472224116,0.201926852569579,0.1,ok
ODE,lorenz63,edmd_poly3,two_sided,1,64,0.1,0.4705882352941176,1.417664487056108,0.1946457987920126,0.3,ok
ODE,lorenz63,edmd_rbf,baseline,1,64,0.1,0.7058823529411765,1.0482119706025883,0.3446334476472688,0.3,ok
ODE,lorenz63,edmd_rbf,local_reset,1,64,0.1,0.7058823529411765,1.284116607793822,0.3090395431356601,0.3,ok
ODE,lorenz63,edmd_rbf,global_rollout,1,64,0.1,0.32,1.4733157949461435,0.1293809713478048,0.3,ok
ODE,lorenz63,edmd_rbf,residual_corrected,1,64,0.1,0.5555555555555556,1.456381338915122,0.2261682853367224,0.3,ok
ODE,lorenz63,edmd_rbf,two_sided,1,64,0.1,0.5,1.0488459802823882,0.2440398179325739,1.0,ok
ODE,lorenz63,edmd_poly3,baseline,2,64,0.1,0.6666666666666666,1.0279323714299915,0.3287420606618002,1.0,ok
ODE,lorenz63,edmd_poly3,local_reset,2,64,0.1,0.3809523809523809,1.4968220910225385,0.1525749000387797,0.3,ok
ODE,lorenz63,edmd_poly3,global_rollout,2,64,0.1,0.4,147.6953012902521,0.0026900648273962,1.0,ok
ODE,lorenz63,edmd_poly3,residual_corrected,2,64,0.1,0.5714285714285714,8.434810991845703,0.0605659797448453,1.0,ok
ODE,lorenz63,edmd_poly3,two_sided,2,64,0.1,0.5263157894736842,6.611934564079925,0.0691434989414286,0.3,ok
ODE,lorenz63,edmd_rbf,baseline,2,64,0.1,0.6666666666666666,1.0279323714299915,0.3287420606618002,1.0,ok
ODE,lorenz63,edmd_rbf,local_reset,2,64,0.1,0.5185185185185185,1.3229361793707448,0.2232168593882673,0.1,ok
ODE,lorenz63,edmd_rbf,global_rollout,2,64,0.1,0.48,1.3806769038343416,0.2016233278975854,0.1,ok
ODE,lorenz63,edmd_rbf,residual_corrected,2,64,0.1,0.6,1.0984374276201343,0.2859270389017355,0.3,ok
ODE,lorenz63,edmd_rbf,two_sided,2,64,0.1,0.5714285714285714,1.171190970820627,0.2631866929755116,0.1,ok
ODE,lorenz63,edmd_poly3,baseline,3,64,0.1,0.6666666666666666,1.0260399188531888,0.3290491270497887,1.0,ok
ODE,lorenz63,edmd_poly3,local_reset,3,64,0.1,0.6,1.346578784608614,0.2556913937582002,0.3,ok
ODE,lorenz63,edmd_poly3,global_rollout,3,64,0.1,0.3076923076923077,1.7120801581649456,0.1134525123698774,1.0,ok
ODE,lorenz63,edmd_poly3,residual_corrected,3,64,0.1,0.6,1.3185086670428212,0.2587870420882573,0.1,ok
ODE,lorenz63,edmd_poly3,two_sided,3,64,0.1,0.6153846153846154,1.2384969436651203,0.2749097411663372,1.0,ok
ODE,lorenz63,edmd_rbf,baseline,3,64,0.1,0.6666666666666666,1.0260399188531888,0.3290491270497887,1.0,ok
ODE,lorenz63,edmd_rbf,local_reset,3,64,0.1,0.5,2.0620634752762315,0.16328858106212,0.3,ok
ODE,lorenz63,edmd_rbf,global_rollout,3,64,0.1,0.4,2.1829780430438683,0.1256684760594458,0.3,ok
ODE,lorenz63,edmd_rbf,residual_corrected,3,64,0.1,0.4444444444444444,0.9376133178683416,0.2293772654976373,0.3,ok
ODE,lorenz63,edmd_rbf,two_sided,3,64,0.1,0.375,2.964434325374266,0.0945910486143815,0.03,ok
ODE,lorenz63,edmd_poly3,baseline,4,64,0.1,0.5333333333333333,1.0381695090754222,0.2616727072790281,0.3,ok
ODE,lorenz63,edmd_poly3,local_reset,4,64,0.1,0.5263157894736842,2.238192085735825,0.1625338384934282,0.3,ok
ODE,lorenz63,edmd_poly3,global_rollout,4,64,0.1,0.4705882352941176,1.9022793877108224,0.1621443604935963,1.0,ok
ODE,lorenz63,edmd_poly3,residual_corrected,4,64,0.1,0.5333333333333333,1.0606966844813572,0.258812147051891,1.0,ok
ODE,lorenz63,edmd_poly3,two_sided,4,64,0.1,0.4,1.60223301494881,0.1537141361677284,0.3,ok
ODE,lorenz63,edmd_rbf,baseline,4,64,0.1,0.5333333333333333,1.0381695090754222,0.2616727072790281,0.3,ok
ODE,lorenz63,edmd_rbf,local_reset,4,64,0.1,0.5714285714285714,1.059249936482162,0.2774935481628562,1.0,ok
ODE,lorenz63,edmd_rbf,global_rollout,4,64,0.1,0.5714285714285714,1.2808981097786345,0.2505278815299775,1.0,ok
ODE,lorenz63,edmd_rbf,residual_corrected,4,64,0.1,0.5555555555555556,2.088076150920111,0.1799034506937351,0.3,ok
ODE,lorenz63,edmd_rbf,two_sided,4,64,0.1,0.631578947368421,1.0703034570043295,0.3050658806715697,0.3,ok
ODE,lorenz63,edmd_poly3,baseline,5,64,0.1,0.6666666666666666,1.0303526020432632,0.3283501919793443,1.0,ok
ODE,lorenz63,edmd_poly3,local_reset,5,64,0.1,0.4705882352941176,1.0462813768238484,0.229972398040657,0.3,ok
ODE,lorenz63,edmd_poly3,global_rollout,5,64,0.1,0.4444444444444444,4.310940324067679,0.0836846993799474,1.0,ok
ODE,lorenz63,edmd_poly3,residual_corrected,5,64,0.1,0.4444444444444444,1.034638254091107,0.2184390485880165,1.0,ok
ODE,lorenz63,edmd_poly3,two_sided,5,64,0.1,0.5555555555555556,1.5791586908504625,0.2154018508152999,0.3,ok
ODE,lorenz63,edmd_rbf,baseline,5,64,0.1,0.6666666666666666,1.0303526020432632,0.3283501919793443,1.0,ok
ODE,lorenz63,edmd_rbf,local_reset,5,64,0.1,0.4166666666666667,1.5557781263543398,0.1630292795646608,0.1,ok
ODE,lorenz63,edmd_rbf,global_rollout,5,64,0.1,0.3888888888888889,2.900497635671795,0.0997023778023414,0.03,ok
ODE,lorenz63,edmd_rbf,residual_corrected,5,64,0.1,0.4117647058823529,1.4754118333562152,0.1663418992887634,0.03,ok
ODE,lorenz63,edmd_rbf,two_sided,5,64,0.1,0.3529411764705882,1.1307195545485655,0.1656441251112306,0.03,ok
ODE,lorenz63,edmd_poly3,baseline,6,64,0.1,0.7058823529411765,1.0646161030934618,0.34189520845233,0.3,ok
ODE,lorenz63,edmd_poly3,local_reset,6,64,0.1,0.5714285714285714,1.075004636835889,0.2753866479546404,1.0,ok
ODE,lorenz63,edmd_poly3,global_rollout,6,64,0.1,0.4,2.2943029210322123,0.1214217421980936,1.0,ok
ODE,lorenz63,edmd_poly3,residual_corrected,6,64,0.1,0.4,0.9560420129183028,0.2044945851665133,1.0,ok
ODE,lorenz63,edmd_poly3,two_sided,6,64,0.1,0.5333333333333333,1.5470414748432149,0.2093932661093251,0.3,ok
ODE,lorenz63,edmd_rbf,baseline,6,64,0.1,0.7058823529411765,1.0646161030934618,0.34189520845233,0.3,ok
ODE,lorenz63,edmd_rbf,local_reset,6,64,0.1,0.4166666666666667,0.8912570145565752,0.2203120271119568,0.1,ok
ODE,lorenz63,edmd_rbf,global_rollout,6,64,0.1,0.5217391304347826,0.8827917481007772,0.2771093143790729,0.1,ok
ODE,lorenz63,edmd_rbf,residual_corrected,6,64,0.1,0.4444444444444444,1.1700851117180875,0.204805075176324,0.3,ok
ODE,lorenz63,edmd_rbf,two_sided,6,64,0.1,0.3888888888888889,1.2539105861639466,0.1725396256959599,0.03,ok
ODE,lorenz63,edmd_poly3,baseline,7,64,0.1,0.5454545454545454,1.050634987769901,0.2659929966608714,1.0,ok
ODE,lorenz63,edmd_poly3,local_reset,7,64,0.1,0.3888888888888889,2.943048212241661,0.0986264605341464,0.03,ok
ODE,lorenz63,edmd_poly3,global_rollout,7,64,0.1,0.625,2.1555442811532948,0.1980640879397115,1.0,ok
ODE,lorenz63,edmd_poly3,residual_corrected,7,64,0.1,0.6153846153846154,1.0299068010876011,0.3031590490040721,1.0,ok
ODE,lorenz63,edmd_poly3,two_sided,7,64,0.1,0.4444444444444444,4.305901673186075,0.0837641689989263,0.3,ok
ODE,lorenz63,edmd_rbf,baseline,7,64,0.1,0.5454545454545454,1.050634987769901,0.2659929966608714,1.0,ok
ODE,lorenz63,edmd_rbf,local_reset,7,64,0.1,0.5,1.1234634174711888,0.2354643813904008,0.3,ok
ODE,lorenz63,edmd_rbf,global_rollout,7,64,0.1,0.3636363636363636,1.2218589622890308,0.1636631171502145,0.3,ok
ODE,lorenz63,edmd_rbf,residual_corrected,7,64,0.1,0.5,1.1804835036827517,0.2293069400229442,0.3,ok
ODE,lorenz63,edmd_rbf,two_sided,7,64,0.1,0.5333333333333333,1.1214457297562648,0.2514008847139392,0.3,ok
ODE,lorenz63,edmd_poly3,baseline,8,64,0.1,0.6153846153846154,1.0249373710853225,0.3039030362972572,0.3,ok
ODE,lorenz63,edmd_poly3,local_reset,8,64,0.1,0.5263157894736842,1.9604634396842735,0.1777815535292726,0.3,ok
ODE,lorenz63,edmd_poly3,global_rollout,8,64,0.1,0.4210526315789473,2.940021783173539,0.1068655593167318,1.0,ok
ODE,lorenz63,edmd_poly3,residual_corrected,8,64,0.1,0.4,0.9481113081770136,0.2053270767029777,1.0,ok
ODE,lorenz63,edmd_poly3,two_sided,8,64,0.1,0.4444444444444444,3.059948830460318,0.1094704546791179,0.3,ok
ODE,lorenz63,edmd_rbf,baseline,8,64,0.1,0.6153846153846154,1.0249373710853225,0.3039030362972572,0.3,ok
ODE,lorenz63,edmd_rbf,local_reset,8,64,0.1,0.6666666666666666,1.0418668336851116,0.3264986019991728,1.0,ok
ODE,lorenz63,edmd_rbf,global_rollout,8,64,0.1,0.4210526315789473,1.0673385478525648,0.2036689307691346,0.3,ok
ODE,lorenz63,edmd_rbf,residual_corrected,8,64,0.1,0.6153846153846154,1.0430695321775874,0.3012059088995925,1.0,ok
ODE,lorenz63,edmd_rbf,two_sided,8,64,0.1,0.4166666666666667,1.3365381222882042,0.1783265005146242,0.1,ok
ODE,lorenz63,edmd_poly3,baseline,9,64,0.1,0.6666666666666666,1.0287223422890253,0.328614050710587,1.0,ok
ODE,lorenz63,edmd_poly3,local_reset,9,64,0.1,0.6153846153846154,1.0463887107376832,0.3007173623249618,1.0,ok
ODE,lorenz63,edmd_poly3,global_rollout,9,64,0.1,0.4210526315789473,1.5925921788444344,0.1624060409557426,0.3,ok
ODE,lorenz63,edmd_poly3,residual_corrected,9,64,0.1,0.5882352941176471,1.302347345492227,0.2554937226432644,0.3,ok
ODE,lorenz63,edmd_poly3,two_sided,9,64,0.1,0.6153846153846154,1.068265147105606,0.2975366172203808,1.0,ok
ODE,lorenz63,edmd_rbf,baseline,9,64,0.1,0.6666666666666666,1.0287223422890253,0.328614050710587,1.0,ok
ODE,lorenz63,edmd_rbf,local_reset,9,64,0.1,0.7272727272727273,1.0523623424904178,0.3543588343129633,1.0,ok
ODE,lorenz63,edmd_rbf,global_rollout,9,64,0.1,0.5,1.445121026835745,0.2044888553623273,0.3,ok
ODE,lorenz63,edmd_rbf,residual_corrected,9,64,0.1,0.5454545454545454,1.1112182848111831,0.2583600897068434,1.0,ok
ODE,lorenz63,edmd_rbf,two_sided,9,64,0.1,0.7272727272727273,1.0466313984005622,0.3553511041807964,1.0,ok
ODE,lorenz63,edmd_poly3,baseline,10,64,0.1,0.6666666666666666,1.0272831623819572,0.3288473357038916,1.0,ok
ODE,lorenz63,edmd_poly3,local_reset,10,64,0.1,0.3809523809523809,1.1828780454204466,0.174518398657954,0.1,ok
ODE,lorenz63,edmd_poly3,global_rollout,10,64,0.1,0.48,1.6322344306200869,0.1823545784586232,0.3,ok
ODE,lorenz63,edmd_poly3,residual_corrected,10,64,0.1,0.5714285714285714,1.027907903359287,0.2817823089904545,1.0,ok
ODE,lorenz63,edmd_poly3,two_sided,10,64,0.1,0.3076923076923077,6.2683101075248295,0.0423334039330209,1.0,ok
ODE,lorenz63,edmd_rbf,baseline,10,64,0.1,0.6666666666666666,1.0272831623819572,0.3288473357038916,1.0,ok
ODE,lorenz63,edmd_rbf,local_reset,10,64,0.1,0.48,2.146100336836969,0.1525698320488351,0.1,ok
ODE,lorenz63,edmd_rbf,global_rollout,10,64,0.1,0.4705882352941176,1.3486102160838696,0.2003688104869048,0.3,ok
ODE,lorenz63,edmd_rbf,residual_corrected,10,64,0.1,0.5,2.074363329293193,0.1626352992295649,0.1,ok
ODE,lorenz63,edmd_rbf,two_sided,10,64,0.1,0.48,2.14458232271057,0.1526434835346428,0.1,ok
ODE,lorenz63,edmd_poly3,baseline,11,64,0.1,0.4444444444444444,1.055681486923714,0.2162029707771249,1.0,ok
ODE,lorenz63,edmd_poly3,local_reset,11,64,0.1,0.5,1.039279733490989,0.2451846069906571,0.3,ok
ODE,lorenz63,edmd_poly3,global_rollout,11,64,0.1,0.4444444444444444,6.738117616000923,0.0574357313367038,1.0,ok
ODE,lorenz63,edmd_poly3,residual_corrected,11,64,0.1,0.5555555555555556,1.4581639177292978,0.2260042756093922,0.3,ok
ODE,lorenz63,edmd_poly3,two_sided,11,64,0.1,0.4285714285714285,1.8764792633317904,0.1489916628409897,0.03,ok
ODE,lorenz63,edmd_rbf,baseline,11,64,0.1,0.4444444444444444,1.055681486923714,0.2162029707771249,1.0,ok
ODE,lorenz63,edmd_rbf,local_reset,11,64,0.1,0.4827586206896552,1.5768161414199553,0.1873469406411087,0.03,ok
ODE,lorenz63,edmd_rbf,global_rollout,11,64,0.1,0.4210526315789473,1.1873553210880128,0.192493934350598,0.3,ok
ODE,lorenz63,edmd_rbf,residual_corrected,11,64,0.1,0.4,1.3822468019481966,0.1679087152820945,0.1,ok
ODE,lorenz63,edmd_rbf,two_sided,11,64,0.1,0.4347826086956521,1.512590750036027,0.1730415542958669,0.1,ok
ODE,lorenz63,edmd_poly3,baseline,12,64,0.1,0.6666666666666666,1.031392807017807,0.3281820553678975,1.0,ok
ODE,lorenz63,edmd_poly3,local_reset,12,64,0.1,0.6153846153846154,1.0500033774559094,0.3001871226906555,1.0,ok
ODE,lorenz63,edmd_poly3,global_rollout,12,64,0.1,0.4,1.1942933740631,0.1822910303280611,1.0,ok
ODE,lorenz63,edmd_poly3,residual_corrected,12,64,0.1,0.6153846153846154,1.0510835389080222,0.3000290352445812,1.0,ok
ODE,lorenz63,edmd_poly3,two_sided,12,64,0.1,0.5882352941176471,1.26223060399214,0.2600244612903711,0.3,ok
ODE,lorenz63,edmd_rbf,baseline,12,64,0.1,0.6666666666666666,1.031392807017807,0.3281820553678975,1.0,ok
ODE,lorenz63,edmd_rbf,local_reset,12,64,0.1,0.5333333333333333,1.1175495621078684,0.2518634476741306,0.3,ok
ODE,lorenz63,edmd_rbf,global_rollout,12,64,0.1,0.4444444444444444,1.0702592289933444,0.2146805763356281,1.0,ok
ODE,lorenz63,edmd_rbf,residual_corrected,12,64,0.1,0.5714285714285714,1.084961265395442,0.2740715527490588,0.3,ok
ODE,lorenz63,edmd_rbf,two_sided,12,64,0.1,0.5,1.0257301778640469,0.2468245798298793,0.3,ok
ODE,lorenz63,edmd_poly3,baseline,13,64,0.1,0.6666666666666666,1.0268617937252882,0.3289157004836333,1.0,ok
ODE,lorenz63,edmd_poly3,local_reset,13,64,0.1,0.631578947368421,1.0753546758196488,0.3043233789034072,0.3,ok
ODE,lorenz63,edmd_poly3,global_rollout,13,64,0.1,0.5333333333333333,1.217956580096582,0.2404615753614568,1.0,ok
ODE,lorenz63,edmd_poly3,residual_corrected,13,64,0.1,0.5882352941176471,1.206294238187778,0.2666168836124125,1.0,ok
ODE,lorenz63,edmd_poly3,two_sided,13,64,0.1,0.5454545454545454,1.047651614694158,0.2663805412699639,1.0,ok
ODE,lorenz63,edmd_rbf,baseline,13,64,0.1,0.6666666666666666,1.0268617937252882,0.3289157004836333,1.0,ok
ODE,lorenz63,edmd_rbf,local_reset,13,64,0.1,0.6666666666666666,1.3412021937312597,0.2847539902583875,0.3,ok
ODE,lorenz63,edmd_rbf,global_rollout,13,64,0.1,0.375,1.0331524362202025,0.1844426385938655,0.3,ok
ODE,lorenz63,edmd_rbf,residual_corrected,13,64,0.1,0.4705882352941176,1.1085957434619316,0.2231761288304116,0.3,ok
ODE,lorenz63,edmd_rbf,two_sided,13,64,0.1,0.5882352941176471,1.5718109926353845,0.2287241542252181,0.3,ok
ODE,lorenz63,edmd_poly3,baseline,14,64,0.1,0.6153846153846154,1.0300163179857411,0.303142693944068,0.3,ok
ODE,lorenz63,edmd_poly3,local_reset,14,64,0.1,0.5263157894736842,1.2008560407255675,0.2391413975900808,0.3,ok
ODE,lorenz63,edmd_poly3,global_rollout,14,64,0.1,0.3333333333333333,3.54419769746474,0.0733536160892172,1.0,ok
ODE,lorenz63,edmd_poly3,residual_corrected,14,64,0.1,0.4615384615384615,1.3826787744097118,0.1937057006993331,1.0,ok
ODE,lorenz63,edmd_poly3,two_sided,14,64,0.1,0.2666666666666666,1.6420264263421396,0.1009326265656865,0.3,ok
ODE,lorenz63,edmd_rbf,baseline,14,64,0.1,0.6153846153846154,1.0300163179857411,0.303142693944068,0.3,ok
ODE,lorenz63,edmd_rbf,local_reset,14,64,0.1,0.5,1.4582585664836347,0.2033960165204324,0.3,ok
ODE,lorenz63,edmd_rbf,global_rollout,14,64,0.1,0.4705882352941176,1.0423249327195163,0.23041790645306,0.3,ok
ODE,lorenz63,edmd_rbf,residual_corrected,14,64,0.1,0.3333333333333333,1.5780793766397274,0.1292952173442388,0.3,ok
ODE,lorenz63,edmd_rbf,two_sided,14,64,0.1,0.4,1.0236095541552603,0.1976665899697122,0.3,ok
ODE,lorenz63,edmd_poly3,baseline,15,64,0.1,0.7272727272727273,1.0223240528305462,0.3596222505759153,1.0,ok
ODE,lorenz63,edmd_poly3,local_reset,15,64,0.1,0.4,1.757977373974245,0.1450338221678737,0.1,ok
ODE,lorenz63,edmd_poly3,global_rollout,15,64,0.1,0.6153846153846154,2.1983394760227544,0.1924075352219544,1.0,ok
ODE,lorenz63,edmd_poly3,residual_corrected,15,64,0.1,0.6666666666666666,1.0550266335514664,0.3244077988004191,1.0,ok
ODE,lorenz63,edmd_poly3,two_sided,15,64,0.1,0.5333333333333333,2.5242387583193806,0.151332917519943,1.0,ok
ODE,lorenz63,edmd_rbf,baseline,15,64,0.1,0.7272727272727273,1.0223240528305462,0.3596222505759153,1.0,ok
ODE,lorenz63,edmd_rbf,local_reset,15,64,0.1,0.4444444444444444,1.6977622667336676,0.1647455930142274,0.1,ok
ODE,lorenz63,edmd_rbf,global_rollout,15,64,0.1,0.2222222222222222,1.0801199259255236,0.1068314472894379,1.0,ok
ODE,lorenz63,edmd_rbf,residual_corrected,15,64,0.1,0.5,2.5326562587597965,0.141536555887703,0.1,ok
ODE,lorenz63,edmd_rbf,two_sided,15,64,0.1,0.3636363636363636,1.015457346306336,0.1804237456589137,0.3,ok
ODE,lorenz63,edmd_poly3,baseline,16,64,0.1,0.6666666666666666,1.02434475659915,0.3293246688803396,1.0,ok
ODE,lorenz63,edmd_poly3,local_reset,16,64,0.1,0.4705882352941176,1.1382168801429424,0.2200844262639336,0.3,ok
ODE,lorenz63,edmd_poly3,global_rollout,16,64,0.1,0.4545454545454545,1.531233312224353,0.1795746967892173,0.3,ok
ODE,lorenz63,edmd_poly3,residual_corrected,16,64,0.1,0.6153846153846154,1.0549066750751734,0.2994708338090844,1.0,ok
ODE,lorenz63,edmd_poly3,two_sided,16,64,0.1,0.6666666666666666,1.0229329684687631,0.3295545018336879,1.0,ok
ODE,lorenz63,edmd_rbf,baseline,16,64,0.1,0.6666666666666666,1.02434475659915,0.3293246688803396,1.0,ok
ODE,lorenz63,edmd_rbf,local_reset,16,64,0.1,0.5263157894736842,1.5778971459147573,0.2041647744975965,0.3,ok
ODE,lorenz63,edmd_rbf,global_rollout,16,64,0.1,0.625,1.4210747446432428,0.2581498160611711,1.0,ok
ODE,lorenz63,edmd_rbf,residual_corrected,16,64,0.1,0.375,1.3252826708114829,0.1612707154735435,0.03,ok
ODE,lorenz63,edmd_rbf,two_sided,16,64,0.1,0.5263157894736842,1.6076068390158795,0.2018386290443684,0.3,ok
ODE,lorenz63,edmd_poly3,baseline,17,64,0.1,0.6666666666666666,1.0226060411689586,0.3296077699250659,0.3,ok
ODE,lorenz63,edmd_poly3,local_reset,17,64,0.1,0.3333333333333333,1.283743169354289,0.1459592032091685,0.1,ok
ODE,lorenz63,edmd_poly3,global_rollout,17,64,0.1,0.5714285714285714,3.2265710476385485,0.1351990928314898,1.0,ok
ODE,lorenz63,edmd_poly3,residual_corrected,17,64,0.1,0.4,1.0810864246597407,0.1922072986783335,1.0,ok
ODE,lorenz63,edmd_poly3,two_sided,17,64,0.1,0.48,4.838866081814784,0.0822077426120399,0.3,ok
ODE,lorenz63,edmd_rbf,baseline,17,64,0.1,0.6666666666666666,1.0226060411689586,0.3296077699250659,0.3,ok
ODE,lorenz63,edmd_rbf,local_reset,17,64,0.1,0.5714285714285714,1.0905247747266449,0.2733421666831434,1.0,ok
ODE,lorenz63,edmd_rbf,global_rollout,17,64,0.1,0.4545454545454545,3.1639501717002285,0.1091620782675826,1.0,ok
ODE,lorenz63,edmd_rbf,residual_corrected,17,64,0.1,0.4705882352941176,1.481043033306047,0.1896735481718138,1.0,ok
ODE,lorenz63,edmd_rbf,two_sided,17,64,0.1,0.5714285714285714,1.0866180409426536,0.2738539398281163,1.0,ok
ODE,lorenz63,edmd_poly3,baseline,18,64,0.1,0.4,1.050400811034116,0.1950838089057625,0.3,ok
ODE,lorenz63,edmd_poly3,local_reset,18,64,0.1,0.6153846153846154,1.0538782039750954,0.2996207926027912,1.0,ok
ODE,lorenz63,edmd_poly3,global_rollout,18,64,0.1,0.4,1.1145145274182688,0.1891687168914289,1.0,ok
ODE,lorenz63,edmd_poly3,residual_corrected,18,64,0.1,0.5882352941176471,1.5329616872583467,0.2322322114371762,0.3,ok
ODE,lorenz63,edmd_poly3,two_sided,18,64,0.1,0.6153846153846154,1.0037887029277606,0.307110532405672,1.0,ok
ODE,lorenz63,edmd_rbf,baseline,18,64,0.1,0.4,1.050400811034116,0.1950838089057625,0.3,ok
ODE,lorenz63,edmd_rbf,local_reset,18,64,0.1,0.6666666666666666,1.0687624433595746,0.3222538522035574,0.3,ok
ODE,lorenz63,edmd_rbf,global_rollout,18,64,0.1,0.5714285714285714,1.1104483505819471,0.2707616944385312,1.0,ok
ODE,lorenz63,edmd_rbf,residual_corrected,18,64,0.1,0.48,1.1229009834930035,0.2261056939218201,0.1,ok
ODE,lorenz63,edmd_rbf,two_sided,18,64,0.1,0.6666666666666666,1.0700074012593237,0.3220600401047304,0.3,ok
ODE,lorenz63,edmd_poly3,baseline,19,64,0.1,0.6153846153846154,1.0293614048727822,0.3032405237958061,0.3,ok
ODE,lorenz63,edmd_poly3,local_reset,19,64,0.1,0.6153846153846154,1.0554977513043464,0.299384718370095,1.0,ok
ODE,lorenz63,edmd_poly3,global_rollout,19,64,0.1,0.4,1.5145706577413829,0.159072881395699,1.0,ok
ODE,lorenz63,edmd_poly3,residual_corrected,19,64,0.1,0.625,1.227098164579719,0.2806342396308091,1.0,ok
ODE,lorenz63,edmd_poly3,two_sided,19,64,0.1,0.5714285714285714,1.0501993078393972,0.2787185466523113,1.0,ok
ODE,lorenz63,edmd_rbf,baseline,19,64,0.1,0.6153846153846154,1.0293614048727822,0.3032405237958061,0.3,ok
ODE,lorenz63,edmd_rbf,local_reset,19,64,0.1,0.4545454545454545,2.1849899733314326,0.1427148777080794,0.3,ok
ODE,lorenz63,edmd_rbf,global_rollout,19,64,0.1,0.5333333333333333,0.9873711856208504,0.2683612086117276,1.0,ok
ODE,lorenz63,edmd_rbf,residual_corrected,19,64,0.1,0.4705882352941176,2.4760132161170403,0.1353816012874079,1.0,ok
ODE,lorenz63,edmd_rbf,two_sided,19,64,0.1,0.4516129032258064,4.112164408679243,0.0883408410064188,0.1,ok
ODE,vanderpol_mu2,edmd_poly3,baseline,0,64,0.1,1.0,0.352821119985164,0.739196029118001,0.3,ok
ODE,vanderpol_mu2,edmd_poly3,local_reset,0,64,0.1,1.0,0.0829899979770113,0.9233695619239016,0.3,ok
ODE,vanderpol_mu2,edmd_poly3,global_rollout,0,64,0.1,0.8,0.9842467478816572,0.4031756639410216,0.1,ok
ODE,vanderpol_mu2,edmd_poly3,residual_corrected,0,64,0.1,1.0,0.1448422850062315,0.8734827609853324,0.3,ok
ODE,vanderpol_mu2,edmd_poly3,two_sided,0,64,0.1,0.75,0.3868993568807247,0.5407746396875005,0.3,ok
ODE,vanderpol_mu2,edmd_rbf,baseline,0,64,0.1,1.0,0.352821119985164,0.739196029118001,0.3,ok
ODE,vanderpol_mu2,edmd_rbf,local_reset,0,64,0.1,1.0,0.1112743521672072,0.8998677941678398,0.3,ok
ODE,vanderpol_mu2,edmd_rbf,global_rollout,0,64,0.1,0.7272727272727273,1.0219024410201585,0.3596972398459439,0.1,ok
ODE,vanderpol_mu2,edmd_rbf,residual_corrected,0,64,0.1,1.0,0.1453613288893523,0.8730869244290725,0.3,ok
ODE,vanderpol_mu2,edmd_rbf,two_sided,0,64,0.1,1.0,0.1703550322621564,0.8544415774990256,0.3,ok
ODE,vanderpol_mu2,edmd_poly3,baseline,1,64,0.1,1.0,0.3602451411825104,0.7351616041286968,0.3,ok
ODE,vanderpol_mu2,edmd_poly3,local_reset,1,64,0.1,0.8571428571428571,0.3246177691897706,0.6470869386473247,0.3,ok
ODE,vanderpol_mu2,edmd_poly3,global_rollout,1,64,0.1,0.6666666666666666,0.9027560592001918,0.3503689626650799,0.3,ok
ODE,vanderpol_mu2,edmd_poly3,residual_corrected,1,64,0.1,1.0,0.0851416377997442,0.92153868690139,0.3,ok
ODE,vanderpol_mu2,edmd_poly3,two_sided,1,64,0.1,0.8571428571428571,0.3693523678850858,0.6259476211128058,0.3,ok
ODE,vanderpol_mu2,edmd_rbf,baseline,1,64,0.1,1.0,0.3602451411825104,0.7351616041286968,0.3,ok
ODE,vanderpol_mu2,edmd_rbf,local_reset,1,64,0.1,1.0,0.0667272657951404,0.9374467420729125,0.3,ok
ODE,vanderpol_mu2,edmd_rbf,global_rollout,1,64,0.1,0.5714285714285714,0.9177608150857756,0.2979665487653699,0.3,ok
ODE,vanderpol_mu2,edmd_rbf,residual_corrected,1,64,0.1,1.0,0.0848731861581911,0.9217667214554832,0.3,ok
ODE,vanderpol_mu2,edmd_rbf,two_sided,1,64,0.1,0.6666666666666666,0.8357894357226129,0.36314985460424,0.3,ok
ODE,vanderpol_mu2,edmd_poly3,baseline,2,64,0.1,1.0,0.3656086262667006,0.7322742261330019,0.3,ok
ODE,vanderpol_mu2,edmd_poly3,local_reset,2,64,0.1,1.0,0.0375338096558227,0.9638240129559984,0.3,ok
ODE,vanderpol_mu2,edmd_poly3,global_rollout,2,64,0.1,0.6666666666666666,0.903773802634388,0.3501816580016766,0.3,ok
ODE,vanderpol_mu2,edmd_poly3,residual_corrected,2,64,0.1,1.0,0.1133022914534251,0.8982286371606151,0.3,ok
ODE,vanderpol_mu2,edmd_poly3,two_sided,2,64,0.1,1.0,0.1660744892805054,0.8575781471876833,0.3,ok
ODE,vanderpol_mu2,edmd_rbf,baseline,2,64,0.1,1.0,0.3656086262667006,0.7322742261330019,0.3,ok
ODE,vanderpol_mu2,edmd_rbf,local_reset,2,64,0.1,1.0,0.0585193601671648,0.9447158338625724,0.3,ok
ODE,vanderpol_mu2,edmd_rbf,global_rollout,2,64,0.1,0.7272727272727273,1.0080961762421845,0.3621702664828018,0.1,ok
ODE,vanderpol_mu2,edmd_rbf,residual_corrected,2,64,0.1,1.0,0.1122296716322544,0.8990948771690729,0.3,ok
ODE,vanderpol_mu2,edmd_rbf,two_sided,2,64,0.1,1.0,0.0837359294062499,0.9227340100718754,0.3,ok
ODE,vanderpol_mu2,edmd_poly3,baseline,3,64,0.1,1.0,0.4383777326718222,0.6952276702326831,0.3,ok
ODE,vanderpol_mu2,edmd_poly3,local_reset,3,64,0.1,1.0,0.1220729952503641,0.8912076168243169,0.3,ok
ODE,vanderpol_mu2,edmd_poly3,global_rollout,3,64,0.1,0.8,1.028123704258757,0.3944532566332712,0.1,ok
ODE,vanderpol_mu2,edmd_poly3,residual_corrected,3,64,0.1,1.0,0.2048269410335891,0.8299947203555447,0.3,ok
ODE,vanderpol_mu2,edmd_poly3,two_sided,3,64,0.1,1.0,0.1332605832657112,0.8824095841384557,0.3,ok
ODE,vanderpol_mu2,edmd_rbf,baseline,3,64,0.1,1.0,0.4383777326718222,0.6952276702326831,0.3,ok
ODE,vanderpol_mu2,edmd_rbf,local_reset,3,64,0.1,1.0,0.2093617576575166,0.8268824391610979,0.3,ok
ODE,vanderpol_mu2,edmd_rbf,global_rollout,3,64,0.1,0.6666666666666666,0.9808389274606802,0.3365577369389112,0.1,ok
ODE,vanderpol_mu2,edmd_rbf,residual_corrected,3,64,0.1,1.0,0.2050231748377788,0.829859558621867,0.3,ok
ODE,vanderpol_mu2,edmd_rbf,two_sided,3,64,0.1,0.4444444444444444,0.8195066781148946,0.2442664540835389,0.3,ok
ODE,vanderpol_mu2,edmd_poly3,baseline,4,64,0.1,1.0,0.3145095166759939,0.7607400230381781,0.3,ok
ODE,vanderpol_mu2,edmd_poly3,local_reset,4,64,0.1,1.0,0.0801273902851924,0.9258167221701176,0.3,ok
ODE,vanderpol_mu2,edmd_poly3,global_rollout,4,64,0.1,0.6666666666666666,0.9000786107690578,0.3508626763588655,0.3,ok
ODE,vanderpol_mu2,edmd_poly3,residual_corrected,4,64,0.1,1.0,0.0762497999905255,0.9291523213372984,0.3,ok
ODE,vanderpol_mu2,edmd_poly3,two_sided,4,64,0.1,1.0,0.0792577923478518,0.9265626869596818,0.3,ok
ODE,vanderpol_mu2,edmd_rbf,baseline,4,64,0.1,1.0,0.3145095166759939,0.7607400230381781,0.3,ok
ODE,vanderpol_mu2,edmd_rbf,local_reset,4,64,0.1,1.0,0.0542415651157047,0.9485492064527437,0.3,ok
ODE,vanderpol_mu2,edmd_rbf,global_rollout,4,64,0.1,0.8,1.035153597014197,0.3930907235570285,0.1,ok
ODE,vanderpol_mu2,edmd_rbf,residual_corrected,4,64,0.1,1.0,0.0760431460986128,0.929330764872839,0.3,ok
ODE,vanderpol_mu2,edmd_rbf,two_sided,4,64,0.1,0.75,0.5132437894037645,0.4956240397295856,0.3,ok
ODE,vanderpol_mu2,edmd_poly3,baseline,5,64,0.1,1.0,0.3025016367486312,0.7677533538431854,0.3,ok
ODE,vanderpol_mu2,edmd_poly3,local_reset,5,64,0.1,1.0,0.0386885417416542,0.9627525093549392,0.3,ok
ODE,vanderpol_mu2,edmd_poly3,global_rollout,5,64,0.1,0.75,0.9844474215588902,0.377938962681528,0.1,ok
ODE,vanderpol_mu2,edmd_poly3,residual_corrected,5,64,0.1,1.0,0.0792283636294982,0.9265879527451916,0.3,ok
ODE,vanderpol_mu2,edmd_poly3,two_sided,5,64,0.1,1.0,0.0400851249155629,0.961459765210259,0.3,ok
ODE,vanderpol_mu2,edmd_rbf,baseline,5,64,0.1,1.0,0.3025016367486312,0.7677533538431854,0.3,ok
ODE,vanderpol_mu2,edmd_rbf,local_reset,5,64,0.1,0.8571428571428571,0.3567566746008499,0.6317587178224302,0.3,ok
ODE,vanderpol_mu2,edmd_rbf,global_rollout,5,64,0.1,0.6666666666666666,0.9047694512998028,0.3499986133291551,0.3,ok
ODE,vanderpol_mu2,edmd_rbf,residual_corrected,5,64,0.1,1.0,0.0792616233259406,0.926559398006128,0.3,ok
ODE,vanderpol_mu2,edmd_rbf,two_sided,5,64,0.1,0.8571428571428571,0.3694103591953401,0.6259211137021854,0.3,ok
ODE,vanderpol_mu2,edmd_poly3,baseline,6,64,0.1,1.0,0.2651773511340226,0.7904030206545074,0.3,ok
ODE,vanderpol_mu2,edmd_poly3,local_reset,6,64,0.1,1.0,0.0613834617962504,0.9421665552501004,0.3,ok
ODE,vanderpol_mu2,edmd_poly3,global_rollout,6,64,0.1,0.7272727272727273,1.0610160835942872,0.3528709615911428,0.1,ok
ODE,vanderpol_mu2,edmd_poly3,residual_corrected,6,64,0.1,1.0,0.0484726107116373,0.953768357688679,0.3,ok
ODE,vanderpol_mu2,edmd_poly3,two_sided,6,64,0.1,0.8571428571428571,0.3222254993717272,0.6482576970041342,0.3,ok
ODE,vanderpol_mu2,edmd_rbf,baseline,6,64,0.1,1.0,0.2651773511340226,0.7904030206545074,0.3,ok
ODE,vanderpol_mu2,edmd_rbf,local_reset,6,64,0.1,1.0,0.0445668395712234,0.957334621507306,0.1,ok
ODE,vanderpol_mu2,edmd_rbf,global_rollout,6,64,0.1,0.6666666666666666,0.8988669365596249,0.351086563166209,0.3,ok
ODE,vanderpol_mu2,edmd_rbf,residual_corrected,6,64,0.1,1.0,0.0496925506312826,0.9526598996997764,0.3,ok
ODE,vanderpol_mu2,edmd_rbf,two_sided,6,64,0.1,1.0,0.1055758918453577,0.9045059750089728,0.3,ok
ODE,vanderpol_mu2,edmd_poly3,baseline,7,64,0.1,1.0,0.3594486678807833,0.7355923203476888,0.3,ok
ODE,vanderpol_mu2,edmd_poly3,local_reset,7,64,0.1,1.0,0.0953987989998531,0.9129095274826332,0.1,ok
ODE,vanderpol_mu2,edmd_poly3,global_rollout,7,64,0.1,0.7272727272727273,1.0686152277757466,0.3515746754193231,0.1,ok
ODE,vanderpol_mu2,edmd_poly3,residual_corrected,7,64,0.1,1.0,0.1598054505609215,0.8622135716954649,0.3,ok
ODE,vanderpol_mu2,edmd_poly3,two_sided,7,64,0.1,1.0,0.094377500634331,0.9137614757434,0.3,ok
ODE,vanderpol_mu2,edmd_rbf,baseline,7,64,0.1,1.0,0.3594486678807833,0.7355923203476888,0.3,ok
ODE,vanderpol_mu2,edmd_rbf,local_reset,7,64,0.1,1.0,0.1311245917036452,0.8840759075831323,0.1,ok
ODE,vanderpol_mu2,edmd_rbf,global_rollout,7,64,0.1,0.5714285714285714,0.9187503664259948,0.2978128793757346,0.3,ok
ODE,vanderpol_mu2,edmd_rbf,residual_corrected,7,64,0.1,1.0,0.1601021393916466,0.8619930659936516,0.3,ok
ODE,vanderpol_mu2,edmd_rbf,two_sided,7,64,0.1,0.8571428571428571,0.3419087525211807,0.6387489876136924,0.3,ok
ODE,vanderpol_mu2,edmd_poly3,baseline,8,64,0.1,1.0,0.3541863609698277,0.738450798813119,0.3,ok
ODE,vanderpol_mu2,edmd_poly3,local_reset,8,64,0.1,1.0,0.0384149731711566,0.9630061447844463,0.3,ok
ODE,vanderpol_mu2,edmd_poly3,global_rollout,8,64,0.1,0.75,1.0020114428514315,0.3746232333876111,0.3,ok
ODE,vanderpol_mu2,edmd_poly3,residual_corrected,8,64,0.1,1.0,0.1143486754932824,0.8973851918990576,0.1,ok
ODE,vanderpol_mu2,edmd_poly3,two_sided,8,64,0.1,1.0,0.1135039580316192,0.8980659590718795,0.3,ok
ODE,vanderpol_mu2,edmd_rbf,baseline,8,64,0.1,1.0,0.3541863609698277,0.738450798813119,0.3,ok
ODE,vanderpol_mu2,edmd_rbf,local_reset,8,64,0.1,1.0,0.0939711050258521,0.9141009258890512,0.3,ok
ODE,vanderpol_mu2,edmd_rbf,global_rollout,8,64,0.1,0.75,0.8392152221641921,0.4077826188919207,0.3,ok
ODE,vanderpol_mu2,edmd_rbf,residual_corrected,8,64,0.1,1.0,0.1143921334287743,0.8973501965804341,0.1,ok
ODE,vanderpol_mu2,edmd_rbf,two_sided,8,64,0.1,0.5,0.7940813063752211,0.2786941696696036,0.3,ok
ODE,vanderpol_mu2,edmd_poly3,baseline,9,64,0.1,1.0,0.3546969445581114,0.7381724776283377,0.3,ok
ODE,vanderpol_mu2,edmd_poly3,local_reset,9,64,0.1,1.0,0.0380924271876522,0.9633053606884984,0.3,ok
ODE,vanderpol_mu2,edmd_poly3,global_rollout,9,64,0.1,0.7272727272727273,1.000311908810651,0.3635796617864213,0.1,ok
ODE,vanderpol_mu2,edmd_poly3,residual_corrected,9,64,0.1,1.0,0.113678588695697,0.8979251376029115,0.3,ok
ODE,vanderpol_mu2,edmd_poly3,two_sided,9,64,0.1,1.0,0.0513878913729877,0.9511237557568964,0.3,ok
ODE,vanderpol_mu2,edmd_rbf,baseline,9,64,0.1,1.0,0.3546969445581114,0.7381724776283377,0.3,ok
ODE,vanderpol_mu2,edmd_rbf,local_reset,9,64,0.1,0.8571428571428571,0.323665848766013,0.6475522942152871,0.3,ok
ODE,vanderpol_mu2,edmd_rbf,global_rollout,9,64,0.1,0.8,1.025867773636457,0.3948925050345168,0.1,ok
ODE,vanderpol_mu2,edmd_rbf,residual_corrected,9,64,0.1,1.0,0.1138025761044472,0.8978251814585717,0.3,ok
ODE,vanderpol_mu2,edmd_rbf,two_sided,9,64,0.1,0.8571428571428571,0.3311635709599154,0.6439049834610203,0.3,ok
ODE,vanderpol_mu2,edmd_poly3,baseline,10,64,0.1,1.0,0.3320752351329319,0.7507083486168159,0.3,ok
ODE,vanderpol_mu2,edmd_poly3,local_reset,10,64,0.1,1.0,0.0675764306234925,0.9367010841705956,0.1,ok
ODE,vanderpol_mu2,edmd_poly3,global_rollout,10,64,0.1,0.8888888888888888,0.9802158587598168,0.4488848450317877,0.1,ok
ODE,vanderpol_mu2,edmd_poly3,residual_corrected,10,64,0.1,1.0,0.0705693734514686,0.934082390920678,0.1,ok
ODE,vanderpol_mu2,edmd_poly3,two_sided,10,64,0.1,1.0,0.0428435373622002,0.9589166199652828,0.1,ok
ODE,vanderpol_mu2,edmd_rbf,baseline,10,64,0.1,1.0,0.3320752351329319,0.7507083486168159,0.3,ok
ODE,vanderpol_mu2,edmd_rbf,local_reset,10,64,0.1,1.0,0.0385343114047777,0.962895485511062,0.1,ok
ODE,vanderpol_mu2,edmd_rbf,global_rollout,10,64,0.1,0.6666666666666666,0.9017406352442,0.3505560402462877,0.3,ok
ODE,vanderpol_mu2,edmd_rbf,residual_corrected,10,64,0.1,1.0,0.0705499476828347,0.934099340403932,0.1,ok
ODE,vanderpol_mu2,edmd_rbf,two_sided,10,64,0.1,1.0,0.0487045041716115,0.9535574568642824,0.1,ok
ODE,vanderpol_mu2,edmd_poly3,baseline,11,64,0.1,1.0,0.2644704597773446,0.7908448886786061,0.3,ok
ODE,vanderpol_mu2,edmd_poly3,local_reset,11,64,0.1,1.0,0.0368994141302427,0.96441369950894,0.3,ok
ODE,vanderpol_mu2,edmd_poly3,global_rollout,11,64,0.1,0.75,0.9631661698571072,0.3820359231509119,0.1,ok
ODE,vanderpol_mu2,edmd_poly3,residual_corrected,11,64,0.1,1.0,0.0487745751193942,0.953493747582657,0.3,ok
ODE,vanderpol_mu2,edmd_poly3,two_sided,11,64,0.1,1.0,0.0727461044712682,0.932187025272748,0.3,ok
ODE,vanderpol_mu2,edmd_rbf,baseline,11,64,0.1,1.0,0.2644704597773446,0.7908448886786061,0.3,ok
ODE,vanderpol_mu2,edmd_rbf,local_reset,11,64,0.1,1.0,0.074113920711927,0.9309999439698128,0.3,ok
ODE,vanderpol_mu2,edmd_rbf,global_rollout,11,64,0.1,0.6666666666666666,0.9021739805855612,0.3504761780315392,0.3,ok
ODE,vanderpol_mu2,edmd_rbf,residual_corrected,11,64,0.1,1.0,0.0488652683238889,0.9534113009557682,0.3,ok
ODE,vanderpol_mu2,edmd_rbf,two_sided,11,64,0.1,1.0,0.047601123983409,0.9545617860713912,0.3,ok
ODE,vanderpol_mu2,edmd_poly3,baseline,12,64,0.1,1.0,0.3005714077975122,0.7688928066575574,0.3,ok
ODE,vanderpol_mu2,edmd_poly3,local_reset,12,64,0.1,1.0,0.0855495157952677,0.9211924333708588,0.3,ok
ODE,vanderpol_mu2,edmd_poly3,global_rollout,12,64,0.1,0.6666666666666666,0.902913396285666,0.350339993384852,0.3,ok
ODE,vanderpol_mu2,edmd_poly3,residual_corrected,12,64,0.1,1.0,0.0658007817245541,0.9382616499698162,0.3,ok
ODE,vanderpol_mu2,edmd_poly3,two_sided,12,64,0.1,0.8571428571428571,0.594591434995026,0.5375313314319481,0.3,ok
ODE,vanderpol_mu2,edmd_rbf,baseline,12,64,0.1,1.0,0.3005714077975122,0.7688928066575574,0.3,ok
ODE,vanderpol_mu2,edmd_rbf,local_reset,12,64,0.1,1.0,0.0723862927507962,0.9324997967242596,0.3,ok
ODE,vanderpol_mu2,edmd_rbf,global_rollout,12,64,0.1,0.5714285714285714,0.9194523218767514,0.297703967384746,0.1,ok
ODE,vanderpol_mu2,edmd_rbf,residual_corrected,12,64,0.1,1.0,0.0661295593363294,0.937972304813033,0.3,ok
ODE,vanderpol_mu2,edmd_rbf,two_sided,12,64,0.1,1.0,0.0487859107719002,0.953483441881867,0.3,ok
ODE,vanderpol_mu2,edmd_poly3,baseline,13,64,0.1,1.0,0.3936210863848881,0.7175551588373581,0.3,ok
ODE,vanderpol_mu2,edmd_poly3,local_reset,13,64,0.1,0.8,0.1551872723750906,0.6925284056802169,0.1,ok
ODE,vanderpol_mu2,edmd_poly3,global_rollout,13,64,0.1,0.6666666666666666,0.9085114576399602,0.3493123732623841,0.3,ok
ODE,vanderpol_mu2,edmd_poly3,residual_corrected,13,64,0.1,1.0,0.1579732432559722,0.8635778122024778,0.3,ok
ODE,vanderpol_mu2,edmd_poly3,two_sided,13,64,0.1,1.0,0.0585546691099443,0.944684322105746,0.3,ok
ODE,vanderpol_mu2,edmd_rbf,baseline,13,64,0.1,1.0,0.3936210863848881,0.7175551588373581,0.3,ok
ODE,vanderpol_mu2,edmd_rbf,local_reset,13,64,0.1,1.0,0.1349029406410959,0.8811326186494057,0.3,ok
ODE,vanderpol_mu2,edmd_rbf,global_rollout,13,64,0.1,0.6666666666666666,0.9097481013035772,0.3490861785444928,0.3,ok
ODE,vanderpol_mu2,edmd_rbf,residual_corrected,13,64,0.1,1.0,0.1635824552420846,0.859414814562453,0.3,ok
ODE,vanderpol_mu2,edmd_rbf,two_sided,13,64,0.1,0.8,0.6677242390160909,0.4796956123105682,0.3,ok
ODE,vanderpol_mu2,edmd_poly3,baseline,14,64,0.1,1.0,0.3266269780252693,0.7537913946907178,0.3,ok
ODE,vanderpol_mu2,edmd_poly3,local_reset,14,64,0.1,1.0,0.0227081993117774,0.9777960132449718,0.3,ok
ODE,vanderpol_mu2,edmd_poly3,global_rollout,14,64,0.1,0.6666666666666666,0.9025855539368044,0.3504003619112995,0.3,ok
ODE,vanderpol_mu2,edmd_poly3,residual_corrected,14,64,0.1,1.0,0.0806484595814417,0.9253703099593752,0.3,ok
ODE,vanderpol_mu2,edmd_poly3,two_sided,14,64,0.1,1.0,0.071270813572921,0.933470778191728,0.3,ok
ODE,vanderpol_mu2,edmd_rbf,baseline,14,64,0.1,1.0,0.3266269780252693,0.7537913946907178,0.3,ok
ODE,vanderpol_mu2,edmd_rbf,local_reset,14,64,0.1,1.0,0.0417439019007212,0.9599288252856032,0.3,ok
ODE,vanderpol_mu2,edmd_rbf,global_rollout,14,64,0.1,0.8,1.0315181898862142,0.3937941604376223,0.1,ok
ODE,vanderpol_mu2,edmd_rbf,residual_corrected,14,64,0.1,1.0,0.0800835383431734,0.9258543108007924,0.3,ok
ODE,vanderpol_mu2,edmd_rbf,two_sided,14,64,0.1,0.8,0.5510497784540683,0.5157797068236973,0.3,ok
ODE,vanderpol_mu2,edmd_poly3,baseline,15,64,0.1,1.0,0.3309811656078114,0.7513254325754007,0.3,ok
ODE,vanderpol_mu2,edmd_poly3,local_reset,15,64,0.1,0.8888888888888888,0.1635556928610203,0.7639418502635106,0.3,ok
ODE,vanderpol_mu2,edmd_poly3,global_rollout,15,64,0.1,0.8571428571428571,0.9429291989370064,0.4411601089796826,0.1,ok
ODE,vanderpol_mu2,edmd_poly3,residual_corrected,15,64,0.1,0.8888888888888888,0.1218641539978755,0.7923320178483678,0.3,ok
ODE,vanderpol_mu2,edmd_poly3,two_sided,15,64,0.1,0.75,0.3551692035705261,0.5534364255208433,0.3,ok
ODE,vanderpol_mu2,edmd_rbf,baseline,15,64,0.1,1.0,0.3309811656078114,0.7513254325754007,0.3,ok
ODE,vanderpol_mu2,edmd_rbf,local_reset,15,64,0.1,0.75,0.4420830376271676,0.52008100811869,0.3,ok
ODE,vanderpol_mu2,edmd_rbf,global_rollout,15,64,0.1,0.6666666666666666,0.9029029422949058,0.3503419180500425,0.3,ok
ODE,vanderpol_mu2,edmd_rbf,residual_corrected,15,64,0.1,0.8888888888888888,0.1219520679261945,0.7922699322903363,0.3,ok
ODE,vanderpol_mu2,edmd_rbf,two_sided,15,64,0.1,1.0,0.2174023091200985,0.8214211460817499,0.3,ok
ODE,vanderpol_mu2,edmd_poly3,baseline,16,64,0.1,1.0,0.3383553622916946,0.7471857087998501,0.3,ok
ODE,vanderpol_mu2,edmd_poly3,local_reset,16,64,0.1,1.0,0.0593474036543569,0.943977392638496,0.3,ok
ODE,vanderpol_mu2,edmd_poly3,global_rollout,16,64,0.1,0.75,0.8334269622118562,0.4090700177634542,0.1,ok
ODE,vanderpol_mu2,edmd_poly3,residual_corrected,16,64,0.1,1.0,0.1101250730232552,0.9007994002663624,0.3,ok
ODE,vanderpol_mu2,edmd_poly3,two_sided,16,64,0.1,0.8571428571428571,0.3279447424184786,0.6454657560387731,0.3,ok
ODE,vanderpol_mu2,edmd_rbf,baseline,16,64,0.1,1.0,0.3383553622916946,0.7471857087998501,0.3,ok
ODE,vanderpol_mu2,edmd_rbf,local_reset,16,64,0.1,0.75,0.6969349909162563,0.4419733248561509,0.3,ok
ODE,vanderpol_mu2,edmd_rbf,global_rollout,16,64,0.1,0.8,1.027309438267991,0.3946116882302245,0.1,ok
ODE,vanderpol_mu2,edmd_rbf,residual_corrected,16,64,0.1,1.0,0.1114264764291479,0.8997446265747195,0.3,ok
ODE,vanderpol_mu2,edmd_rbf,two_sided,16,64,0.1,0.6666666666666666,0.6790197443413722,0.3970570738750779,0.3,ok
ODE,vanderpol_mu2,edmd_poly3,baseline,17,64,0.1,1.0,0.3893597678610875,0.7197559790719253,0.3,ok
ODE,vanderpol_mu2,edmd_poly3,local_reset,17,64,0.1,1.0,0.0941966247570292,0.9139125248371646,0.3,ok
ODE,vanderpol_mu2,edmd_poly3,global_rollout,17,64,0.1,0.7272727272727273,1.0226095672809057,0.3595714857862737,0.1,ok
ODE,vanderpol_mu2,edmd_poly3,residual_corrected,17,64,0.1,1.0,0.1329025905289457,0.8826884220761695,0.3,ok
ODE,vanderpol_mu2,edmd_poly3,two_sided,17,64,0.1,1.0,0.3298573825826911,0.7519603328124694,0.3,ok
ODE,vanderpol_mu2,edmd_rbf,baseline,17,64,0.1,1.0,0.3893597678610875,0.7197559790719253,0.3,ok
ODE,vanderpol_mu2,edmd_rbf,local_reset,17,64,0.1,1.0,0.4819068213302103,0.6748062601549845,0.3,ok
ODE,vanderpol_mu2,edmd_rbf,global_rollout,17,64,0.1,0.5714285714285714,0.9245082618059456,0.2969218593493315,0.3,ok
ODE,vanderpol_mu2,edmd_rbf,residual_corrected,17,64,0.1,1.0,0.1344724366475948,0.8814669865008219,0.3,ok
ODE,vanderpol_mu2,edmd_rbf,two_sided,17,64,0.1,0.6666666666666666,0.8962456616507759,0.3515718876246763,0.3,ok
ODE,vanderpol_mu2,edmd_poly3,baseline,18,64,0.1,0.8888888888888888,0.3149147736369149,0.6760049447389783,0.3,ok
ODE,vanderpol_mu2,edmd_poly3,local_reset,18,64,0.1,0.8888888888888888,0.1710318921963683,0.7590646290782936,0.3,ok
ODE,vanderpol_mu2,edmd_poly3,global_rollout,18,64,0.1,0.8888888888888888,1.0049257901959787,0.4433525137117424,0.1,ok
ODE,vanderpol_mu2,edmd_poly3,residual_corrected,18,64,0.1,0.8888888888888888,0.1690067025968966,0.7603796341922262,0.3,ok
ODE,vanderpol_mu2,edmd_poly3,two_sided,18,64,0.1,0.8888888888888888,0.1852303607853144,0.7499714134051758,0.3,ok
ODE,vanderpol_mu2,edmd_rbf,baseline,18,64,0.1,0.8888888888888888,0.3149147736369149,0.6760049447389783,0.3,ok
ODE,vanderpol_mu2,edmd_rbf,local_reset,18,64,0.1,0.8888888888888888,0.1353654034527325,0.7829099655368308,0.3,ok
ODE,vanderpol_mu2,edmd_rbf,global_rollout,18,64,0.1,0.7272727272727273,1.0426334994226951,0.3560466072245827,0.1,ok
ODE,vanderpol_mu2,edmd_rbf,residual_corrected,18,64,0.1,0.8888888888888888,0.168909580016888,0.7604428127589188,0.3,ok
ODE,vanderpol_mu2,edmd_rbf,two_sided,18,64,0.1,0.6666666666666666,0.3650516484479337,0.4883820091530367,0.3,ok
ODE,vanderpol_mu2,edmd_poly3,baseline,19,64,0.1,1.0,0.3791353399811265,0.7250919985950653,0.3,ok
ODE,vanderpol_mu2,edmd_poly3,local_reset,19,64,0.1,1.0,0.0795808160573472,0.9262854481353436,0.3,ok
ODE,vanderpol_mu2,edmd_poly3,global_rollout,19,64,0.1,0.75,0.820588151422827,0.4119547847292423,0.3,ok
ODE,vanderpol_mu2,edmd_poly3,residual_corrected,19,64,0.1,1.0,0.139423019989605,0.8776371746545222,0.3,ok
ODE,vanderpol_mu2,edmd_poly3,two_sided,19,64,0.1,0.75,0.3442374296397417,0.5579371496901417,0.3,ok
ODE,vanderpol_mu2,edmd_rbf,baseline,19,64,0.1,1.0,0.3791353399811265,0.7250919985950653,0.3,ok
ODE,vanderpol_mu2,edmd_rbf,local_reset,19,64,0.1,0.8888888888888888,0.2062369176927437,0.7369106979324848,0.3,ok
ODE,vanderpol_mu2,edmd_rbf,global_rollout,19,64,0.1,0.6666666666666666,0.9021039263657804,0.350489086019827,0.3,ok
ODE,vanderpol_mu2,edmd_rbf,residual_corrected,19,64,0.1,1.0,0.1396617342497075,0.877453344222658,0.3,ok
ODE,vanderpol_mu2,edmd_rbf,two_sided,19,64,0.1,0.8571428571428571,0.5144897818101194,0.5659614659918003,0.3,ok
PDE,burgers,pod_edmd_rbf,baseline,0,32,0.1,0.6666666666666666,0.7810405509432518,0.3743130196073274,0.1,ok
PDE,burgers,pod_edmd_rbf,local_reset,0,32,0.1,0.6666666666666666,0.7322380448467829,0.3848585756732029,0.1,ok
PDE,burgers,pod_edmd_rbf,global_rollout,0,32,0.1,0.6666666666666666,0.7322377326692335,0.384858645031008,0.1,ok
PDE,burgers,pod_edmd_rbf,residual_corrected,0,32,0.1,0.6666666666666666,0.753728523941159,0.3801424550981612,0.1,ok
PDE,burgers,pod_edmd_rbf,two_sided,0,32,0.1,0.6666666666666666,0.7322380771356797,0.3848585684994436,0.1,ok
PDE,burgers,pod_edmd_rbf,baseline,1,32,0.1,0.6666666666666666,0.774649665914764,0.3756609991657286,0.1,ok
PDE,burgers,pod_edmd_rbf,local_reset,1,32,0.1,0.6666666666666666,0.7100847813287348,0.3898442193893259,0.1,ok
PDE,burgers,pod_edmd_rbf,global_rollout,1,32,0.1,0.6666666666666666,0.7100784109126965,0.3898456716442937,0.1,ok
PDE,burgers,pod_edmd_rbf,residual_corrected,1,32,0.1,0.6666666666666666,0.7475636362364033,0.3814834852608953,0.1,ok
PDE,burgers,pod_edmd_rbf,two_sided,1,32,0.1,0.6666666666666666,0.7100849894900421,0.389844171935262,0.1,ok
PDE,burgers,pod_edmd_rbf,baseline,2,32,0.1,0.6666666666666666,0.7676371560706188,0.377151308670518,0.1,ok
PDE,burgers,pod_edmd_rbf,local_reset,2,32,0.1,0.6666666666666666,0.6815532577644,0.3964588475496696,0.1,ok
PDE,burgers,pod_edmd_rbf,global_rollout,2,32,0.1,0.6666666666666666,0.6815516829413177,0.3964592188451526,0.1,ok
PDE,burgers,pod_edmd_rbf,residual_corrected,2,32,0.1,0.6666666666666666,0.7600226950007616,0.3787829944240453,0.1,ok
PDE,burgers,pod_edmd_rbf,two_sided,2,32,0.1,0.6666666666666666,0.681553381547271,0.3964588183654552,0.1,ok
PDE,burgers,pod_edmd_rbf,baseline,3,32,0.1,0.6666666666666666,0.7244052391541062,0.3866067276585722,0.1,ok
PDE,burgers,pod_edmd_rbf,local_reset,3,32,0.1,0.6666666666666666,0.6383079646335563,0.4069239001812344,0.1,ok
PDE,burgers,pod_edmd_rbf,global_rollout,3,32,0.1,0.6666666666666666,0.6383074768032555,0.4069240213488488,0.1,ok
PDE,burgers,pod_edmd_rbf,residual_corrected,3,32,0.1,0.6666666666666666,0.6792604995669375,0.3970001478856869,0.1,ok
PDE,burgers,pod_edmd_rbf,two_sided,3,32,0.1,0.6666666666666666,0.6383080410237276,0.4069238812073994,0.1,ok
PDE,burgers,pod_edmd_rbf,baseline,4,32,0.1,0.6666666666666666,0.7529897468537057,0.3803026617030765,0.1,ok
PDE,burgers,pod_edmd_rbf,local_reset,4,32,0.1,0.6666666666666666,0.7966800026039051,0.3710547597237545,0.1,ok
PDE,burgers,pod_edmd_rbf,global_rollout,4,32,0.1,0.6666666666666666,0.7966798731910262,0.3710547864504215,0.1,ok
PDE,burgers,pod_edmd_rbf,residual_corrected,4,32,0.1,0.6666666666666666,0.7911620385819881,0.3721978538549463,0.1,ok
PDE,burgers,pod_edmd_rbf,two_sided,4,32,0.1,0.6666666666666666,0.7966800093699794,0.3710547583264083,0.1,ok
PDE,burgers,pod_edmd_rbf,baseline,5,32,0.1,0.6666666666666666,0.7281242181151228,0.3857747375323543,0.1,ok
PDE,burgers,pod_edmd_rbf,local_reset,5,32,0.1,0.6666666666666666,0.7171167904632065,0.3882477128925096,0.1,ok
PDE,burgers,pod_edmd_rbf,global_rollout,5,32,0.1,0.6666666666666666,0.7171155636201049,0.3882479902873678,0.1,ok
PDE,burgers,pod_edmd_rbf,residual_corrected,5,32,0.1,0.6666666666666666,0.7170829412853533,0.3882553664924429,0.1,ok
PDE,burgers,pod_edmd_rbf,two_sided,5,32,0.1,0.6666666666666666,0.7171169011780357,0.3882476878593979,0.1,ok
PDE,burgers,pod_edmd_rbf,baseline,6,32,0.1,0.6666666666666666,0.7433028829327157,0.3824158573897093,0.1,ok
PDE,burgers,pod_edmd_rbf,local_reset,6,32,0.1,0.6666666666666666,0.6823748035017507,0.3962652467684635,0.3,ok
PDE,burgers,pod_edmd_rbf,global_rollout,6,32,0.1,0.6666666666666666,0.6823744603602102,0.3962653275917704,0.3,ok
PDE,burgers,pod_edmd_rbf,residual_corrected,6,32,0.1,0.5,0.7298713791231796,0.2890388303050803,0.1,ok
PDE,burgers,pod_edmd_rbf,two_sided,6,32,0.1,0.6666666666666666,0.6823748331722822,0.3962652397798899,0.3,ok
PDE,burgers,pod_edmd_rbf,baseline,7,32,0.1,0.6666666666666666,0.7314545303200076,0.3850327311474089,0.1,ok
PDE,burgers,pod_edmd_rbf,local_reset,7,32,0.1,0.6666666666666666,0.6684322153328467,0.3995767167164587,0.1,ok
PDE,burgers,pod_edmd_rbf,global_rollout,7,32,0.1,0.6666666666666666,0.6684314534563788,0.3995768991801117,0.1,ok
PDE,burgers,pod_edmd_rbf,residual_corrected,7,32,0.1,0.6666666666666666,0.6969068741939484,0.3928716871886923,0.1,ok
PDE,burgers,pod_edmd_rbf,two_sided,7,32,0.1,0.6666666666666666,0.6684322988712815,0.3995766967096454,0.1,ok
PDE,burgers,pod_edmd_rbf,baseline,8,32,0.1,0.6666666666666666,0.7603189565996531,0.3787192452636216,0.1,ok
PDE,burgers,pod_edmd_rbf,local_reset,8,32,0.1,0.6666666666666666,0.6916573389856725,0.3940908429282752,0.3,ok
PDE,burgers,pod_edmd_rbf,global_rollout,8,32,0.1,0.6666666666666666,0.691652706935384,0.3940919220200977,0.3,ok
PDE,burgers,pod_edmd_rbf,residual_corrected,8,32,0.1,0.5,0.7530506440030263,0.2852170881146185,0.1,ok
PDE,burgers,pod_edmd_rbf,two_sided,8,32,0.1,0.6666666666666666,0.691657494225083,0.3940908067634898,0.3,ok
PDE,burgers,pod_edmd_rbf,baseline,9,32,0.1,0.6666666666666666,0.7772208866570318,0.3751175060296936,0.1,ok
PDE,burgers,pod_edmd_rbf,local_reset,9,32,0.1,0.5,0.7556898151107537,0.2847883468347503,0.1,ok
PDE,burgers,pod_edmd_rbf,global_rollout,9,32,0.1,0.5,0.7556890207825827,0.284788475681832,0.1,ok
PDE,burgers,pod_edmd_rbf,residual_corrected,9,32,0.1,0.5,0.7703035714995529,0.282437435053283,0.1,ok
PDE,burgers,pod_edmd_rbf,two_sided,9,32,0.1,0.5,0.7556898962988954,0.2847883336653194,0.1,ok
PDE,burgers,pod_edmd_rbf,baseline,10,32,0.1,0.6666666666666666,0.736029768636991,0.3840179924968029,0.1,ok
PDE,burgers,pod_edmd_rbf,local_reset,10,32,0.1,0.5,0.8630393166665418,0.2683786625043582,0.1,ok
PDE,burgers,pod_edmd_rbf,global_rollout,10,32,0.1,0.5,0.8630391751899811,0.2683786828846544,0.1,ok
PDE,burgers,pod_edmd_rbf,residual_corrected,10,32,0.1,0.5,0.8852771828195777,0.2652129907243726,0.1,ok
PDE,burgers,pod_edmd_rbf,two_sided,10,32,0.1,0.5,0.8630393388226534,0.268378659312677,0.1,ok
PDE,burgers,pod_edmd_rbf,baseline,11,32,0.1,0.6666666666666666,0.7447386612860172,0.3821011601676081,0.1,ok
PDE,burgers,pod_edmd_rbf,local_reset,11,32,0.1,0.6666666666666666,0.681847204454327,0.3963895560197251,0.1,ok
PDE,burgers,pod_edmd_rbf,global_rollout,11,32,0.1,0.6666666666666666,0.6818454258848597,0.3963899752059063,0.1,ok
PDE,burgers,pod_edmd_rbf,residual_corrected,11,32,0.1,0.6666666666666666,0.7190209994682027,0.3878176397338409,0.1,ok
PDE,burgers,pod_edmd_rbf,two_sided,11,32,0.1,0.6666666666666666,0.6818473416158995,0.3963895236925255,0.1,ok
PDE,burgers,pod_edmd_rbf,baseline,12,32,0.1,0.6666666666666666,0.7431247256967809,0.3824549424598285,0.1,ok
PDE,burgers,pod_edmd_rbf,local_reset,12,32,0.1,0.6666666666666666,0.6604482433568266,0.4014980107533538,0.1,ok
PDE,burgers,pod_edmd_rbf,global_rollout,12,32,0.1,0.6666666666666666,0.6604479125232456,0.4014980907492535,0.1,ok
PDE,burgers,pod_edmd_rbf,residual_corrected,12,32,0.1,0.6666666666666666,0.7061388718035048,0.3907458400276378,0.1,ok
PDE,burgers,pod_edmd_rbf,two_sided,12,32,0.1,0.6666666666666666,0.6604482833306997,0.4014980010876324,0.1,ok
PDE,burgers,pod_edmd_rbf,baseline,13,32,0.1,0.6666666666666666,0.7165611310805348,0.3883733906097568,0.1,ok
PDE,burgers,pod_edmd_rbf,local_reset,13,32,0.1,0.6666666666666666,0.8309614097846048,0.364107437275313,0.1,ok
PDE,burgers,pod_edmd_rbf,global_rollout,13,32,0.1,0.6666666666666666,0.8309612570558964,0.3641074676471509,0.1,ok
PDE,burgers,pod_edmd_rbf,residual_corrected,13,32,0.1,0.6666666666666666,0.8250873719030988,0.3652793159000952,0.1,ok
PDE,burgers,pod_edmd_rbf,two_sided,13,32,0.1,0.6666666666666666,0.8309614663231707,0.3641074260319784,0.1,ok
PDE,burgers,pod_edmd_rbf,baseline,14,32,0.1,0.6666666666666666,0.736779415569731,0.3838522386263854,0.1,ok
PDE,burgers,pod_edmd_rbf,local_reset,14,32,0.1,0.6666666666666666,0.6908631131905708,0.394275953781203,0.3,ok
PDE,burgers,pod_edmd_rbf,global_rollout,14,32,0.1,0.6666666666666666,0.6908620464203427,0.3942762025311528,0.3,ok
PDE,burgers,pod_edmd_rbf,residual_corrected,14,32,0.1,0.5,0.7309498548197917,0.2888587434279283,0.1,ok
PDE,burgers,pod_edmd_rbf,two_sided,14,32,0.1,0.6666666666666666,0.6908632230411604,0.3942759281662122,0.3,ok
PDE,burgers,pod_edmd_rbf,baseline,15,32,0.1,0.6666666666666666,0.7327527072261758,0.384744264941233,0.1,ok
PDE,burgers,pod_edmd_rbf,local_reset,15,32,0.1,0.5,0.8014332301086811,0.277556776261885,0.1,ok
PDE,burgers,pod_edmd_rbf,global_rollout,15,32,0.1,0.5,0.8014327423539599,0.2775568514129716,0.1,ok
PDE,burgers,pod_edmd_rbf,residual_corrected,15,32,0.1,0.5,0.8143387726772059,0.2755824918310095,0.1,ok
PDE,burgers,pod_edmd_rbf,two_sided,15,32,0.1,0.5,0.8014332784032682,0.2775567688208711,0.1,ok
PDE,burgers,pod_edmd_rbf,baseline,16,32,0.1,0.6666666666666666,0.755360230796504,0.3797890911338256,0.1,ok
PDE,burgers,pod_edmd_rbf,local_reset,16,32,0.1,0.6666666666666666,0.6951396972394875,0.393281254490308,0.1,ok
PDE,burgers,pod_edmd_rbf,global_rollout,16,32,0.1,0.6666666666666666,0.6951386455694667,0.3932814984833915,0.1,ok
PDE,burgers,pod_edmd_rbf,residual_corrected,16,32,0.1,0.6666666666666666,0.7338625811916506,0.3844979838070439,0.1,ok
PDE,burgers,pod_edmd_rbf,two_sided,16,32,0.1,0.6666666666666666,0.6951398491354672,0.3932812192496513,0.1,ok
PDE,burgers,pod_edmd_rbf,baseline,17,32,0.1,0.6666666666666666,0.7600462386175585,0.3787779275562129,0.1,ok
PDE,burgers,pod_edmd_rbf,local_reset,17,32,0.1,0.6666666666666666,0.6832462799303894,0.3960600861653094,0.3,ok
PDE,burgers,pod_edmd_rbf,global_rollout,17,32,0.1,0.6666666666666666,0.6832461648231147,0.3960601132495221,0.3,ok
PDE,burgers,pod_edmd_rbf,residual_corrected,17,32,0.1,0.5,0.7340259351708843,0.2883463216198818,0.1,ok
PDE,burgers,pod_edmd_rbf,two_sided,17,32,0.1,0.6666666666666666,0.6832463513736846,0.3960600693550323,0.3,ok
PDE,burgers,pod_edmd_rbf,baseline,18,32,0.1,0.6666666666666666,0.7467130608996942,0.3816692515731696,0.1,ok
PDE,burgers,pod_edmd_rbf,local_reset,18,32,0.1,0.5,0.7253296022597552,0.2897996993415772,0.1,ok
PDE,burgers,pod_edmd_rbf,global_rollout,18,32,0.1,0.5,0.7253292159186141,0.2897997642344367,0.1,ok
PDE,burgers,pod_edmd_rbf,residual_corrected,18,32,0.1,0.5,0.7731322143695182,0.2819868681804913,0.1,ok
PDE,burgers,pod_edmd_rbf,two_sided,18,32,0.1,0.5,0.7253296756083342,0.2897996870213833,0.1,ok
PDE,burgers,pod_edmd_rbf,baseline,19,32,0.1,0.6666666666666666,0.7617737426208926,0.3784065175559398,0.1,ok
PDE,burgers,pod_edmd_rbf,local_reset,19,32,0.1,0.4444444444444444,0.9270840014179156,0.2306305506752324,0.0001,ok
PDE,burgers,pod_edmd_rbf,global_rollout,19,32,0.1,0.4444444444444444,0.9270838108883848,0.230630573477526,0.0001,ok
PDE,burgers,pod_edmd_rbf,residual_corrected,19,32,0.1,0.4,0.9369157205959862,0.2065138899677682,0.0,ok
PDE,burgers,pod_edmd_rbf,two_sided,19,32,0.1,0.4444444444444444,0.9270840311433484,0.2306305471177369,0.0001,ok
PDE,fisher_kpp,pod_edmd_rbf,baseline,0,32,0.1,0.8,0.0544336360258597,0.7587011383809652,0.1,ok
PDE,fisher_kpp,pod_edmd_rbf,local_reset,0,32,0.1,0.8,0.0950865485887881,0.7305358658920073,0.3,ok
PDE,fisher_kpp,pod_edmd_rbf,global_rollout,0,32,0.1,0.8,0.0950863492475822,0.7305359988732106,0.3,ok
PDE,fisher_kpp,pod_edmd_rbf,residual_corrected,0,32,0.1,0.8,0.0970307152872783,0.7292412043271777,0.1,ok
PDE,fisher_kpp,pod_edmd_rbf,two_sided,0,32,0.1,0.8,0.0950865459269947,0.7305358676676985,0.3,ok
PDE,fisher_kpp,pod_edmd_rbf,baseline,1,32,0.1,0.8,0.0515696782534567,0.7607674665255786,0.3,ok
PDE,fisher_kpp,pod_edmd_rbf,local_reset,1,32,0.1,0.8,0.0752438262644543,0.7440172921329952,0.3,ok
PDE,fisher_kpp,pod_edmd_rbf,global_rollout,1,32,0.1,0.8,0.0752482735846789,0.7440142148128711,0.3,ok
PDE,fisher_kpp,pod_edmd_rbf,residual_corrected,1,32,0.1,0.8,0.075165983920365,0.7440711592111289,0.3,ok
PDE,fisher_kpp,pod_edmd_rbf,two_sided,1,32,0.1,0.8,0.0752439007066547,0.7440172406225571,0.3,ok
PDE,fisher_kpp,pod_edmd_rbf,baseline,2,32,0.1,0.8,0.0539881974024122,0.7590217821903752,0.1,ok
PDE,fisher_kpp,pod_edmd_rbf,local_reset,2,32,0.1,0.8,0.021780860496801,0.7829467461457746,0.3,ok
PDE,fisher_kpp,pod_edmd_rbf,global_rollout,2,32,0.1,0.8,0.0217820575872255,0.7829458288679209,0.3,ok
PDE,fisher_kpp,pod_edmd_rbf,residual_corrected,2,32,0.1,0.8,0.0213564650474161,0.7832720772593929,0.3,ok
PDE,fisher_kpp,pod_edmd_rbf,two_sided,2,32,0.1,0.8,0.0217808604815309,0.7829467461574754,0.3,ok
PDE,fisher_kpp,pod_edmd_rbf,baseline,3,32,0.1,0.8,0.1018323011843376,0.7260633030453871,0.3,ok
PDE,fisher_kpp,pod_edmd_rbf,local_reset,3,32,0.1,0.8,0.0586208396249167,0.7557002186764531,0.3,ok
PDE,fisher_kpp,pod_edmd_rbf,global_rollout,3,32,0.1,0.8,0.0586208949085707,0.7557001792120239,0.3,ok
PDE,fisher_kpp,pod_edmd_rbf,residual_corrected,3,32,0.1,0.8,0.0587966039342167,0.7555747695330767,0.3,ok
PDE,fisher_kpp,pod_edmd_rbf,two_sided,3,32,0.1,0.8,0.0586208230046012,0.7557002305409242,0.3,ok
PDE,fisher_kpp,pod_edmd_rbf,baseline,4,32,0.1,0.8,0.0230195987146192,0.7819987036467007,0.1,ok
PDE,fisher_kpp,pod_edmd_rbf,local_reset,4,32,0.1,0.8,0.0376111367540948,0.7710017478249113,0.3,ok
PDE,fisher_kpp,pod_edmd_rbf,global_rollout,4,32,0.1,0.8,0.037611261989619,0.7710016547680878,0.3,ok
PDE,fisher_kpp,pod_edmd_rbf,residual_corrected,4,32,0.1,0.8,0.036734034895172,0.7716540337955539,0.3,ok
PDE,fisher_kpp,pod_edmd_rbf,two_sided,4,32,0.1,0.8,0.0376111507585068,0.7710017374188682,0.3,ok
PDE,fisher_kpp,pod_edmd_rbf,baseline,5,32,0.1,0.8,0.0778448209224795,0.742221871340733,0.3,ok
PDE,fisher_kpp,pod_edmd_rbf,local_reset,5,32,0.1,0.8,0.0933167584613735,0.7317184098831901,0.3,ok
PDE,fisher_kpp,pod_edmd_rbf,global_rollout,5,32,0.1,0.8,0.093315874869662,0.7317190012404885,0.3,ok
PDE,fisher_kpp,pod_edmd_rbf,residual_corrected,5,32,0.1,0.8,0.0946812845926829,0.730806318934803,0.3,ok
PDE,fisher_kpp,pod_edmd_rbf,two_sided,5,32,0.1,0.8,0.093316775194633,0.7317183986842088,0.3,ok
PDE,fisher_kpp,pod_edmd_rbf,baseline,6,32,0.1,0.8,0.0369695649783711,0.7714787656440873,0.1,ok
PDE,fisher_kpp,pod_edmd_rbf,local_reset,6,32,0.1,0.8,0.0239085805411592,0.7813197537393247,0.3,ok
PDE,fisher_kpp,pod_edmd_rbf,global_rollout,6,32,0.1,0.8,0.0239091994206014,0.7813192814877483,0.3,ok
PDE,fisher_kpp,pod_edmd_rbf,residual_corrected,6,32,0.1,0.8,0.0235322561821018,0.7816070232941129,0.3,ok
PDE,fisher_kpp,pod_edmd_rbf,two_sided,6,32,0.1,0.8,0.0239086080584084,0.7813197327415813,0.3,ok
PDE,fisher_kpp,pod_edmd_rbf,baseline,7,32,0.1,0.8,0.0738841544891302,0.7449593111657162,0.1,ok
PDE,fisher_kpp,pod_edmd_rbf,local_reset,7,32,0.1,0.8,0.0289658120107991,0.7774796700355326,0.3,ok
PDE,fisher_kpp,pod_edmd_rbf,global_rollout,7,32,0.1,0.8,0.0289662291007325,0.7774793548853025,0.3,ok
PDE,fisher_kpp,pod_edmd_rbf,residual_corrected,7,32,0.1,0.8,0.0299493234807583,0.7767372449902344,0.3,ok
PDE,fisher_kpp,pod_edmd_rbf,two_sided,7,32,0.1,0.8,0.0289658129234107,0.7774796693459695,0.3,ok
PDE,fisher_kpp,pod_edmd_rbf,baseline,8,32,0.1,0.8,0.0629366256243731,0.7526318885945594,0.1,ok
PDE,fisher_kpp,pod_edmd_rbf,local_reset,8,32,0.1,0.8,0.273232981779184,0.6283217694236133,0.3,ok
PDE,fisher_kpp,pod_edmd_rbf,global_rollout,8,32,0.1,0.8,0.2732145824751926,0.6283308493410122,0.3,ok
PDE,fisher_kpp,pod_edmd_rbf,residual_corrected,8,32,0.1,0.8,0.2722929639351823,0.6287859971539986,0.3,ok
PDE,fisher_kpp,pod_edmd_rbf,two_sided,8,32,0.1,0.8,0.2732329082672553,0.6283218057006721,0.3,ok
PDE,fisher_kpp,pod_edmd_rbf,baseline,9,32,0.1,0.8,0.0687732776854431,0.748521708675666,0.03,ok
PDE,fisher_kpp,pod_edmd_rbf,local_reset,9,32,0.1,0.8,0.0923062754795463,0.7323953161843574,0.3,ok
PDE,fisher_kpp,pod_edmd_rbf,global_rollout,9,32,0.1,0.8,0.0923089442843145,0.7323935267454607,0.3,ok
PDE,fisher_kpp,pod_edmd_rbf,residual_corrected,9,32,0.1,0.8,0.0948926298766786,0.7306652526194343,0.3,ok
PDE,fisher_kpp,pod_edmd_rbf,two_sided,9,32,0.1,0.8,0.0923063095148729,0.7323952933635482,0.3,ok
PDE,fisher_kpp,pod_edmd_rbf,baseline,10,32,0.1,0.8,0.0589485020266343,0.755466388090588,0.1,ok
PDE,fisher_kpp,pod_edmd_rbf,local_reset,10,32,0.1,0.8,0.0277632719361593,0.778389364403842,0.1,ok
PDE,fisher_kpp,pod_edmd_rbf,global_rollout,10,32,0.1,0.8,0.0277630610088658,0.7783895241522977,0.1,ok
PDE,fisher_kpp,pod_edmd_rbf,residual_corrected,10,32,0.1,0.8,0.0250159404547148,0.7804756671833867,0.1,ok
PDE,fisher_kpp,pod_edmd_rbf,two_sided,10,32,0.1,0.8,0.0277632453688235,0.7783893845249464,0.1,ok
PDE,fisher_kpp,pod_edmd_rbf,baseline,11,32,0.1,0.8,0.0659119979517191,0.7505310021252208,0.3,ok
PDE,fisher_kpp,pod_edmd_rbf,local_reset,11,32,0.1,0.8,0.0726251350320018,0.7458337250097462,0.1,ok
PDE,fisher_kpp,pod_edmd_rbf,global_rollout,11,32,0.1,0.8,0.0726272056992922,0.7458322852052268,0.1,ok
PDE,fisher_kpp,pod_edmd_rbf,residual_corrected,11,32,0.1,0.8,0.0729672400601907,0.7455959232782561,0.1,ok
PDE,fisher_kpp,pod_edmd_rbf,two_sided,11,32,0.1,0.8,0.0726251209699061,0.7458337347876128,0.1,ok
PDE,fisher_kpp,pod_edmd_rbf,baseline,12,32,0.1,0.8,0.0381765151833809,0.7705818695568258,0.3,ok
PDE,fisher_kpp,pod_edmd_rbf,local_reset,12,32,0.1,0.8,0.0519530001656405,0.7604902499199413,0.1,ok
PDE,fisher_kpp,pod_edmd_rbf,global_rollout,12,32,0.1,0.8,0.0520187433602128,0.7604427250457065,0.1,ok
PDE,fisher_kpp,pod_edmd_rbf,residual_corrected,12,32,0.1,0.8,0.0541889100499722,0.7588772679861308,0.3,ok
PDE,fisher_kpp,pod_edmd_rbf,two_sided,12,32,0.1,0.8,0.0519530160701824,0.7604902384220428,0.1,ok
PDE,fisher_kpp,pod_edmd_rbf,baseline,13,32,0.1,0.8,0.0322527427999832,0.7750039954652984,0.1,ok
PDE,fisher_kpp,pod_edmd_rbf,local_reset,13,32,0.1,0.8,0.0214629594313329,0.7831904158770228,0.3,ok
PDE,fisher_kpp,pod_edmd_rbf,global_rollout,13,32,0.1,0.8,0.0214631332636378,0.7831902825939009,0.3,ok
PDE,fisher_kpp,pod_edmd_rbf,residual_corrected,13,32,0.1,0.8,0.0215268507916853,0.7831414312604689,0.1,ok
PDE,fisher_kpp,pod_edmd_rbf,two_sided,13,32,0.1,0.8,0.0214629553526869,0.7831904190042596,0.3,ok
PDE,fisher_kpp,pod_edmd_rbf,baseline,14,32,0.1,0.8,0.0567595702504691,0.7570312325729751,0.03,ok
PDE,fisher_kpp,pod_edmd_rbf,local_reset,14,32,0.1,0.8,0.0603678803524498,0.7544551422418533,0.1,ok
PDE,fisher_kpp,pod_edmd_rbf,global_rollout,14,32,0.1,0.8,0.0603678629939427,0.7544551545924869,0.1,ok
PDE,fisher_kpp,pod_edmd_rbf,residual_corrected,14,32,0.1,0.8,0.060176604622824,0.7545912600897411,0.1,ok
PDE,fisher_kpp,pod_edmd_rbf,two_sided,14,32,0.1,0.8,0.0603679065195807,0.7544551236238564,0.1,ok
PDE,fisher_kpp,pod_edmd_rbf,baseline,15,32,0.1,0.8,0.0429370231385285,0.7670645324226253,0.1,ok
PDE,fisher_kpp,pod_edmd_rbf,local_reset,15,32,0.1,0.8,0.0447490515159069,0.7657341242274576,0.3,ok
PDE,fisher_kpp,pod_edmd_rbf,global_rollout,15,32,0.1,0.8,0.0447492060005702,0.7657340110001131,0.3,ok
PDE,fisher_kpp,pod_edmd_rbf,residual_corrected,15,32,0.1,0.8,0.0439549403551263,0.7663165995726412,0.1,ok
PDE,fisher_kpp,pod_edmd_rbf,two_sided,15,32,0.1,0.8,0.0447490507248408,0.7657341248072583,0.3,ok
PDE,fisher_kpp,pod_edmd_rbf,baseline,16,32,0.1,0.8,0.0368641962683022,0.7715571652287909,0.1,ok
PDE,fisher_kpp,pod_edmd_rbf,local_reset,16,32,0.1,0.8,0.026181148632908,0.7795894526670759,0.3,ok
PDE,fisher_kpp,pod_edmd_rbf,global_rollout,16,32,0.1,0.8,0.0261799496095786,0.779590363565736,0.3,ok
PDE,fisher_kpp,pod_edmd_rbf,residual_corrected,16,32,0.1,0.8,0.0254721858150419,0.7801284238286411,0.3,ok
PDE,fisher_kpp,pod_edmd_rbf,two_sided,16,32,0.1,0.8,0.0261811287801387,0.7795894677492179,0.3,ok
PDE,fisher_kpp,pod_edmd_rbf,baseline,17,32,0.1,0.8,0.0223216353562719,0.7825325928089213,0.3,ok
PDE,fisher_kpp,pod_edmd_rbf,local_reset,17,32,0.1,0.8,0.0354758203904187,0.7725916764510888,0.1,ok
PDE,fisher_kpp,pod_edmd_rbf,global_rollout,17,32,0.1,0.8,0.0354750073565822,0.7725922830743006,0.1,ok
PDE,fisher_kpp,pod_edmd_rbf,residual_corrected,17,32,0.1,0.5714285714285714,0.441649426156459,0.3963713792416517,0.3,ok
PDE,fisher_kpp,pod_edmd_rbf,two_sided,17,32,0.1,0.8,0.0354758194389844,0.772591677160975,0.1,ok
PDE,fisher_kpp,pod_edmd_rbf,baseline,18,32,0.1,0.8,0.0347942084820779,0.773100577334605,0.3,ok
PDE,fisher_kpp,pod_edmd_rbf,local_reset,18,32,0.1,0.8,0.0254146940095797,0.7801721631975425,0.3,ok
PDE,fisher_kpp,pod_edmd_rbf,global_rollout,18,32,0.1,0.8,0.0254142662011059,0.7801724886896617,0.3,ok
PDE,fisher_kpp,pod_edmd_rbf,residual_corrected,18,32,0.1,0.5714285714285714,0.5459227042744291,0.3696359267178035,0.1,ok
PDE,fisher_kpp,pod_edmd_rbf,two_sided,18,32,0.1,0.8,0.0254147304467751,0.7801721354748226,0.3,ok
PDE,fisher_kpp,pod_edmd_rbf,baseline,19,32,0.1,0.8,0.0244324648351325,0.7809201948014682,0.1,ok
PDE,fisher_kpp,pod_edmd_rbf,local_reset,19,32,0.1,0.8,0.0757501642865982,0.7436670953525101,0.3,ok
PDE,fisher_kpp,pod_edmd_rbf,global_rollout,19,32,0.1,0.8,0.0757546263382631,0.7436640107448127,0.3,ok
PDE,fisher_kpp,pod_edmd_rbf,residual_corrected,19,32,0.1,0.8,0.0758293944131738,0.7436123275255657,0.3,ok
PDE,fisher_kpp,pod_edmd_rbf,two_sided,19,32,0.1,0.8,0.0757501735538796,0.7436670889460298,0.3,ok
